Workbook

Sheet Sheet1
A1: Time point | B1: A1 | C1: A2 | D1: A3 | E1: A4 | F1: A5 | G1: A6 | H1: A7 | I1: A8 | J1: A9 | K1: A10 | L1: A11 | M1: A12 | N1: B1 | O1: B2 | P1: B3 | Q1: B4 | R1: B5 | S1: B6 | T1: B7 | U1: B8 | V1: B9 | W1: B10 | X1: B11 | Y1: B12 | Z1: C1 | AA1: C2 | AB1: C3 | AC1: C4 | AD1: C5 | AE1: C6 | AF1: C7 | AG1: C8 | AH1: C9 | AI1: C10 | AJ1: C11 | AK1: C12 | AL1: D1 | AM1: D2 | AN1: D3 | AO1: D4 | AP1: D5 | AQ1: D6 | AR1: D7 | AS1: D8 | AT1: D9 | AU1: D10 | AV1: D11 | AW1: D12 | AX1: E1 | AY1: E2 | AZ1: E3 | BA1: E4 | BB1: E5 | BC1: E6 | BD1: E7 | BE1: E8 | BF1: E9 | BG1: E10 | BH1: E11 | BI1: E12 | BJ1: F1 | BK1: F2 | BL1: F3 | BM1: F4 | BN1: F5 | BO1: F6 | BP1: F7 | BQ1: F8 | BR1: F9 | BS1: F10 | BT1: F11 | BU1: F12 | BV1: G1 | BW1: G2 | BX1: G3 | BY1: G4 | BZ1: G5 | CA1: G6 | CB1: G7 | CC1: G8 | CD1: G9 | CE1: G10 | CF1: G11 | CG1: G12 | CH1: H1 | CI1: H2 | CJ1: H3 | CK1: H4 | CL1: H5 | CM1: H6 | CN1: H7 | CO1: H8 | CP1: H9 | CQ1: H10 | CR1: H11 | CS1: H12
A2: 0.020717593 | B2: 0.1608 | C2: 0.1289 | D2: 0.0873 | E2: 0.1272 | F2: 0.1348 | G2: 0.1328 | H2: 0.1415 | I2: 0.1303 | J2: 0.1399 | K2: 0.1294 | L2: 0.1326 | M2: 0.1237 | N2: 0.1558 | O2: 0.1269 | P2: 0.1591 | Q2: 0.1265 | R2: 0.1342 | S2: 0.1324 | T2: 0.1418 | U2: 0.1315 | V2: 0.143 | W2: 0.1297 | X2: 0.1314 | Y2: 0.1231 | Z2: 0.1656 | AA2: 0.1352 | AB2: 0.1698 | AC2: 0.126 | AD2: 0.1337 | AE2: 0.1343 | AF2: 0.1413 | AG2: 0.1303 | AH2: 0.1406 | AI2: 0.129 | AJ2: 0.127 | AK2: 0.1238 | AL2: 0.1632 | AM2: 0.1233 | AN2: 0.1597 | AO2: 0.1231 | AP2: 0.1376 | AQ2: 0.137 | AR2: 0.1395 | AS2: 0.1266 | AT2: 0.1446 | AU2: 0.1304 | AV2: 0.1317 | AW2: 0.129 | AX2: 0.1487 | AY2: 0.1003 | AZ2: 0.1368 | BA2: 0.1229 | BB2: 0.1182 | BC2: 0.1201 | BD2: 0.149 | BE2: 0.1859 | BF2: 0.146 | BG2: 0.0855 | BH2: 0.0864 | BI2: 0.0884 | BJ2: 0.1601 | BK2: 0.1059 | BL2: 0.1442 | BM2: 0.1176 | BN2: 0.1147 | BO2: 0.1188 | BP2: 0.1414 | BQ2: 0.1803 | BR2: 0.1393 | BS2: 0.0865 | BT2: 0.0876 | BU2: 0.09 | BV2: 0.1471 | BW2: 0.1071 | BX2: 0.1419 | BY2: 0.1197 | BZ2: 0.1194 | CA2: 0.1187 | CB2: 0.1445 | CC2: 0.1798 | CD2: 0.1423 | CE2: 0.0859 | CF2: 0.0889 | CG2: 0.0868 | CH2: 0.1566 | CI2: 0.1131 | CJ2: 0.1409 | CK2: 0.1589 | CL2: 0.1221 | CM2: 0.1195 | CN2: 0.1425 | CO2: 0.1854 | CP2: 0.138 | CQ2: 0.0872 | CR2: 0.0875 | CS2: 0.0859
A3: 0.041550926 | B3: 0.1661 | C3: 0.1303 | D3: 0.0872 | E3: 0.1268 | F3: 0.1375 | G3: 0.1408 | H3: 0.1487 | I3: 0.1331 | J3: 0.1407 | K3: 0.131 | L3: 0.1359 | M3: 0.1263 | N3: 0.1657 | O3: 0.1327 | P3: 0.1878 | Q3: 0.1282 | R3: 0.137 | S3: 0.1429 | T3: 0.1495 | U3: 0.1448 | V3: 0.148 | W3: 0.1371 | X3: 0.1392 | Y3: 0.1271 | Z3: 0.1728 | AA3: 0.1391 | AB3: 0.1985 | AC3: 0.1281 | AD3: 0.1353 | AE3: 0.1469 | AF3: 0.1474 | AG3: 0.1348 | AH3: 0.145 | AI3: 0.1402 | AJ3: 0.1311 | AK3: 0.1285 | AL3: 0.1646 | AM3: 0.127 | AN3: 0.1884 | AO3: 0.1263 | AP3: 0.1425 | AQ3: 0.1573 | AR3: 0.1487 | AS3: 0.1312 | AT3: 0.1478 | AU3: 0.1385 | AV3: 0.1439 | AW3: 0.1329 | AX3: 0.1598 | AY3: 0.1008 | AZ3: 0.146 | BA3: 0.1258 | BB3: 0.1168 | BC3: 0.1197 | BD3: 0.1627 | BE3: 0.2112 | BF3: 0.1574 | BG3: 0.0853 | BH3: 0.0864 | BI3: 0.0877 | BJ3: 0.1684 | BK3: 0.1072 | BL3: 0.1511 | BM3: 0.1194 | BN3: 0.1141 | BO3: 0.1195 | BP3: 0.1565 | BQ3: 0.2091 | BR3: 0.1498 | BS3: 0.0864 | BT3: 0.0873 | BU3: 0.0901 | BV3: 0.1567 | BW3: 0.1064 | BX3: 0.1497 | BY3: 0.1233 | BZ3: 0.1196 | CA3: 0.1191 | CB3: 0.1576 | CC3: 0.2005 | CD3: 0.155 | CE3: 0.0853 | CF3: 0.0892 | CG3: 0.0864 | CH3: 0.1701 | CI3: 0.1135 | CJ3: 0.1482 | CK3: 0.1624 | CL3: 0.1232 | CM3: 0.1198 | CN3: 0.1549 | CO3: 0.2138 | CP3: 0.144 | CQ3: 0.087 | CR3: 0.0871 | CS3: 0.0858
A4: 0.062384259 | B4: 0.1764 | C4: 0.1343 | D4: 0.0874 | E4: 0.1283 | F4: 0.1407 | G4: 0.1493 | H4: 0.155 | I4: 0.1357 | J4: 0.141 | K4: 0.1318 | L4: 0.1394 | M4: 0.1309 | N4: 0.1746 | O4: 0.1388 | P4: 0.2235 | Q4: 0.1311 | R4: 0.1392 | S4: 0.156 | T4: 0.1582 | U4: 0.1589 | V4: 0.1511 | W4: 0.1432 | X4: 0.1492 | Y4: 0.1337 | Z4: 0.1819 | AA4: 0.1445 | AB4: 0.2328 | AC4: 0.1303 | AD4: 0.1386 | AE4: 0.1637 | AF4: 0.1563 | AG4: 0.1391 | AH4: 0.1497 | AI4: 0.1469 | AJ4: 0.1387 | AK4: 0.1356 | AL4: 0.1728 | AM4: 0.1319 | AN4: 0.226 | AO4: 0.1298 | AP4: 0.1481 | AQ4: 0.1834 | AR4: 0.1579 | AS4: 0.1372 | AT4: 0.1512 | AU4: 0.1443 | AV4: 0.1597 | AW4: 0.1417 | AX4: 0.1733 | AY4: 0.1002 | AZ4: 0.1567 | BA4: 0.1294 | BB4: 0.1178 | BC4: 0.1197 | BD4: 0.1815 | BE4: 0.2418 | BF4: 0.1694 | BG4: 0.0854 | BH4: 0.0861 | BI4: 0.0875 | BJ4: 0.1844 | BK4: 0.1106 | BL4: 0.1634 | BM4: 0.1221 | BN4: 0.115 | BO4: 0.1208 | BP4: 0.1718 | BQ4: 0.2431 | BR4: 0.1607 | BS4: 0.0859 | BT4: 0.0875 | BU4: 0.0898 | BV4: 0.1741 | BW4: 0.1064 | BX4: 0.1626 | BY4: 0.1269 | BZ4: 0.1202 | CA4: 0.1199 | CB4: 0.1773 | CC4: 0.2307 | CD4: 0.1658 | CE4: 0.0862 | CF4: 0.0884 | CG4: 0.0867 | CH4: 0.1879 | CI4: 0.1154 | CJ4: 0.1612 | CK4: 0.1651 | CL4: 0.1231 | CM4: 0.1213 | CN4: 0.1686 | CO4: 0.24 | CP4: 0.1513 | CQ4: 0.0871 | CR4: 0.0872 | CS4: 0.0856
A5: 0.083217593 | B5: 0.192 | C5: 0.1381 | D5: 0.0875 | E5: 0.1304 | F5: 0.1443 | G5: 0.1619 | H5: 0.1603 | I5: 0.1378 | J5: 0.1434 | K5: 0.133 | L5: 0.1427 | M5: 0.1389 | N5: 0.19 | O5: 0.1466 | P5: 0.2618 | Q5: 0.1332 | R5: 0.1441 | S5: 0.1726 | T5: 0.168 | U5: 0.1704 | V5: 0.1557 | W5: 0.1466 | X5: 0.1566 | Y5: 0.1437 | Z5: 0.1989 | AA5: 0.1513 | AB5: 0.2721 | AC5: 0.1329 | AD5: 0.1415 | AE5: 0.1832 | AF5: 0.165 | AG5: 0.1455 | AH5: 0.1551 | AI5: 0.1531 | AJ5: 0.1482 | AK5: 0.1452 | AL5: 0.1848 | AM5: 0.1417 | AN5: 0.2641 | AO5: 0.135 | AP5: 0.1553 | AQ5: 0.2123 | AR5: 0.1694 | AS5: 0.1437 | AT5: 0.1555 | AU5: 0.15 | AV5: 0.175 | AW5: 0.1515 | AX5: 0.1864 | AY5: 0.1006 | AZ5: 0.1728 | BA5: 0.1325 | BB5: 0.1177 | BC5: 0.1208 | BD5: 0.1993 | BE5: 0.2674 | BF5: 0.1798 | BG5: 0.0853 | BH5: 0.0863 | BI5: 0.0874 | BJ5: 0.196 | BK5: 0.1171 | BL5: 0.1817 | BM5: 0.1257 | BN5: 0.1144 | BO5: 0.1209 | BP5: 0.1904 | BQ5: 0.2711 | BR5: 0.1706 | BS5: 0.0868 | BT5: 0.0872 | BU5: 0.0898 | BV5: 0.1881 | BW5: 0.1064 | BX5: 0.1816 | BY5: 0.1299 | BZ5: 0.1199 | CA5: 0.1209 | CB5: 0.1989 | CC5: 0.254 | CD5: 0.1753 | CE5: 0.0858 | CF5: 0.0894 | CG5: 0.0861 | CH5: 0.2039 | CI5: 0.115 | CJ5: 0.1788 | CK5: 0.1664 | CL5: 0.1214 | CM5: 0.1206 | CN5: 0.1877 | CO5: 0.2607 | CP5: 0.1619 | CQ5: 0.087 | CR5: 0.087 | CS5: 0.0858
A6: 0.10405093 | B6: 0.2103 | C6: 0.1463 | D6: 0.0876 | E6: 0.1332 | F6: 0.1496 | G6: 0.1725 | H6: 0.1668 | I6: 0.1394 | J6: 0.1473 | K6: 0.1351 | L6: 0.1453 | M6: 0.1479 | N6: 0.2115 | O6: 0.1568 | P6: 0.3038 | Q6: 0.1356 | R6: 0.1479 | S6: 0.1895 | T6: 0.1754 | U6: 0.1796 | V6: 0.1609 | W6: 0.149 | X6: 0.164 | Y6: 0.1553 | Z6: 0.2148 | AA6: 0.1622 | AB6: 0.3113 | AC6: 0.1362 | AD6: 0.1456 | AE6: 0.2052 | AF6: 0.1741 | AG6: 0.1512 | AH6: 0.1609 | AI6: 0.1596 | AJ6: 0.1575 | AK6: 0.1598 | AL6: 0.2015 | AM6: 0.1506 | AN6: 0.3021 | AO6: 0.1406 | AP6: 0.1643 | AQ6: 0.2437 | AR6: 0.1809 | AS6: 0.1495 | AT6: 0.1612 | AU6: 0.1573 | AV6: 0.1904 | AW6: 0.1652 | AX6: 0.1954 | AY6: 0.1011 | AZ6: 0.1904 | BA6: 0.1345 | BB6: 0.118 | BC6: 0.1217 | BD6: 0.2192 | BE6: 0.2865 | BF6: 0.1887 | BG6: 0.0852 | BH6: 0.0866 | BI6: 0.0872 | BJ6: 0.2044 | BK6: 0.1093 | BL6: 0.1992 | BM6: 0.1275 | BN6: 0.1148 | BO6: 0.1214 | BP6: 0.2113 | BQ6: 0.296 | BR6: 0.1809 | BS6: 0.0862 | BT6: 0.0872 | BU6: 0.0901 | BV6: 0.2035 | BW6: 0.1065 | BX6: 0.2003 | BY6: 0.1343 | BZ6: 0.1193 | CA6: 0.1215 | CB6: 0.221 | CC6: 0.2719 | CD6: 0.1845 | CE6: 0.086 | CF6: 0.0886 | CG6: 0.0864 | CH6: 0.2175 | CI6: 0.1162 | CJ6: 0.1963 | CK6: 0.1671 | CL6: 0.1206 | CM6: 0.1214 | CN6: 0.2079 | CO6: 0.2845 | CP6: 0.1712 | CQ6: 0.0874 | CR6: 0.0866 | CS6: 0.0859
A7: 0.12488426 | B7: 0.2362 | C7: 0.1563 | D7: 0.0872 | E7: 0.1375 | F7: 0.1584 | G7: 0.1843 | H7: 0.1744 | I7: 0.1406 | J7: 0.1525 | K7: 0.1382 | L7: 0.149 | M7: 0.1565 | N7: 0.2332 | O7: 0.1684 | P7: 0.3433 | Q7: 0.1388 | R7: 0.1531 | S7: 0.2118 | T7: 0.1839 | U7: 0.1893 | V7: 0.169 | W7: 0.152 | X7: 0.1736 | Y7: 0.1644 | Z7: 0.234 | AA7: 0.1751 | AB7: 0.3481 | AC7: 0.1396 | AD7: 0.1511 | AE7: 0.2319 | AF7: 0.186 | AG7: 0.1571 | AH7: 0.1693 | AI7: 0.168 | AJ7: 0.1682 | AK7: 0.171 | AL7: 0.2224 | AM7: 0.1628 | AN7: 0.3404 | AO7: 0.1473 | AP7: 0.1743 | AQ7: 0.2793 | AR7: 0.1936 | AS7: 0.1554 | AT7: 0.1696 | AU7: 0.1641 | AV7: 0.2053 | AW7: 0.175 | AX7: 0.2063 | AY7: 0.1012 | AZ7: 0.2038 | BA7: 0.1379 | BB7: 0.1182 | BC7: 0.1216 | BD7: 0.2345 | BE7: 0.3027 | BF7: 0.1977 | BG7: 0.0855 | BH7: 0.0864 | BI7: 0.087 | BJ7: 0.2136 | BK7: 0.1122 | BL7: 0.2148 | BM7: 0.1323 | BN7: 0.1148 | BO7: 0.1231 | BP7: 0.2247 | BQ7: 0.3211 | BR7: 0.1886 | BS7: 0.0866 | BT7: 0.0873 | BU7: 0.0901 | BV7: 0.2148 | BW7: 0.1062 | BX7: 0.2155 | BY7: 0.1387 | BZ7: 0.1189 | CA7: 0.1221 | CB7: 0.2386 | CC7: 0.2898 | CD7: 0.1899 | CE7: 0.0856 | CF7: 0.0891 | CG7: 0.0866 | CH7: 0.2308 | CI7: 0.1167 | CJ7: 0.212 | CK7: 0.1676 | CL7: 0.122 | CM7: 0.1218 | CN7: 0.2251 | CO7: 0.3079 | CP7: 0.1783 | CQ7: 0.0867 | CR7: 0.0874 | CS7: 0.0859
A8: 0.14571759 | B8: 0.2626 | C8: 0.1627 | D8: 0.0877 | E8: 0.1413 | F8: 0.1678 | G8: 0.199 | H8: 0.1824 | I8: 0.142 | J8: 0.1582 | K8: 0.1442 | L8: 0.1541 | M8: 0.1714 | N8: 0.2575 | O8: 0.1836 | P8: 0.3795 | Q8: 0.1414 | R8: 0.1587 | S8: 0.2365 | T8: 0.1913 | U8: 0.1979 | V8: 0.1791 | W8: 0.1571 | X8: 0.1849 | Y8: 0.1802 | Z8: 0.2559 | AA8: 0.19 | AB8: 0.3844 | AC8: 0.1427 | AD8: 0.1571 | AE8: 0.2606 | AF8: 0.1987 | AG8: 0.163 | AH8: 0.1801 | AI8: 0.1748 | AJ8: 0.1785 | AK8: 0.1888 | AL8: 0.2444 | AM8: 0.178 | AN8: 0.375 | AO8: 0.1543 | AP8: 0.187 | AQ8: 0.3144 | AR8: 0.2062 | AS8: 0.1591 | AT8: 0.1783 | AU8: 0.1705 | AV8: 0.2195 | AW8: 0.1939 | AX8: 0.2212 | AY8: 0.1018 | AZ8: 0.2148 | BA8: 0.1416 | BB8: 0.1171 | BC8: 0.1218 | BD8: 0.2555 | BE8: 0.3215 | BF8: 0.2077 | BG8: 0.0852 | BH8: 0.0866 | BI8: 0.0872 | BJ8: 0.2302 | BK8: 0.1163 | BL8: 0.2271 | BM8: 0.1371 | BN8: 0.1155 | BO8: 0.1224 | BP8: 0.2516 | BQ8: 0.347 | BR8: 0.1964 | BS8: 0.0861 | BT8: 0.0875 | BU8: 0.0902 | BV8: 0.2268 | BW8: 0.1063 | BX8: 0.2273 | BY8: 0.1437 | BZ8: 0.1201 | CA8: 0.1231 | CB8: 0.2559 | CC8: 0.3076 | CD8: 0.1959 | CE8: 0.0859 | CF8: 0.0885 | CG8: 0.087 | CH8: 0.2483 | CI8: 0.118 | CJ8: 0.2232 | CK8: 0.1702 | CL8: 0.1222 | CM8: 0.1214 | CN8: 0.2472 | CO8: 0.3299 | CP8: 0.188 | CQ8: 0.087 | CR8: 0.0872 | CS8: 0.0858
A9: 0.16655093 | B9: 0.2902 | C9: 0.1801 | D9: 0.0876 | E9: 0.1454 | F9: 0.1769 | G9: 0.2134 | H9: 0.1858 | I9: 0.1426 | J9: 0.1637 | K9: 0.1477 | L9: 0.1587 | M9: 0.1851 | N9: 0.2844 | O9: 0.197 | P9: 0.4038 | Q9: 0.1434 | R9: 0.1648 | S9: 0.2524 | T9: 0.2001 | U9: 0.2041 | V9: 0.1918 | W9: 0.161 | X9: 0.1941 | Y9: 0.1965 | Z9: 0.2822 | AA9: 0.2061 | AB9: 0.4125 | AC9: 0.146 | AD9: 0.1638 | AE9: 0.283 | AF9: 0.2066 | AG9: 0.1691 | AH9: 0.1953 | AI9: 0.1809 | AJ9: 0.1857 | AK9: 0.2047 | AL9: 0.2726 | AM9: 0.193 | AN9: 0.4032 | AO9: 0.1611 | AP9: 0.2 | AQ9: 0.337 | AR9: 0.2174 | AS9: 0.1662 | AT9: 0.1937 | AU9: 0.1769 | AV9: 0.2308 | AW9: 0.2102 | AX9: 0.2376 | AY9: 0.1026 | AZ9: 0.2229 | BA9: 0.1463 | BB9: 0.1185 | BC9: 0.1226 | BD9: 0.2781 | BE9: 0.3377 | BF9: 0.2153 | BG9: 0.0854 | BH9: 0.0869 | BI9: 0.087 | BJ9: 0.2429 | BK9: 0.1169 | BL9: 0.2343 | BM9: 0.1409 | BN9: 0.1136 | BO9: 0.1239 | BP9: 0.2768 | BQ9: 0.3638 | BR9: 0.2023 | BS9: 0.0862 | BT9: 0.0873 | BU9: 0.0903 | BV9: 0.2388 | BW9: 0.1065 | BX9: 0.2359 | BY9: 0.1485 | BZ9: 0.1186 | CA9: 0.1236 | CB9: 0.2831 | CC9: 0.3232 | CD9: 0.2026 | CE9: 0.0858 | CF9: 0.0887 | CG9: 0.087 | CH9: 0.2633 | CI9: 0.123 | CJ9: 0.2329 | CK9: 0.1718 | CL9: 0.123 | CM9: 0.1218 | CN9: 0.2785 | CO9: 0.3463 | CP9: 0.1972 | CQ9: 0.087 | CR9: 0.0872 | CS9: 0.0861
A10: 0.18738426 | B10: 0.3123 | C10: 0.1939 | D10: 0.0874 | E10: 0.147 | F10: 0.1894 | G10: 0.2287 | H10: 0.1925 | I10: 0.144 | J10: 0.1726 | K10: 0.1538 | L10: 0.1678 | M10: 0.2067 | N10: 0.3044 | O10: 0.2099 | P10: 0.442 | Q10: 0.1464 | R10: 0.1737 | S10: 0.2729 | T10: 0.2068 | U10: 0.2093 | V10: 0.2077 | W10: 0.1646 | X10: 0.2065 | Y10: 0.2171 | Z10: 0.3029 | AA10: 0.2222 | AB10: 0.4501 | AC10: 0.1509 | AD10: 0.1716 | AE10: 0.3036 | AF10: 0.2183 | AG10: 0.1729 | AH10: 0.2116 | AI10: 0.1885 | AJ10: 0.1933 | AK10: 0.2252 | AL10: 0.2956 | AM10: 0.2106 | AN10: 0.4366 | AO10: 0.1685 | AP10: 0.2165 | AQ10: 0.364 | AR10: 0.2284 | AS10: 0.1695 | AT10: 0.208 | AU10: 0.1835 | AV10: 0.2418 | AW10: 0.2349 | AX10: 0.2546 | AY10: 0.1035 | AZ10: 0.2308 | BA10: 0.1509 | BB10: 0.118 | BC10: 0.1232 | BD10: 0.3107 | BE10: 0.3554 | BF10: 0.224 | BG10: 0.0855 | BH10: 0.0866 | BI10: 0.0876 | BJ10: 0.2625 | BK10: 0.1167 | BL10: 0.2435 | BM10: 0.1464 | BN10: 0.115 | BO10: 0.1255 | BP10: 0.3009 | BQ10: 0.3884 | BR10: 0.2097 | BS10: 0.0863 | BT10: 0.0876 | BU10: 0.0903 | BV10: 0.252 | BW10: 0.1067 | BX10: 0.2408 | BY10: 0.1547 | BZ10: 0.1193 | CA10: 0.1244 | CB10: 0.3113 | CC10: 0.3383 | CD10: 0.2099 | CE10: 0.0855 | CF10: 0.0891 | CG10: 0.0865 | CH10: 0.2827 | CI10: 0.1268 | CJ10: 0.24 | CK10: 0.176 | CL10: 0.1235 | CM10: 0.1233 | CN10: 0.3122 | CO10: 0.3747 | CP10: 0.2045 | CQ10: 0.0878 | CR10: 0.0871 | CS10: 0.0861
A11: 0.20821759 | B11: 0.3759 | C11: 0.2144 | D11: 0.0874 | E11: 0.1513 | F11: 0.1987 | G11: 0.2458 | H11: 0.1919 | I11: 0.1444 | J11: 0.1854 | K11: 0.1569 | L11: 0.174 | M11: 0.2358 | N11: 0.3236 | O11: 0.2217 | P11: 0.4589 | Q11: 0.1506 | R11: 0.1805 | S11: 0.2863 | T11: 0.2154 | U11: 0.2161 | V11: 0.2271 | W11: 0.1705 | X11: 0.2122 | Y11: 0.2454 | Z11: 0.3223 | AA11: 0.2359 | AB11: 0.47 | AC11: 0.1571 | AD11: 0.18 | AE11: 0.3185 | AF11: 0.2247 | AG11: 0.1772 | AH11: 0.2308 | AI11: 0.1937 | AJ11: 0.1991 | AK11: 0.2546 | AL11: 0.3149 | AM11: 0.2229 | AN11: 0.458 | AO11: 0.1765 | AP11: 0.231 | AQ11: 0.3789 | AR11: 0.2376 | AS11: 0.1752 | AT11: 0.2274 | AU11: 0.1894 | AV11: 0.2469 | AW11: 0.2639 | AX11: 0.2747 | AY11: 0.1043 | AZ11: 0.2381 | BA11: 0.1561 | BB11: 0.1181 | BC11: 0.1238 | BD11: 0.3329 | BE11: 0.3708 | BF11: 0.231 | BG11: 0.085 | BH11: 0.0867 | BI11: 0.0872 | BJ11: 0.2757 | BK11: 0.1203 | BL11: 0.2487 | BM11: 0.1519 | BN11: 0.1149 | BO11: 0.1256 | BP11: 0.3207 | BQ11: 0.4076 | BR11: 0.2149 | BS11: 0.0862 | BT11: 0.0874 | BU11: 0.0903 | BV11: 0.2645 | BW11: 0.1071 | BX11: 0.2482 | BY11: 0.1593 | BZ11: 0.1184 | CA11: 0.1248 | CB11: 0.3384 | CC11: 0.3543 | CD11: 0.2161 | CE11: 0.0863 | CF11: 0.0885 | CG11: 0.0863 | CH11: 0.2988 | CI11: 0.1297 | CJ11: 0.247 | CK11: 0.1802 | CL11: 0.1235 | CM11: 0.1228 | CN11: 0.3291 | CO11: 0.4003 | CP11: 0.2137 | CQ11: 0.0874 | CR11: 0.0876 | CS11: 0.086
A12: 0.22905093 | B12: 0.4078 | C12: 0.2305 | D12: 0.0878 | E12: 0.1535 | F12: 0.215 | G12: 0.2629 | H12: 0.2054 | I12: 0.1452 | J12: 0.1987 | K12: 0.1686 | L12: 0.1919 | M12: 0.265 | N12: 0.3661 | O12: 0.2353 | P12: 0.4901 | Q12: 0.1553 | R12: 0.1893 | S12: 0.3049 | T12: 0.2244 | U12: 0.2211 | V12: 0.2517 | W12: 0.1764 | X12: 0.2246 | Y12: 0.27 | Z12: 0.3774 | AA12: 0.2527 | AB12: 0.5048 | AC12: 0.1619 | AD12: 0.1882 | AE12: 0.3383 | AF12: 0.2322 | AG12: 0.1824 | AH12: 0.2555 | AI12: 0.2003 | AJ12: 0.2055 | AK12: 0.2825 | AL12: 0.3581 | AM12: 0.2386 | AN12: 0.4845 | AO12: 0.1837 | AP12: 0.245 | AQ12: 0.4023 | AR12: 0.2461 | AS12: 0.1783 | AT12: 0.2479 | AU12: 0.1955 | AV12: 0.2571 | AW12: 0.2894 | AX12: 0.2934 | AY12: 0.1058 | AZ12: 0.2473 | BA12: 0.1599 | BB12: 0.1193 | BC12: 0.1244 | BD12: 0.3636 | BE12: 0.3799 | BF12: 0.2402 | BG12: 0.0857 | BH12: 0.0864 | BI12: 0.0871 | BJ12: 0.2965 | BK12: 0.1169 | BL12: 0.2597 | BM12: 0.1555 | BN12: 0.1158 | BO12: 0.1266 | BP12: 0.351 | BQ12: 0.4266 | BR12: 0.2238 | BS12: 0.0859 | BT12: 0.0878 | BU12: 0.0904 | BV12: 0.2838 | BW12: 0.1073 | BX12: 0.2566 | BY12: 0.1651 | BZ12: 0.119 | CA12: 0.1263 | CB12: 0.3661 | CC12: 0.3629 | CD12: 0.2265 | CE12: 0.0862 | CF12: 0.0887 | CG12: 0.0862 | CH12: 0.3227 | CI12: 0.1293 | CJ12: 0.2563 | CK12: 0.1828 | CL12: 0.1255 | CM12: 0.1229 | CN12: 0.3662 | CO12: 0.4165 | CP12: 0.2246 | CQ12: 0.0877 | CR12: 0.087 | CS12: 0.0864
A13: 0.24988426 | B13: 0.4658 | C13: 0.2426 | D13: 0.0877 | E13: 0.1566 | F13: 0.2277 | G13: 0.2799 | H13: 0.2091 | I13: 0.1462 | J13: 0.2175 | K13: 0.1732 | L13: 0.2058 | M13: 0.2896 | N13: 0.4106 | O13: 0.2471 | P13: 0.5151 | Q13: 0.1602 | R13: 0.1988 | S13: 0.3198 | T13: 0.2321 | U13: 0.2256 | V13: 0.2723 | W13: 0.1812 | X13: 0.2325 | Y13: 0.2963 | Z13: 0.412 | AA13: 0.2652 | AB13: 0.5265 | AC13: 0.1683 | AD13: 0.196 | AE13: 0.3523 | AF13: 0.2381 | AG13: 0.1874 | AH13: 0.2766 | AI13: 0.206 | AJ13: 0.2093 | AK13: 0.3041 | AL13: 0.4086 | AM13: 0.2506 | AN13: 0.5105 | AO13: 0.1906 | AP13: 0.2563 | AQ13: 0.4146 | AR13: 0.2549 | AS13: 0.1832 | AT13: 0.2698 | AU13: 0.2006 | AV13: 0.2606 | AW13: 0.3129 | AX13: 0.3138 | AY13: 0.1066 | AZ13: 0.257 | BA13: 0.1645 | BB13: 0.1201 | BC13: 0.125 | BD13: 0.391 | BE13: 0.3984 | BF13: 0.2475 | BG13: 0.0854 | BH13: 0.0864 | BI13: 0.0876 | BJ13: 0.3119 | BK13: 0.1208 | BL13: 0.2707 | BM13: 0.162 | BN13: 0.1166 | BO13: 0.1277 | BP13: 0.3781 | BQ13: 0.4488 | BR13: 0.2295 | BS13: 0.0861 | BT13: 0.087 | BU13: 0.0908 | BV13: 0.3028 | BW13: 0.1078 | BX13: 0.2683 | BY13: 0.1693 | BZ13: 0.1185 | CA13: 0.1267 | CB13: 0.3985 | CC13: 0.373 | CD13: 0.2321 | CE13: 0.0859 | CF13: 0.0889 | CG13: 0.0863 | CH13: 0.3475 | CI13: 0.1326 | CJ13: 0.2634 | CK13: 0.1862 | CL13: 0.1265 | CM13: 0.1239 | CN13: 0.3903 | CO13: 0.434 | CP13: 0.2337 | CQ13: 0.0878 | CR13: 0.0871 | CS13: 0.086
... A233: 4.8332176 | B233: 0.097 | C233: 0.1787 | D233: 0.0877 | E233: 0.6729 | F233: 0.2646 | G233: 1.3666 | H233: 1.3323 | I233: 0.7345 | J233: 0.8893 | K233: 0.2835 | L233: 0.5406 | M233: 0.193 | N233: 0.2515 | O233: 0.3384 | P233: 0.7037 | Q233: 0.4922 | R233: 0.3405 | S233: 0.8935 | T233: 0.8257 | U233: 0.5773 | V233: 0.6921 | W233: 0.3749 | X233: 0.5391 | Y233: 0.3402 | Z233: 0.3367 | AA233: 0.3162 | AB233: 0.6947 | AC233: 0.4892 | AD233: 0.332 | AE233: 0.8461 | AF233: 0.7251 | AG233: 0.5224 | AH233: 0.6691 | AI233: 0.369 | AJ233: 0.5392 | AK233: 0.3313 | AL233: 0.3294 | AM233: 0.3201 | AN233: 0.7155 | AO233: 0.4868 | AP233: 0.3413 | AQ233: 0.7294 | AR233: 0.7671 | AS233: 0.5349 | AT233: 0.6909 | AU233: 0.3625 | AV233: 0.5454 | AW233: 0.3821 | AX233: 0.5599 | AY233: 0.1598 | AZ233: 0.5495 | BA233: 0.4137 | BB233: 0.2026 | BC233: 0.1966 | BD233: 0.5694 | BE233: 0.5522 | BF233: 0.4979 | BG233: 0.0849 | BH233: 0.0857 | BI233: 0.0883 | BJ233: 0.5543 | BK233: 0.1521 | BL233: 0.5438 | BM233: 0.3996 | BN233: 0.23 | BO233: 0.193 | BP233: 0.5741 | BQ233: 0.5503 | BR233: 0.5159 | BS233: 0.0858 | BT233: 0.0872 | BU233: 0.0911 | BV233: 0.5956 | BW233: 0.4284 | BX233: 0.5405 | BY233: 0.4678 | BZ233: 0.2626 | CA233: 0.1793 | CB233: 0.6023 | CC233: 0.5225 | CD233: 0.5212 | CE233: 0.0857 | CF233: 0.0884 | CG233: 0.0857 | CH233: 0.1262 | CI233: 0.1121 | CJ233: 0.7977 | CK233: 0.2946 | CL233: 0.181 | CM233: 0.1531 | CN233: 0.8432 | CO233: 0.7033 | CP233: 0.721 | CQ233: 0.0866 | CR233: 0.0868 | CS233: 0.0868

Sheet Sheet2
A1: Well | B1: Strain | E1: Time point
A2: A7 | B2: Bradyrhizobium_6478 | E2: A1 | F2: =VLOOKUP(E2,A:B,2,0) -> Variovorax_6146
A3: B7 | B3: Bradyrhizobium_6478 | E3: A2 | F3: =VLOOKUP(E3,A:B,2,0) -> Flavobacterium_6147
A4: C7 | B4: Bradyrhizobium_6478 | E4: A3 | F4: =VLOOKUP(E4,A:B,2,0) -> Microbacterium_6150
A5: D7 | B5: Bradyrhizobium_6478 | E5: A4 | F5: =VLOOKUP(E5,A:B,2,0) -> Mucilaginibacter_6152
A6: E7 | B6: Burkholderia_6699 | E6: A5 | F6: =VLOOKUP(E6,A:B,2,0) -> Curtobacterium_6155
A7: F7 | B7: Burkholderia_6699 | E7: A6 | F7: =VLOOKUP(E7,A:B,2,0) -> Rhodococcus_6477
A8: G7 | B8: Burkholderia_6699 | E8: A7 | F8: =VLOOKUP(E8,A:B,2,0) -> Bradyrhizobium_6478
A9: H7 | B9: Burkholderia_6699 | E9: A8 | F9: =VLOOKUP(E9,A:B,2,0) -> Cellulomonas_6483
A10: E2 | B10: Caulobacter_6537 | E10: A9 | F10: =VLOOKUP(E10,A:B,2,0) -> Luteibacter_6500
A11: F2 | B11: Caulobacter_6537 | E11: A10 | F11: =VLOOKUP(E11,A:B,2,0) -> Phenylobacterium_6508
A12: G2 | B12: Caulobacter_6537 | E12: A11 | F12: =VLOOKUP(E12,A:B,2,0) -> Mesorhizobium_6519
A13: H2 | B13: Caulobacter_6537 | E13: A12 | F13: =VLOOKUP(E13,A:B,2,0) -> Lysobacter_6525
... A89: D8 | B89: Cellulomonas_6483 | E89: H4 | F89: =VLOOKUP(E89,A:B,2,0) -> Cohnella_6695
E90: H5 | F90: =VLOOKUP(E90,A:B,2,0) -> Devosia_6593
E91: H6 | F91: =VLOOKUP(E91,A:B,2,0) -> Tardiphaga_6697
E92: H7 | F92: =VLOOKUP(E92,A:B,2,0) -> Burkholderia_6699
E93: H8 | F93: =VLOOKUP(E93,A:B,2,0) -> Rahnella_6700
E94: H9 | F94: =VLOOKUP(E94,A:B,2,0) -> Chitinophaga_spread
E95: H10 | F95: =VLOOKUP(E95,A:B,2,0) -> #N/A
E96: H11 | F96: =VLOOKUP(E96,A:B,2,0) -> #N/A
E97: H12 | F97: =VLOOKUP(E97,A:B,2,0) -> #N/A

Sheet Data
A1: Time (hours) | B1: Variovorax_6146 | C1: Flavobacterium_6147 | D1: Microbacterium_6150 | E1: Mucilaginibacter_6152 | F1: Curtobacterium_6155 | G1: Rhodococcus_6477 | H1: Bradyrhizobium_6478 | I1: Cellulomonas_6483 | J1: Luteibacter_6500 | K1: Phenylobacterium_6508 | L1: Mesorhizobium_6519 | M1: Lysobacter_6525 | N1: Variovorax_6146 | O1: Flavobacterium_6147 | P1: Microbacterium_6150 | Q1: Mucilaginibacter_6152 | R1: Curtobacterium_6155 | S1: Rhodococcus_6477 | T1: Bradyrhizobium_6478 | U1: Cellulomonas_6483 | V1: Luteibacter_6500 | W1: Phenylobacterium_6508 | X1: Mesorhizobium_6519 | Y1: Lysobacter_6525 | Z1: Variovorax_6146 | AA1: Flavobacterium_6147 | AB1: Microbacterium_6150 | AC1: Mucilaginibacter_6152 | AD1: Curtobacterium_6155 | AE1: Rhodococcus_6477 | AF1: Bradyrhizobium_6478 | AG1: Cellulomonas_6483 | AH1: Luteibacter_6500 | AI1: Phenylobacterium_6508 | AJ1: Mesorhizobium_6519 | AK1: Lysobacter_6525 | AL1: Variovorax_6146 | AM1: Flavobacterium_6147 | AN1: Microbacterium_6150 | AO1: Mucilaginibacter_6152 | AP1: Curtobacterium_6155 | AQ1: Rhodococcus_6477 | AR1: Bradyrhizobium_6478 | AS1: Cellulomonas_6483 | AT1: Luteibacter_6500 | AU1: Phenylobacterium_6508 | AV1: Mesorhizobium_6519 | AW1: Lysobacter_6525 | AX1: Pseudomonas2_6533 | AY1: Caulobacter_6537 | AZ1: Pseudomonas1_6551 | BA1: Cohnella_6695 | BB1: Devosia_6593 | BC1: Tardiphaga_6697 | BD1: Burkholderia_6699 | BE1: Rahnella_6700 | BF1: Chitinophaga_spread | BG1: Pseudomonas2_6533 | BH1: Caulobacter_6537 | BI1: Pseudomonas1_6551 | BJ1: Cohnella_6695 | BK1: Devosia_6593 | BL1: Tardiphaga_6697 | BM1: Burkholderia_6699 | BN1: Rahnella_6700 | BO1: Chitinophaga_spread | BP1: Pseudomonas2_6533 | BQ1: Caulobacter_6537 | BR1: Pseudomonas1_6551 | BS1: Cohnella_6695 | BT1: Devosia_6593 | BU1: Tardiphaga_6697 | BV1: Burkholderia_6699 | BW1: Rahnella_6700 | BX1: Chitinophaga_spread | BY1: Pseudomonas2_6533 | BZ1: Caulobacter_6537 | CA1: Pseudomonas1_6551 | CB1: Cohnella_6695 | CC1: Devosia_6593 | CD1: Tardiphaga_6697 | CE1: Burkholderia_6699 | CF1: Rahnella_6700 | CG1: Chitinophaga_spread
A2: =HOUR(Sheet1!A2) + MINUTE(Sheet1!A2)/60 + SECOND(Sheet1!A2)/3600 -> 0.49722222 | B2: =Sheet1!B2-AVERAGE(Sheet1!$BG2:$BI2) -> 0.074033333 | C2: =Sheet1!C2-AVERAGE(Sheet1!$BG2:$BI2) -> 0.042133333 | D2: =Sheet1!D2-AVERAGE(Sheet1!$BG2:$BI2) -> 0.00053333333 | E2: =Sheet1!E2-AVERAGE(Sheet1!$BG2:$BI2) -> 0.040433333 | F2: =Sheet1!F2-AVERAGE(Sheet1!$BG2:$BI2) -> 0.048033333 | G2: =Sheet1!G2-AVERAGE(Sheet1!$BG2:$BI2) -> 0.046033333 | H2: =Sheet1!H2-AVERAGE(Sheet1!$BG2:$BI2) -> 0.054733333 | I2: =Sheet1!I2-AVERAGE(Sheet1!$BG2:$BI2) -> 0.043533333 | ... BF2: =Sheet1!BF2-AVERAGE(Sheet1!$BG2:$BI2) -> 0.059233333 | BG2: =Sheet1!BJ2-AVERAGE(Sheet1!$BS2:$BU2) -> 0.072066667 | BH2: =Sheet1!BK2-AVERAGE(Sheet1!$BS2:$BU2) -> 0.017866667 | BI2: =Sheet1!BL2-AVERAGE(Sheet1!$BS2:$BU2) -> 0.056166667 | BJ2: =Sheet1!BM2-AVERAGE(Sheet1!$BS2:$BU2) -> 0.029566667 | BK2: =Sheet1!BN2-AVERAGE(Sheet1!$BS2:$BU2) -> 0.026666667 | BL2: =Sheet1!BO2-AVERAGE(Sheet1!$BS2:$BU2) -> 0.030766667 | BM2: =Sheet1!BP2-AVERAGE(Sheet1!$BS2:$BU2) -> 0.053366667 | BN2: =Sheet1!BQ2-AVERAGE(Sheet1!$BS2:$BU2) -> 0.092266667 | BO2: =Sheet1!BR2-AVERAGE(Sheet1!$BS2:$BU2) -> 0.051266667 | BP2: =Sheet1!BV2-AVERAGE(Sheet1!$CE2:$CG2) -> 0.0599 | BQ2: =Sheet1!BW2-AVERAGE(Sheet1!$CE2:$CG2) -> 0.0199 | BR2: =Sheet1!BX2-AVERAGE(Sheet1!$CE2:$CG2) -> 0.0547 | BS2: =Sheet1!BY2-AVERAGE(Sheet1!$CE2:$CG2) -> 0.0325 | BT2: =Sheet1!BZ2-AVERAGE(Sheet1!$CE2:$CG2) -> 0.0322 | BU2: =Sheet1!CA2-AVERAGE(Sheet1!$CE2:$CG2) -> 0.0315 | BV2: =Sheet1!CB2-AVERAGE(Sheet1!$CE2:$CG2) -> 0.0573 | BW2: =Sheet1!CC2-AVERAGE(Sheet1!$CE2:$CG2) -> 0.0926 | BX2: =Sheet1!CD2-AVERAGE(Sheet1!$CE2:$CG2) -> 0.0551 | BY2: =Sheet1!CH2-AVERAGE(Sheet1!$CQ2:$CS2) -> 0.069733333 | BZ2: =Sheet1!CI2-AVERAGE(Sheet1!$CQ2:$CS2) -> 0.026233333 | CA2: =Sheet1!CJ2-AVERAGE(Sheet1!$CQ2:$CS2) -> 0.054033333 | CB2: =Sheet1!CK2-AVERAGE(Sheet1!$CQ2:$CS2) -> 0.072033333 | CC2: =Sheet1!CL2-AVERAGE(Sheet1!$CQ2:$CS2) -> 0.035233333 | CD2: =Sheet1!CM2-AVERAGE(Sheet1!$CQ2:$CS2) -> 0.032633333 | CE2: =Sheet1!CN2-AVERAGE(Sheet1!$CQ2:$CS2) -> 0.055633333 | CF2: =Sheet1!CO2-AVERAGE(Sheet1!$CQ2:$CS2) -> 0.098533333 | CG2: =Sheet1!CP2-AVERAGE(Sheet1!$CQ2:$CS2) -> 0.051133333
A3: =HOUR(Sheet1!A3) + MINUTE(Sheet1!A3)/60 + SECOND(Sheet1!A3)/3600 -> 0.99722222 | B3: =Sheet1!B3-AVERAGE(Sheet1!$BG3:$BI3) -> 0.079633333 | C3: =Sheet1!C3-AVERAGE(Sheet1!$BG3:$BI3) -> 0.043833333 | D3: =Sheet1!D3-AVERAGE(Sheet1!$BG3:$BI3) -> 0.00073333333 | E3: =Sheet1!E3-AVERAGE(Sheet1!$BG3:$BI3) -> 0.040333333 | F3: =Sheet1!F3-AVERAGE(Sheet1!$BG3:$BI3) -> 0.051033333 | G3: =Sheet1!G3-AVERAGE(Sheet1!$BG3:$BI3) -> 0.054333333 | H3: =Sheet1!H3-AVERAGE(Sheet1!$BG3:$BI3) -> 0.062233333 | I3: =Sheet1!I3-AVERAGE(Sheet1!$BG3:$BI3) -> 0.046633333 | ... BF3: =Sheet1!BF3-AVERAGE(Sheet1!$BG3:$BI3) -> 0.070933333 | BG3: =Sheet1!BJ3-AVERAGE(Sheet1!$BS3:$BU3) -> 0.080466667 | BH3: =Sheet1!BK3-AVERAGE(Sheet1!$BS3:$BU3) -> 0.019266667 | BI3: =Sheet1!BL3-AVERAGE(Sheet1!$BS3:$BU3) -> 0.063166667 | BJ3: =Sheet1!BM3-AVERAGE(Sheet1!$BS3:$BU3) -> 0.031466667 | BK3: =Sheet1!BN3-AVERAGE(Sheet1!$BS3:$BU3) -> 0.026166667 | BL3: =Sheet1!BO3-AVERAGE(Sheet1!$BS3:$BU3) -> 0.031566667 | BM3: =Sheet1!BP3-AVERAGE(Sheet1!$BS3:$BU3) -> 0.068566667 | BN3: =Sheet1!BQ3-AVERAGE(Sheet1!$BS3:$BU3) -> 0.12116667 | BO3: =Sheet1!BR3-AVERAGE(Sheet1!$BS3:$BU3) -> 0.061866667 | BP3: =Sheet1!BV3-AVERAGE(Sheet1!$CE3:$CG3) -> 0.069733333 | BQ3: =Sheet1!BW3-AVERAGE(Sheet1!$CE3:$CG3) -> 0.019433333 | BR3: =Sheet1!BX3-AVERAGE(Sheet1!$CE3:$CG3) -> 0.062733333 | BS3: =Sheet1!BY3-AVERAGE(Sheet1!$CE3:$CG3) -> 0.036333333 | BT3: =Sheet1!BZ3-AVERAGE(Sheet1!$CE3:$CG3) -> 0.032633333 | BU3: =Sheet1!CA3-AVERAGE(Sheet1!$CE3:$CG3) -> 0.032133333 | BV3: =Sheet1!CB3-AVERAGE(Sheet1!$CE3:$CG3) -> 0.070633333 | BW3: =Sheet1!CC3-AVERAGE(Sheet1!$CE3:$CG3) -> 0.11353333 | BX3: =Sheet1!CD3-AVERAGE(Sheet1!$CE3:$CG3) -> 0.068033333 | BY3: =Sheet1!CH3-AVERAGE(Sheet1!$CQ3:$CS3) -> 0.083466667 | BZ3: =Sheet1!CI3-AVERAGE(Sheet1!$CQ3:$CS3) -> 0.026866667 | CA3: =Sheet1!CJ3-AVERAGE(Sheet1!$CQ3:$CS3) -> 0.061566667 | CB3: =Sheet1!CK3-AVERAGE(Sheet1!$CQ3:$CS3) -> 0.075766667 | CC3: =Sheet1!CL3-AVERAGE(Sheet1!$CQ3:$CS3) -> 0.036566667 | CD3: =Sheet1!CM3-AVERAGE(Sheet1!$CQ3:$CS3) -> 0.033166667 | CE3: =Sheet1!CN3-AVERAGE(Sheet1!$CQ3:$CS3) -> 0.068266667 | CF3: =Sheet1!CO3-AVERAGE(Sheet1!$CQ3:$CS3) -> 0.12716667 | CG3: =Sheet1!CP3-AVERAGE(Sheet1!$CQ3:$CS3) -> 0.057366667
A4: =HOUR(Sheet1!A4) + MINUTE(Sheet1!A4)/60 + SECOND(Sheet1!A4)/3600 -> 1.4972222 | B4: =Sheet1!B4-AVERAGE(Sheet1!$BG4:$BI4) -> 0.090066667 | C4: =Sheet1!C4-AVERAGE(Sheet1!$BG4:$BI4) -> 0.047966667 | D4: =Sheet1!D4-AVERAGE(Sheet1!$BG4:$BI4) -> 0.0010666667 | E4: =Sheet1!E4-AVERAGE(Sheet1!$BG4:$BI4) -> 0.041966667 | F4: =Sheet1!F4-AVERAGE(Sheet1!$BG4:$BI4) -> 0.054366667 | G4: =Sheet1!G4-AVERAGE(Sheet1!$BG4:$BI4) -> 0.062966667 | H4: =Sheet1!H4-AVERAGE(Sheet1!$BG4:$BI4) -> 0.068666667 | I4: =Sheet1!I4-AVERAGE(Sheet1!$BG4:$BI4) -> 0.049366667 | ... BF4: =Sheet1!BF4-AVERAGE(Sheet1!$BG4:$BI4) -> 0.083066667 | BG4: =Sheet1!BJ4-AVERAGE(Sheet1!$BS4:$BU4) -> 0.096666667 | BH4: =Sheet1!BK4-AVERAGE(Sheet1!$BS4:$BU4) -> 0.022866667 | BI4: =Sheet1!BL4-AVERAGE(Sheet1!$BS4:$BU4) -> 0.075666667 | BJ4: =Sheet1!BM4-AVERAGE(Sheet1!$BS4:$BU4) -> 0.034366667 | BK4: =Sheet1!BN4-AVERAGE(Sheet1!$BS4:$BU4) -> 0.027266667 | BL4: =Sheet1!BO4-AVERAGE(Sheet1!$BS4:$BU4) -> 0.033066667 | BM4: =Sheet1!BP4-AVERAGE(Sheet1!$BS4:$BU4) -> 0.084066667 | BN4: =Sheet1!BQ4-AVERAGE(Sheet1!$BS4:$BU4) -> 0.15536667 | BO4: =Sheet1!BR4-AVERAGE(Sheet1!$BS4:$BU4) -> 0.072966667 | BP4: =Sheet1!BV4-AVERAGE(Sheet1!$CE4:$CG4) -> 0.087 | BQ4: =Sheet1!BW4-AVERAGE(Sheet1!$CE4:$CG4) -> 0.0193 | BR4: =Sheet1!BX4-AVERAGE(Sheet1!$CE4:$CG4) -> 0.0755 | BS4: =Sheet1!BY4-AVERAGE(Sheet1!$CE4:$CG4) -> 0.0398 | BT4: =Sheet1!BZ4-AVERAGE(Sheet1!$CE4:$CG4) -> 0.0331 | BU4: =Sheet1!CA4-AVERAGE(Sheet1!$CE4:$CG4) -> 0.0328 | BV4: =Sheet1!CB4-AVERAGE(Sheet1!$CE4:$CG4) -> 0.0902 | BW4: =Sheet1!CC4-AVERAGE(Sheet1!$CE4:$CG4) -> 0.1436 | BX4: =Sheet1!CD4-AVERAGE(Sheet1!$CE4:$CG4) -> 0.0787 | BY4: =Sheet1!CH4-AVERAGE(Sheet1!$CQ4:$CS4) -> 0.10126667 | BZ4: =Sheet1!CI4-AVERAGE(Sheet1!$CQ4:$CS4) -> 0.028766667 | CA4: =Sheet1!CJ4-AVERAGE(Sheet1!$CQ4:$CS4) -> 0.074566667 | CB4: =Sheet1!CK4-AVERAGE(Sheet1!$CQ4:$CS4) -> 0.078466667 | CC4: =Sheet1!CL4-AVERAGE(Sheet1!$CQ4:$CS4) -> 0.036466667 | CD4: =Sheet1!CM4-AVERAGE(Sheet1!$CQ4:$CS4) -> 0.034666667 | CE4: =Sheet1!CN4-AVERAGE(Sheet1!$CQ4:$CS4) -> 0.081966667 | CF4: =Sheet1!CO4-AVERAGE(Sheet1!$CQ4:$CS4) -> 0.15336667 | CG4: =Sheet1!CP4-AVERAGE(Sheet1!$CQ4:$CS4) -> 0.064666667
A5: =HOUR(Sheet1!A5) + MINUTE(Sheet1!A5)/60 + SECOND(Sheet1!A5)/3600 -> 1.9972222 | B5: =Sheet1!B5-AVERAGE(Sheet1!$BG5:$BI5) -> 0.10566667 | C5: =Sheet1!C5-AVERAGE(Sheet1!$BG5:$BI5) -> 0.051766667 | D5: =Sheet1!D5-AVERAGE(Sheet1!$BG5:$BI5) -> 0.0011666667 | E5: =Sheet1!E5-AVERAGE(Sheet1!$BG5:$BI5) -> 0.044066667 | F5: =Sheet1!F5-AVERAGE(Sheet1!$BG5:$BI5) -> 0.057966667 | G5: =Sheet1!G5-AVERAGE(Sheet1!$BG5:$BI5) -> 0.075566667 | H5: =Sheet1!H5-AVERAGE(Sheet1!$BG5:$BI5) -> 0.073966667 | I5: =Sheet1!I5-AVERAGE(Sheet1!$BG5:$BI5) -> 0.051466667 | ... BF5: =Sheet1!BF5-AVERAGE(Sheet1!$BG5:$BI5) -> 0.093466667 | BG5: =Sheet1!BJ5-AVERAGE(Sheet1!$BS5:$BU5) -> 0.10806667 | BH5: =Sheet1!BK5-AVERAGE(Sheet1!$BS5:$BU5) -> 0.029166667 | BI5: =Sheet1!BL5-AVERAGE(Sheet1!$BS5:$BU5) -> 0.093766667 | BJ5: =Sheet1!BM5-AVERAGE(Sheet1!$BS5:$BU5) -> 0.037766667 | BK5: =Sheet1!BN5-AVERAGE(Sheet1!$BS5:$BU5) -> 0.026466667 | BL5: =Sheet1!BO5-AVERAGE(Sheet1!$BS5:$BU5) -> 0.032966667 | BM5: =Sheet1!BP5-AVERAGE(Sheet1!$BS5:$BU5) -> 0.10246667 | BN5: =Sheet1!BQ5-AVERAGE(Sheet1!$BS5:$BU5) -> 0.18316667 | BO5: =Sheet1!BR5-AVERAGE(Sheet1!$BS5:$BU5) -> 0.082666667 | BP5: =Sheet1!BV5-AVERAGE(Sheet1!$CE5:$CG5) -> 0.101 | BQ5: =Sheet1!BW5-AVERAGE(Sheet1!$CE5:$CG5) -> 0.0193 | BR5: =Sheet1!BX5-AVERAGE(Sheet1!$CE5:$CG5) -> 0.0945 | BS5: =Sheet1!BY5-AVERAGE(Sheet1!$CE5:$CG5) -> 0.0428 | BT5: =Sheet1!BZ5-AVERAGE(Sheet1!$CE5:$CG5) -> 0.0328 | BU5: =Sheet1!CA5-AVERAGE(Sheet1!$CE5:$CG5) -> 0.0338 | BV5: =Sheet1!CB5-AVERAGE(Sheet1!$CE5:$CG5) -> 0.1118 | BW5: =Sheet1!CC5-AVERAGE(Sheet1!$CE5:$CG5) -> 0.1669 | BX5: =Sheet1!CD5-AVERAGE(Sheet1!$CE5:$CG5) -> 0.0882 | BY5: =Sheet1!CH5-AVERAGE(Sheet1!$CQ5:$CS5) -> 0.1173 | BZ5: =Sheet1!CI5-AVERAGE(Sheet1!$CQ5:$CS5) -> 0.0284 | CA5: =Sheet1!CJ5-AVERAGE(Sheet1!$CQ5:$CS5) -> 0.0922 | CB5: =Sheet1!CK5-AVERAGE(Sheet1!$CQ5:$CS5) -> 0.0798 | CC5: =Sheet1!CL5-AVERAGE(Sheet1!$CQ5:$CS5) -> 0.0348 | CD5: =Sheet1!CM5-AVERAGE(Sheet1!$CQ5:$CS5) -> 0.034 | CE5: =Sheet1!CN5-AVERAGE(Sheet1!$CQ5:$CS5) -> 0.1011 | CF5: =Sheet1!CO5-AVERAGE(Sheet1!$CQ5:$CS5) -> 0.1741 | CG5: =Sheet1!CP5-AVERAGE(Sheet1!$CQ5:$CS5) -> 0.0753
A6: =HOUR(Sheet1!A6) + MINUTE(Sheet1!A6)/60 + SECOND(Sheet1!A6)/3600 -> 2.4972222 | B6: =Sheet1!B6-AVERAGE(Sheet1!$BG6:$BI6) -> 0.12396667 | C6: =Sheet1!C6-AVERAGE(Sheet1!$BG6:$BI6) -> 0.059966667 | D6: =Sheet1!D6-AVERAGE(Sheet1!$BG6:$BI6) -> 0.0012666667 | E6: =Sheet1!E6-AVERAGE(Sheet1!$BG6:$BI6) -> 0.046866667 | F6: =Sheet1!F6-AVERAGE(Sheet1!$BG6:$BI6) -> 0.063266667 | G6: =Sheet1!G6-AVERAGE(Sheet1!$BG6:$BI6) -> 0.086166667 | H6: =Sheet1!H6-AVERAGE(Sheet1!$BG6:$BI6) -> 0.080466667 | I6: =Sheet1!I6-AVERAGE(Sheet1!$BG6:$BI6) -> 0.053066667 | ... BF6: =Sheet1!BF6-AVERAGE(Sheet1!$BG6:$BI6) -> 0.10236667 | BG6: =Sheet1!BJ6-AVERAGE(Sheet1!$BS6:$BU6) -> 0.11656667 | BH6: =Sheet1!BK6-AVERAGE(Sheet1!$BS6:$BU6) -> 0.021466667 | BI6: =Sheet1!BL6-AVERAGE(Sheet1!$BS6:$BU6) -> 0.11136667 | BJ6: =Sheet1!BM6-AVERAGE(Sheet1!$BS6:$BU6) -> 0.039666667 | BK6: =Sheet1!BN6-AVERAGE(Sheet1!$BS6:$BU6) -> 0.026966667 | BL6: =Sheet1!BO6-AVERAGE(Sheet1!$BS6:$BU6) -> 0.033566667 | BM6: =Sheet1!BP6-AVERAGE(Sheet1!$BS6:$BU6) -> 0.12346667 | BN6: =Sheet1!BQ6-AVERAGE(Sheet1!$BS6:$BU6) -> 0.20816667 | BO6: =Sheet1!BR6-AVERAGE(Sheet1!$BS6:$BU6) -> 0.093066667 | BP6: =Sheet1!BV6-AVERAGE(Sheet1!$CE6:$CG6) -> 0.1165 | BQ6: =Sheet1!BW6-AVERAGE(Sheet1!$CE6:$CG6) -> 0.0195 | BR6: =Sheet1!BX6-AVERAGE(Sheet1!$CE6:$CG6) -> 0.1133 | BS6: =Sheet1!BY6-AVERAGE(Sheet1!$CE6:$CG6) -> 0.0473 | BT6: =Sheet1!BZ6-AVERAGE(Sheet1!$CE6:$CG6) -> 0.0323 | BU6: =Sheet1!CA6-AVERAGE(Sheet1!$CE6:$CG6) -> 0.0345 | BV6: =Sheet1!CB6-AVERAGE(Sheet1!$CE6:$CG6) -> 0.134 | BW6: =Sheet1!CC6-AVERAGE(Sheet1!$CE6:$CG6) -> 0.1849 | BX6: =Sheet1!CD6-AVERAGE(Sheet1!$CE6:$CG6) -> 0.0975 | BY6: =Sheet1!CH6-AVERAGE(Sheet1!$CQ6:$CS6) -> 0.13086667 | BZ6: =Sheet1!CI6-AVERAGE(Sheet1!$CQ6:$CS6) -> 0.029566667 | CA6: =Sheet1!CJ6-AVERAGE(Sheet1!$CQ6:$CS6) -> 0.10966667 | CB6: =Sheet1!CK6-AVERAGE(Sheet1!$CQ6:$CS6) -> 0.080466667 | CC6: =Sheet1!CL6-AVERAGE(Sheet1!$CQ6:$CS6) -> 0.033966667 | CD6: =Sheet1!CM6-AVERAGE(Sheet1!$CQ6:$CS6) -> 0.034766667 | CE6: =Sheet1!CN6-AVERAGE(Sheet1!$CQ6:$CS6) -> 0.12126667 | CF6: =Sheet1!CO6-AVERAGE(Sheet1!$CQ6:$CS6) -> 0.19786667 | CG6: =Sheet1!CP6-AVERAGE(Sheet1!$CQ6:$CS6) -> 0.084566667
A7: =HOUR(Sheet1!A7) + MINUTE(Sheet1!A7)/60 + SECOND(Sheet1!A7)/3600 -> 2.9972222 | B7: =Sheet1!B7-AVERAGE(Sheet1!$BG7:$BI7) -> 0.1499 | C7: =Sheet1!C7-AVERAGE(Sheet1!$BG7:$BI7) -> 0.07 | D7: =Sheet1!D7-AVERAGE(Sheet1!$BG7:$BI7) -> 0.0009 | E7: =Sheet1!E7-AVERAGE(Sheet1!$BG7:$BI7) -> 0.0512 | F7: =Sheet1!F7-AVERAGE(Sheet1!$BG7:$BI7) -> 0.0721 | G7: =Sheet1!G7-AVERAGE(Sheet1!$BG7:$BI7) -> 0.098 | H7: =Sheet1!H7-AVERAGE(Sheet1!$BG7:$BI7) -> 0.0881 | I7: =Sheet1!I7-AVERAGE(Sheet1!$BG7:$BI7) -> 0.0543 | ... BF7: =Sheet1!BF7-AVERAGE(Sheet1!$BG7:$BI7) -> 0.1114 | BG7: =Sheet1!BJ7-AVERAGE(Sheet1!$BS7:$BU7) -> 0.1256 | BH7: =Sheet1!BK7-AVERAGE(Sheet1!$BS7:$BU7) -> 0.0242 | BI7: =Sheet1!BL7-AVERAGE(Sheet1!$BS7:$BU7) -> 0.1268 | BJ7: =Sheet1!BM7-AVERAGE(Sheet1!$BS7:$BU7) -> 0.0443 | BK7: =Sheet1!BN7-AVERAGE(Sheet1!$BS7:$BU7) -> 0.0268 | BL7: =Sheet1!BO7-AVERAGE(Sheet1!$BS7:$BU7) -> 0.0351 | BM7: =Sheet1!BP7-AVERAGE(Sheet1!$BS7:$BU7) -> 0.1367 | BN7: =Sheet1!BQ7-AVERAGE(Sheet1!$BS7:$BU7) -> 0.2331 | BO7: =Sheet1!BR7-AVERAGE(Sheet1!$BS7:$BU7) -> 0.1006 | BP7: =Sheet1!BV7-AVERAGE(Sheet1!$CE7:$CG7) -> 0.1277 | BQ7: =Sheet1!BW7-AVERAGE(Sheet1!$CE7:$CG7) -> 0.0191 | BR7: =Sheet1!BX7-AVERAGE(Sheet1!$CE7:$CG7) -> 0.1284 | BS7: =Sheet1!BY7-AVERAGE(Sheet1!$CE7:$CG7) -> 0.0516 | BT7: =Sheet1!BZ7-AVERAGE(Sheet1!$CE7:$CG7) -> 0.0318 | BU7: =Sheet1!CA7-AVERAGE(Sheet1!$CE7:$CG7) -> 0.035 | BV7: =Sheet1!CB7-AVERAGE(Sheet1!$CE7:$CG7) -> 0.1515 | BW7: =Sheet1!CC7-AVERAGE(Sheet1!$CE7:$CG7) -> 0.2027 | BX7: =Sheet1!CD7-AVERAGE(Sheet1!$CE7:$CG7) -> 0.1028 | BY7: =Sheet1!CH7-AVERAGE(Sheet1!$CQ7:$CS7) -> 0.14413333 | BZ7: =Sheet1!CI7-AVERAGE(Sheet1!$CQ7:$CS7) -> 0.030033333 | CA7: =Sheet1!CJ7-AVERAGE(Sheet1!$CQ7:$CS7) -> 0.12533333 | CB7: =Sheet1!CK7-AVERAGE(Sheet1!$CQ7:$CS7) -> 0.080933333 | CC7: =Sheet1!CL7-AVERAGE(Sheet1!$CQ7:$CS7) -> 0.035333333 | CD7: =Sheet1!CM7-AVERAGE(Sheet1!$CQ7:$CS7) -> 0.035133333 | CE7: =Sheet1!CN7-AVERAGE(Sheet1!$CQ7:$CS7) -> 0.13843333 | CF7: =Sheet1!CO7-AVERAGE(Sheet1!$CQ7:$CS7) -> 0.22123333 | CG7: =Sheet1!CP7-AVERAGE(Sheet1!$CQ7:$CS7) -> 0.091633333
A8: =HOUR(Sheet1!A8) + MINUTE(Sheet1!A8)/60 + SECOND(Sheet1!A8)/3600 -> 3.4972222 | B8: =Sheet1!B8-AVERAGE(Sheet1!$BG8:$BI8) -> 0.17626667 | C8: =Sheet1!C8-AVERAGE(Sheet1!$BG8:$BI8) -> 0.076366667 | D8: =Sheet1!D8-AVERAGE(Sheet1!$BG8:$BI8) -> 0.0013666667 | E8: =Sheet1!E8-AVERAGE(Sheet1!$BG8:$BI8) -> 0.054966667 | F8: =Sheet1!F8-AVERAGE(Sheet1!$BG8:$BI8) -> 0.081466667 | G8: =Sheet1!G8-AVERAGE(Sheet1!$BG8:$BI8) -> 0.11266667 | H8: =Sheet1!H8-AVERAGE(Sheet1!$BG8:$BI8) -> 0.096066667 | I8: =Sheet1!I8-AVERAGE(Sheet1!$BG8:$BI8) -> 0.055666667 | ... BF8: =Sheet1!BF8-AVERAGE(Sheet1!$BG8:$BI8) -> 0.12136667 | BG8: =Sheet1!BJ8-AVERAGE(Sheet1!$BS8:$BU8) -> 0.14226667 | BH8: =Sheet1!BK8-AVERAGE(Sheet1!$BS8:$BU8) -> 0.028366667 | BI8: =Sheet1!BL8-AVERAGE(Sheet1!$BS8:$BU8) -> 0.13916667 | BJ8: =Sheet1!BM8-AVERAGE(Sheet1!$BS8:$BU8) -> 0.049166667 | BK8: =Sheet1!BN8-AVERAGE(Sheet1!$BS8:$BU8) -> 0.027566667 | BL8: =Sheet1!BO8-AVERAGE(Sheet1!$BS8:$BU8) -> 0.034466667 | BM8: =Sheet1!BP8-AVERAGE(Sheet1!$BS8:$BU8) -> 0.16366667 | BN8: =Sheet1!BQ8-AVERAGE(Sheet1!$BS8:$BU8) -> 0.25906667 | BO8: =Sheet1!BR8-AVERAGE(Sheet1!$BS8:$BU8) -> 0.10846667 | BP8: =Sheet1!BV8-AVERAGE(Sheet1!$CE8:$CG8) -> 0.13966667 | BQ8: =Sheet1!BW8-AVERAGE(Sheet1!$CE8:$CG8) -> 0.019166667 | BR8: =Sheet1!BX8-AVERAGE(Sheet1!$CE8:$CG8) -> 0.14016667 | BS8: =Sheet1!BY8-AVERAGE(Sheet1!$CE8:$CG8) -> 0.056566667 | BT8: =Sheet1!BZ8-AVERAGE(Sheet1!$CE8:$CG8) -> 0.032966667 | BU8: =Sheet1!CA8-AVERAGE(Sheet1!$CE8:$CG8) -> 0.035966667 | BV8: =Sheet1!CB8-AVERAGE(Sheet1!$CE8:$CG8) -> 0.16876667 | BW8: =Sheet1!CC8-AVERAGE(Sheet1!$CE8:$CG8) -> 0.22046667 | BX8: =Sheet1!CD8-AVERAGE(Sheet1!$CE8:$CG8) -> 0.10876667 | BY8: =Sheet1!CH8-AVERAGE(Sheet1!$CQ8:$CS8) -> 0.16163333 | BZ8: =Sheet1!CI8-AVERAGE(Sheet1!$CQ8:$CS8) -> 0.031333333 | CA8: =Sheet1!CJ8-AVERAGE(Sheet1!$CQ8:$CS8) -> 0.13653333 | CB8: =Sheet1!CK8-AVERAGE(Sheet1!$CQ8:$CS8) -> 0.083533333 | CC8: =Sheet1!CL8-AVERAGE(Sheet1!$CQ8:$CS8) -> 0.035533333 | CD8: =Sheet1!CM8-AVERAGE(Sheet1!$CQ8:$CS8) -> 0.034733333 | CE8: =Sheet1!CN8-AVERAGE(Sheet1!$CQ8:$CS8) -> 0.16053333 | CF8: =Sheet1!CO8-AVERAGE(Sheet1!$CQ8:$CS8) -> 0.24323333 | CG8: =Sheet1!CP8-AVERAGE(Sheet1!$CQ8:$CS8) -> 0.10133333
A9: =HOUR(Sheet1!A9) + MINUTE(Sheet1!A9)/60 + SECOND(Sheet1!A9)/3600 -> 3.9972222 | B9: =Sheet1!B9-AVERAGE(Sheet1!$BG9:$BI9) -> 0.20376667 | C9: =Sheet1!C9-AVERAGE(Sheet1!$BG9:$BI9) -> 0.093666667 | D9: =Sheet1!D9-AVERAGE(Sheet1!$BG9:$BI9) -> 0.0011666667 | E9: =Sheet1!E9-AVERAGE(Sheet1!$BG9:$BI9) -> 0.058966667 | F9: =Sheet1!F9-AVERAGE(Sheet1!$BG9:$BI9) -> 0.090466667 | G9: =Sheet1!G9-AVERAGE(Sheet1!$BG9:$BI9) -> 0.12696667 | H9: =Sheet1!H9-AVERAGE(Sheet1!$BG9:$BI9) -> 0.099366667 | I9: =Sheet1!I9-AVERAGE(Sheet1!$BG9:$BI9) -> 0.056166667 | ... BF9: =Sheet1!BF9-AVERAGE(Sheet1!$BG9:$BI9) -> 0.12886667 | BG9: =Sheet1!BJ9-AVERAGE(Sheet1!$BS9:$BU9) -> 0.15496667 | BH9: =Sheet1!BK9-AVERAGE(Sheet1!$BS9:$BU9) -> 0.028966667 | BI9: =Sheet1!BL9-AVERAGE(Sheet1!$BS9:$BU9) -> 0.14636667 | BJ9: =Sheet1!BM9-AVERAGE(Sheet1!$BS9:$BU9) -> 0.052966667 | BK9: =Sheet1!BN9-AVERAGE(Sheet1!$BS9:$BU9) -> 0.025666667 | BL9: =Sheet1!BO9-AVERAGE(Sheet1!$BS9:$BU9) -> 0.035966667 | BM9: =Sheet1!BP9-AVERAGE(Sheet1!$BS9:$BU9) -> 0.18886667 | BN9: =Sheet1!BQ9-AVERAGE(Sheet1!$BS9:$BU9) -> 0.27586667 | BO9: =Sheet1!BR9-AVERAGE(Sheet1!$BS9:$BU9) -> 0.11436667 | BP9: =Sheet1!BV9-AVERAGE(Sheet1!$CE9:$CG9) -> 0.15163333 | BQ9: =Sheet1!BW9-AVERAGE(Sheet1!$CE9:$CG9) -> 0.019333333 | BR9: =Sheet1!BX9-AVERAGE(Sheet1!$CE9:$CG9) -> 0.14873333 | BS9: =Sheet1!BY9-AVERAGE(Sheet1!$CE9:$CG9) -> 0.061333333 | BT9: =Sheet1!BZ9-AVERAGE(Sheet1!$CE9:$CG9) -> 0.031433333 | BU9: =Sheet1!CA9-AVERAGE(Sheet1!$CE9:$CG9) -> 0.036433333 | BV9: =Sheet1!CB9-AVERAGE(Sheet1!$CE9:$CG9) -> 0.19593333 | BW9: =Sheet1!CC9-AVERAGE(Sheet1!$CE9:$CG9) -> 0.23603333 | BX9: =Sheet1!CD9-AVERAGE(Sheet1!$CE9:$CG9) -> 0.11543333 | BY9: =Sheet1!CH9-AVERAGE(Sheet1!$CQ9:$CS9) -> 0.17653333 | BZ9: =Sheet1!CI9-AVERAGE(Sheet1!$CQ9:$CS9) -> 0.036233333 | CA9: =Sheet1!CJ9-AVERAGE(Sheet1!$CQ9:$CS9) -> 0.14613333 | CB9: =Sheet1!CK9-AVERAGE(Sheet1!$CQ9:$CS9) -> 0.085033333 | CC9: =Sheet1!CL9-AVERAGE(Sheet1!$CQ9:$CS9) -> 0.036233333 | CD9: =Sheet1!CM9-AVERAGE(Sheet1!$CQ9:$CS9) -> 0.035033333 | CE9: =Sheet1!CN9-AVERAGE(Sheet1!$CQ9:$CS9) -> 0.19173333 | CF9: =Sheet1!CO9-AVERAGE(Sheet1!$CQ9:$CS9) -> 0.25953333 | CG9: =Sheet1!CP9-AVERAGE(Sheet1!$CQ9:$CS9) -> 0.11043333
A10: =HOUR(Sheet1!A10) + MINUTE(Sheet1!A10)/60 + SECOND(Sheet1!A10)/3600 -> 4.4972222 | B10: =Sheet1!B10-AVERAGE(Sheet1!$BG10:$BI10) -> 0.22573333 | C10: =Sheet1!C10-AVERAGE(Sheet1!$BG10:$BI10) -> 0.10733333 | D10: =Sheet1!D10-AVERAGE(Sheet1!$BG10:$BI10) -> 0.00083333333 | E10: =Sheet1!E10-AVERAGE(Sheet1!$BG10:$BI10) -> 0.060433333 | F10: =Sheet1!F10-AVERAGE(Sheet1!$BG10:$BI10) -> 0.10283333 | G10: =Sheet1!G10-AVERAGE(Sheet1!$BG10:$BI10) -> 0.14213333 | H10: =Sheet1!H10-AVERAGE(Sheet1!$BG10:$BI10) -> 0.10593333 | I10: =Sheet1!I10-AVERAGE(Sheet1!$BG10:$BI10) -> 0.057433333 | ... BF10: =Sheet1!BF10-AVERAGE(Sheet1!$BG10:$BI10) -> 0.13743333 | BG10: =Sheet1!BJ10-AVERAGE(Sheet1!$BS10:$BU10) -> 0.17443333 | BH10: =Sheet1!BK10-AVERAGE(Sheet1!$BS10:$BU10) -> 0.028633333 | BI10: =Sheet1!BL10-AVERAGE(Sheet1!$BS10:$BU10) -> 0.15543333 | BJ10: =Sheet1!BM10-AVERAGE(Sheet1!$BS10:$BU10) -> 0.058333333 | BK10: =Sheet1!BN10-AVERAGE(Sheet1!$BS10:$BU10) -> 0.026933333 | BL10: =Sheet1!BO10-AVERAGE(Sheet1!$BS10:$BU10) -> 0.037433333 | BM10: =Sheet1!BP10-AVERAGE(Sheet1!$BS10:$BU10) -> 0.21283333 | BN10: =Sheet1!BQ10-AVERAGE(Sheet1!$BS10:$BU10) -> 0.30033333 | BO10: =Sheet1!BR10-AVERAGE(Sheet1!$BS10:$BU10) -> 0.12163333 | BP10: =Sheet1!BV10-AVERAGE(Sheet1!$CE10:$CG10) -> 0.16496667 | BQ10: =Sheet1!BW10-AVERAGE(Sheet1!$CE10:$CG10) -> 0.019666667 | BR10: =Sheet1!BX10-AVERAGE(Sheet1!$CE10:$CG10) -> 0.15376667 | BS10: =Sheet1!BY10-AVERAGE(Sheet1!$CE10:$CG10) -> 0.067666667 | BT10: =Sheet1!BZ10-AVERAGE(Sheet1!$CE10:$CG10) -> 0.032266667 | BU10: =Sheet1!CA10-AVERAGE(Sheet1!$CE10:$CG10) -> 0.037366667 | BV10: =Sheet1!CB10-AVERAGE(Sheet1!$CE10:$CG10) -> 0.22426667 | BW10: =Sheet1!CC10-AVERAGE(Sheet1!$CE10:$CG10) -> 0.25126667 | BX10: =Sheet1!CD10-AVERAGE(Sheet1!$CE10:$CG10) -> 0.12286667 | BY10: =Sheet1!CH10-AVERAGE(Sheet1!$CQ10:$CS10) -> 0.1957 | BZ10: =Sheet1!CI10-AVERAGE(Sheet1!$CQ10:$CS10) -> 0.0398 | CA10: =Sheet1!CJ10-AVERAGE(Sheet1!$CQ10:$CS10) -> 0.153 | CB10: =Sheet1!CK10-AVERAGE(Sheet1!$CQ10:$CS10) -> 0.089 | CC10: =Sheet1!CL10-AVERAGE(Sheet1!$CQ10:$CS10) -> 0.0365 | CD10: =Sheet1!CM10-AVERAGE(Sheet1!$CQ10:$CS10) -> 0.0363 | CE10: =Sheet1!CN10-AVERAGE(Sheet1!$CQ10:$CS10) -> 0.2252 | CF10: =Sheet1!CO10-AVERAGE(Sheet1!$CQ10:$CS10) -> 0.2877 | CG10: =Sheet1!CP10-AVERAGE(Sheet1!$CQ10:$CS10) -> 0.1175
A11: =HOUR(Sheet1!A11) + MINUTE(Sheet1!A11)/60 + SECOND(Sheet1!A11)/3600 -> 4.9972222 | B11: =Sheet1!B11-AVERAGE(Sheet1!$BG11:$BI11) -> 0.2896 | C11: =Sheet1!C11-AVERAGE(Sheet1!$BG11:$BI11) -> 0.1281 | D11: =Sheet1!D11-AVERAGE(Sheet1!$BG11:$BI11) -> 0.0011 | E11: =Sheet1!E11-AVERAGE(Sheet1!$BG11:$BI11) -> 0.065 | F11: =Sheet1!F11-AVERAGE(Sheet1!$BG11:$BI11) -> 0.1124 | G11: =Sheet1!G11-AVERAGE(Sheet1!$BG11:$BI11) -> 0.1595 | H11: =Sheet1!H11-AVERAGE(Sheet1!$BG11:$BI11) -> 0.1056 | I11: =Sheet1!I11-AVERAGE(Sheet1!$BG11:$BI11) -> 0.0581 | ... BF11: =Sheet1!BF11-AVERAGE(Sheet1!$BG11:$BI11) -> 0.1447 | BG11: =Sheet1!BJ11-AVERAGE(Sheet1!$BS11:$BU11) -> 0.18773333 | BH11: =Sheet1!BK11-AVERAGE(Sheet1!$BS11:$BU11) -> 0.032333333 | BI11: =Sheet1!BL11-AVERAGE(Sheet1!$BS11:$BU11) -> 0.16073333 | BJ11: =Sheet1!BM11-AVERAGE(Sheet1!$BS11:$BU11) -> 0.063933333 | BK11: =Sheet1!BN11-AVERAGE(Sheet1!$BS11:$BU11) -> 0.026933333 | BL11: =Sheet1!BO11-AVERAGE(Sheet1!$BS11:$BU11) -> 0.037633333 | BM11: =Sheet1!BP11-AVERAGE(Sheet1!$BS11:$BU11) -> 0.23273333 | BN11: =Sheet1!BQ11-AVERAGE(Sheet1!$BS11:$BU11) -> 0.31963333 | BO11: =Sheet1!BR11-AVERAGE(Sheet1!$BS11:$BU11) -> 0.12693333 | BP11: =Sheet1!BV11-AVERAGE(Sheet1!$CE11:$CG11) -> 0.17746667 | BQ11: =Sheet1!BW11-AVERAGE(Sheet1!$CE11:$CG11) -> 0.020066667 | BR11: =Sheet1!BX11-AVERAGE(Sheet1!$CE11:$CG11) -> 0.16116667 | BS11: =Sheet1!BY11-AVERAGE(Sheet1!$CE11:$CG11) -> 0.072266667 | BT11: =Sheet1!BZ11-AVERAGE(Sheet1!$CE11:$CG11) -> 0.031366667 | BU11: =Sheet1!CA11-AVERAGE(Sheet1!$CE11:$CG11) -> 0.037766667 | BV11: =Sheet1!CB11-AVERAGE(Sheet1!$CE11:$CG11) -> 0.25136667 | BW11: =Sheet1!CC11-AVERAGE(Sheet1!$CE11:$CG11) -> 0.26726667 | BX11: =Sheet1!CD11-AVERAGE(Sheet1!$CE11:$CG11) -> 0.12906667 | BY11: =Sheet1!CH11-AVERAGE(Sheet1!$CQ11:$CS11) -> 0.2118 | BZ11: =Sheet1!CI11-AVERAGE(Sheet1!$CQ11:$CS11) -> 0.0427 | CA11: =Sheet1!CJ11-AVERAGE(Sheet1!$CQ11:$CS11) -> 0.16 | CB11: =Sheet1!CK11-AVERAGE(Sheet1!$CQ11:$CS11) -> 0.0932 | CC11: =Sheet1!CL11-AVERAGE(Sheet1!$CQ11:$CS11) -> 0.0365 | CD11: =Sheet1!CM11-AVERAGE(Sheet1!$CQ11:$CS11) -> 0.0358 | CE11: =Sheet1!CN11-AVERAGE(Sheet1!$CQ11:$CS11) -> 0.2421 | CF11: =Sheet1!CO11-AVERAGE(Sheet1!$CQ11:$CS11) -> 0.3133 | CG11: =Sheet1!CP11-AVERAGE(Sheet1!$CQ11:$CS11) -> 0.1267
A12: =HOUR(Sheet1!A12) + MINUTE(Sheet1!A12)/60 + SECOND(Sheet1!A12)/3600 -> 5.4972222 | B12: =Sheet1!B12-AVERAGE(Sheet1!$BG12:$BI12) -> 0.3214 | C12: =Sheet1!C12-AVERAGE(Sheet1!$BG12:$BI12) -> 0.1441 | D12: =Sheet1!D12-AVERAGE(Sheet1!$BG12:$BI12) -> 0.0014 | E12: =Sheet1!E12-AVERAGE(Sheet1!$BG12:$BI12) -> 0.0671 | F12: =Sheet1!F12-AVERAGE(Sheet1!$BG12:$BI12) -> 0.1286 | G12: =Sheet1!G12-AVERAGE(Sheet1!$BG12:$BI12) -> 0.1765 | H12: =Sheet1!H12-AVERAGE(Sheet1!$BG12:$BI12) -> 0.119 | I12: =Sheet1!I12-AVERAGE(Sheet1!$BG12:$BI12) -> 0.0588 | ... BF12: =Sheet1!BF12-AVERAGE(Sheet1!$BG12:$BI12) -> 0.1538 | BG12: =Sheet1!BJ12-AVERAGE(Sheet1!$BS12:$BU12) -> 0.20846667 | BH12: =Sheet1!BK12-AVERAGE(Sheet1!$BS12:$BU12) -> 0.028866667 | BI12: =Sheet1!BL12-AVERAGE(Sheet1!$BS12:$BU12) -> 0.17166667 | BJ12: =Sheet1!BM12-AVERAGE(Sheet1!$BS12:$BU12) -> 0.067466667 | BK12: =Sheet1!BN12-AVERAGE(Sheet1!$BS12:$BU12) -> 0.027766667 | BL12: =Sheet1!BO12-AVERAGE(Sheet1!$BS12:$BU12) -> 0.038566667 | BM12: =Sheet1!BP12-AVERAGE(Sheet1!$BS12:$BU12) -> 0.26296667 | BN12: =Sheet1!BQ12-AVERAGE(Sheet1!$BS12:$BU12) -> 0.33856667 | BO12: =Sheet1!BR12-AVERAGE(Sheet1!$BS12:$BU12) -> 0.13576667 | BP12: =Sheet1!BV12-AVERAGE(Sheet1!$CE12:$CG12) -> 0.19676667 | BQ12: =Sheet1!BW12-AVERAGE(Sheet1!$CE12:$CG12) -> 0.020266667 | BR12: =Sheet1!BX12-AVERAGE(Sheet1!$CE12:$CG12) -> 0.16956667 | BS12: =Sheet1!BY12-AVERAGE(Sheet1!$CE12:$CG12) -> 0.078066667 | BT12: =Sheet1!BZ12-AVERAGE(Sheet1!$CE12:$CG12) -> 0.031966667 | BU12: =Sheet1!CA12-AVERAGE(Sheet1!$CE12:$CG12) -> 0.039266667 | BV12: =Sheet1!CB12-AVERAGE(Sheet1!$CE12:$CG12) -> 0.27906667 | BW12: =Sheet1!CC12-AVERAGE(Sheet1!$CE12:$CG12) -> 0.27586667 | BX12: =Sheet1!CD12-AVERAGE(Sheet1!$CE12:$CG12) -> 0.13946667 | BY12: =Sheet1!CH12-AVERAGE(Sheet1!$CQ12:$CS12) -> 0.23566667 | BZ12: =Sheet1!CI12-AVERAGE(Sheet1!$CQ12:$CS12) -> 0.042266667 | CA12: =Sheet1!CJ12-AVERAGE(Sheet1!$CQ12:$CS12) -> 0.16926667 | CB12: =Sheet1!CK12-AVERAGE(Sheet1!$CQ12:$CS12) -> 0.095766667 | CC12: =Sheet1!CL12-AVERAGE(Sheet1!$CQ12:$CS12) -> 0.038466667 | CD12: =Sheet1!CM12-AVERAGE(Sheet1!$CQ12:$CS12) -> 0.035866667 | CE12: =Sheet1!CN12-AVERAGE(Sheet1!$CQ12:$CS12) -> 0.27916667 | CF12: =Sheet1!CO12-AVERAGE(Sheet1!$CQ12:$CS12) -> 0.32946667 | CG12: =Sheet1!CP12-AVERAGE(Sheet1!$CQ12:$CS12) -> 0.13756667
A13: =HOUR(Sheet1!A13) + MINUTE(Sheet1!A13)/60 + SECOND(Sheet1!A13)/3600 -> 5.9972222 | B13: =Sheet1!B13-AVERAGE(Sheet1!$BG13:$BI13) -> 0.37933333 | C13: =Sheet1!C13-AVERAGE(Sheet1!$BG13:$BI13) -> 0.15613333 | D13: =Sheet1!D13-AVERAGE(Sheet1!$BG13:$BI13) -> 0.0012333333 | E13: =Sheet1!E13-AVERAGE(Sheet1!$BG13:$BI13) -> 0.070133333 | F13: =Sheet1!F13-AVERAGE(Sheet1!$BG13:$BI13) -> 0.14123333 | G13: =Sheet1!G13-AVERAGE(Sheet1!$BG13:$BI13) -> 0.19343333 | H13: =Sheet1!H13-AVERAGE(Sheet1!$BG13:$BI13) -> 0.12263333 | I13: =Sheet1!I13-AVERAGE(Sheet1!$BG13:$BI13) -> 0.059733333 | ... BF13: =Sheet1!BF13-AVERAGE(Sheet1!$BG13:$BI13) -> 0.16103333 | BG13: =Sheet1!BJ13-AVERAGE(Sheet1!$BS13:$BU13) -> 0.22393333 | BH13: =Sheet1!BK13-AVERAGE(Sheet1!$BS13:$BU13) -> 0.032833333 | BI13: =Sheet1!BL13-AVERAGE(Sheet1!$BS13:$BU13) -> 0.18273333 | BJ13: =Sheet1!BM13-AVERAGE(Sheet1!$BS13:$BU13) -> 0.074033333 | BK13: =Sheet1!BN13-AVERAGE(Sheet1!$BS13:$BU13) -> 0.028633333 | BL13: =Sheet1!BO13-AVERAGE(Sheet1!$BS13:$BU13) -> 0.039733333 | BM13: =Sheet1!BP13-AVERAGE(Sheet1!$BS13:$BU13) -> 0.29013333 | BN13: =Sheet1!BQ13-AVERAGE(Sheet1!$BS13:$BU13) -> 0.36083333 | BO13: =Sheet1!BR13-AVERAGE(Sheet1!$BS13:$BU13) -> 0.14153333 | BP13: =Sheet1!BV13-AVERAGE(Sheet1!$CE13:$CG13) -> 0.21576667 | BQ13: =Sheet1!BW13-AVERAGE(Sheet1!$CE13:$CG13) -> 0.020766667 | BR13: =Sheet1!BX13-AVERAGE(Sheet1!$CE13:$CG13) -> 0.18126667 | BS13: =Sheet1!BY13-AVERAGE(Sheet1!$CE13:$CG13) -> 0.082266667 | BT13: =Sheet1!BZ13-AVERAGE(Sheet1!$CE13:$CG13) -> 0.031466667 | BU13: =Sheet1!CA13-AVERAGE(Sheet1!$CE13:$CG13) -> 0.039666667 | BV13: =Sheet1!CB13-AVERAGE(Sheet1!$CE13:$CG13) -> 0.31146667 | BW13: =Sheet1!CC13-AVERAGE(Sheet1!$CE13:$CG13) -> 0.28596667 | BX13: =Sheet1!CD13-AVERAGE(Sheet1!$CE13:$CG13) -> 0.14506667 | BY13: =Sheet1!CH13-AVERAGE(Sheet1!$CQ13:$CS13) -> 0.26053333 | BZ13: =Sheet1!CI13-AVERAGE(Sheet1!$CQ13:$CS13) -> 0.045633333 | CA13: =Sheet1!CJ13-AVERAGE(Sheet1!$CQ13:$CS13) -> 0.17643333 | CB13: =Sheet1!CK13-AVERAGE(Sheet1!$CQ13:$CS13) -> 0.099233333 | CC13: =Sheet1!CL13-AVERAGE(Sheet1!$CQ13:$CS13) -> 0.039533333 | CD13: =Sheet1!CM13-AVERAGE(Sheet1!$CQ13:$CS13) -> 0.036933333 | CE13: =Sheet1!CN13-AVERAGE(Sheet1!$CQ13:$CS13) -> 0.30333333 | CF13: =Sheet1!CO13-AVERAGE(Sheet1!$CQ13:$CS13) -> 0.34703333 | CG13: =Sheet1!CP13-AVERAGE(Sheet1!$CQ13:$CS13) -> 0.14673333
... A49: =HOUR(Sheet1!A49) + MINUTE(Sheet1!A49)/60 + SECOND(Sheet1!A49)/3600 -> 23.997222 | B49: =Sheet1!B49-AVERAGE(Sheet1!$BG49:$BI49) -> 0.64876667 | C49: =Sheet1!C49-AVERAGE(Sheet1!$BG49:$BI49) -> 0.37506667 | D49: =Sheet1!D49-AVERAGE(Sheet1!$BG49:$BI49) -> 0.00096666667 | E49: =Sheet1!E49-AVERAGE(Sheet1!$BG49:$BI49) -> 0.35196667 | F49: =Sheet1!F49-AVERAGE(Sheet1!$BG49:$BI49) -> 0.43276667 | G49: =Sheet1!G49-AVERAGE(Sheet1!$BG49:$BI49) -> 0.47286667 | H49: =Sheet1!H49-AVERAGE(Sheet1!$BG49:$BI49) -> 0.29536667 | I49: =Sheet1!I49-AVERAGE(Sheet1!$BG49:$BI49) -> 0.12556667 | ... BF49: =Sheet1!BF49-AVERAGE(Sheet1!$BG49:$BI49) -> 0.26286667 | BG49: =Sheet1!BJ49-AVERAGE(Sheet1!$BS49:$BU49) -> 0.45116667 | BH49: =Sheet1!BK49-AVERAGE(Sheet1!$BS49:$BU49) -> 0.052666667 | BI49: =Sheet1!BL49-AVERAGE(Sheet1!$BS49:$BU49) -> 0.38646667 | BJ49: =Sheet1!BM49-AVERAGE(Sheet1!$BS49:$BU49) -> 0.30356667 | BK49: =Sheet1!BN49-AVERAGE(Sheet1!$BS49:$BU49) -> 0.028766667 | BL49: =Sheet1!BO49-AVERAGE(Sheet1!$BS49:$BU49) -> 0.077566667 | BM49: =Sheet1!BP49-AVERAGE(Sheet1!$BS49:$BU49) -> 0.71176667 | BN49: =Sheet1!BQ49-AVERAGE(Sheet1!$BS49:$BU49) -> 0.49406667 | BO49: =Sheet1!BR49-AVERAGE(Sheet1!$BS49:$BU49) -> 0.24506667 | BP49: =Sheet1!BV49-AVERAGE(Sheet1!$CE49:$CG49) -> 0.45223333 | BQ49: =Sheet1!BW49-AVERAGE(Sheet1!$CE49:$CG49) -> 0.34953333 | BR49: =Sheet1!BX49-AVERAGE(Sheet1!$CE49:$CG49) -> 0.38993333 | BS49: =Sheet1!BY49-AVERAGE(Sheet1!$CE49:$CG49) -> 0.30033333 | BT49: =Sheet1!BZ49-AVERAGE(Sheet1!$CE49:$CG49) -> 0.030533333 | BU49: =Sheet1!CA49-AVERAGE(Sheet1!$CE49:$CG49) -> 0.075033333 | BV49: =Sheet1!CB49-AVERAGE(Sheet1!$CE49:$CG49) -> 0.78493333 | BW49: =Sheet1!CC49-AVERAGE(Sheet1!$CE49:$CG49) -> 0.49793333 | BX49: =Sheet1!CD49-AVERAGE(Sheet1!$CE49:$CG49) -> 0.27343333 | BY49: =Sheet1!CH49-AVERAGE(Sheet1!$CQ49:$CS49) -> 0.52646667 | BZ49: =Sheet1!CI49-AVERAGE(Sheet1!$CQ49:$CS49) -> 0.068666667 | CA49: =Sheet1!CJ49-AVERAGE(Sheet1!$CQ49:$CS49) -> 0.43716667 | CB49: =Sheet1!CK49-AVERAGE(Sheet1!$CQ49:$CS49) -> 0.33106667 | CC49: =Sheet1!CL49-AVERAGE(Sheet1!$CQ49:$CS49) -> 0.038966667 | CD49: =Sheet1!CM49-AVERAGE(Sheet1!$CQ49:$CS49) -> 0.060066667 | CE49: =Sheet1!CN49-AVERAGE(Sheet1!$CQ49:$CS49) -> 0.75326667 | CF49: =Sheet1!CO49-AVERAGE(Sheet1!$CQ49:$CS49) -> 0.53126667 | CG49: =Sheet1!CP49-AVERAGE(Sheet1!$CQ49:$CS49) -> 0.24886667
A50: =HOUR(Sheet1!A50) + MINUTE(Sheet1!A50)/60 + SECOND(Sheet1!A50)/3600 + 24 -> 24.497222 | B50: =Sheet1!B50-AVERAGE(Sheet1!$BG50:$BI50) -> 0.64096667 | C50: =Sheet1!C50-AVERAGE(Sheet1!$BG50:$BI50) -> 0.37376667 | D50: =Sheet1!D50-AVERAGE(Sheet1!$BG50:$BI50) -> 0.0011666667 | E50: =Sheet1!E50-AVERAGE(Sheet1!$BG50:$BI50) -> 0.35656667 | F50: =Sheet1!F50-AVERAGE(Sheet1!$BG50:$BI50) -> 0.42566667 | G50: =Sheet1!G50-AVERAGE(Sheet1!$BG50:$BI50) -> 0.47716667 | H50: =Sheet1!H50-AVERAGE(Sheet1!$BG50:$BI50) -> 0.29576667 | I50: =Sheet1!I50-AVERAGE(Sheet1!$BG50:$BI50) -> 0.12606667 | ... BF50: =Sheet1!BF50-AVERAGE(Sheet1!$BG50:$BI50) -> 0.27106667 | BG50: =Sheet1!BJ50-AVERAGE(Sheet1!$BS50:$BU50) -> 0.4527 | BH50: =Sheet1!BK50-AVERAGE(Sheet1!$BS50:$BU50) -> 0.0544 | BI50: =Sheet1!BL50-AVERAGE(Sheet1!$BS50:$BU50) -> 0.3902 | BJ50: =Sheet1!BM50-AVERAGE(Sheet1!$BS50:$BU50) -> 0.3085 | BK50: =Sheet1!BN50-AVERAGE(Sheet1!$BS50:$BU50) -> 0.0299 | BL50: =Sheet1!BO50-AVERAGE(Sheet1!$BS50:$BU50) -> 0.0785 | BM50: =Sheet1!BP50-AVERAGE(Sheet1!$BS50:$BU50) -> 0.7796 | BN50: =Sheet1!BQ50-AVERAGE(Sheet1!$BS50:$BU50) -> 0.4921 | BO50: =Sheet1!BR50-AVERAGE(Sheet1!$BS50:$BU50) -> 0.2435 | BP50: =Sheet1!BV50-AVERAGE(Sheet1!$CE50:$CG50) -> 0.45986667 | BQ50: =Sheet1!BW50-AVERAGE(Sheet1!$CE50:$CG50) -> 0.36596667 | BR50: =Sheet1!BX50-AVERAGE(Sheet1!$CE50:$CG50) -> 0.39086667 | BS50: =Sheet1!BY50-AVERAGE(Sheet1!$CE50:$CG50) -> 0.30676667 | BT50: =Sheet1!BZ50-AVERAGE(Sheet1!$CE50:$CG50) -> 0.030266667 | BU50: =Sheet1!CA50-AVERAGE(Sheet1!$CE50:$CG50) -> 0.075966667 | BV50: =Sheet1!CB50-AVERAGE(Sheet1!$CE50:$CG50) -> 0.79156667 | BW50: =Sheet1!CC50-AVERAGE(Sheet1!$CE50:$CG50) -> 0.49326667 | BX50: =Sheet1!CD50-AVERAGE(Sheet1!$CE50:$CG50) -> 0.27756667 | BY50: =Sheet1!CH50-AVERAGE(Sheet1!$CQ50:$CS50) -> 0.52016667 | BZ50: =Sheet1!CI50-AVERAGE(Sheet1!$CQ50:$CS50) -> 0.072066667 | CA50: =Sheet1!CJ50-AVERAGE(Sheet1!$CQ50:$CS50) -> 0.44416667 | CB50: =Sheet1!CK50-AVERAGE(Sheet1!$CQ50:$CS50) -> 0.33786667 | CC50: =Sheet1!CL50-AVERAGE(Sheet1!$CQ50:$CS50) -> 0.038066667 | CD50: =Sheet1!CM50-AVERAGE(Sheet1!$CQ50:$CS50) -> 0.060466667 | CE50: =Sheet1!CN50-AVERAGE(Sheet1!$CQ50:$CS50) -> 0.75696667 | CF50: =Sheet1!CO50-AVERAGE(Sheet1!$CQ50:$CS50) -> 0.52776667 | CG50: =Sheet1!CP50-AVERAGE(Sheet1!$CQ50:$CS50) -> 0.24746667
A51: =HOUR(Sheet1!A51) + MINUTE(Sheet1!A51)/60 + SECOND(Sheet1!A51)/3600 + 24 -> 24.997222 | B51: =Sheet1!B51-AVERAGE(Sheet1!$BG51:$BI51) -> 0.62593333 | C51: =Sheet1!C51-AVERAGE(Sheet1!$BG51:$BI51) -> 0.37273333 | D51: =Sheet1!D51-AVERAGE(Sheet1!$BG51:$BI51) -> 0.0012333333 | E51: =Sheet1!E51-AVERAGE(Sheet1!$BG51:$BI51) -> 0.36133333 | F51: =Sheet1!F51-AVERAGE(Sheet1!$BG51:$BI51) -> 0.42563333 | G51: =Sheet1!G51-AVERAGE(Sheet1!$BG51:$BI51) -> 0.48203333 | H51: =Sheet1!H51-AVERAGE(Sheet1!$BG51:$BI51) -> 0.30093333 | I51: =Sheet1!I51-AVERAGE(Sheet1!$BG51:$BI51) -> 0.12623333 | ... BF51: =Sheet1!BF51-AVERAGE(Sheet1!$BG51:$BI51) -> 0.26473333 | BG51: =Sheet1!BJ51-AVERAGE(Sheet1!$BS51:$BU51) -> 0.44363333 | BH51: =Sheet1!BK51-AVERAGE(Sheet1!$BS51:$BU51) -> 0.054733333 | BI51: =Sheet1!BL51-AVERAGE(Sheet1!$BS51:$BU51) -> 0.38913333 | BJ51: =Sheet1!BM51-AVERAGE(Sheet1!$BS51:$BU51) -> 0.31173333 | BK51: =Sheet1!BN51-AVERAGE(Sheet1!$BS51:$BU51) -> 0.030033333 | BL51: =Sheet1!BO51-AVERAGE(Sheet1!$BS51:$BU51) -> 0.079933333 | BM51: =Sheet1!BP51-AVERAGE(Sheet1!$BS51:$BU51) -> 0.77813333 | BN51: =Sheet1!BQ51-AVERAGE(Sheet1!$BS51:$BU51) -> 0.49393333 | BO51: =Sheet1!BR51-AVERAGE(Sheet1!$BS51:$BU51) -> 0.24343333 | BP51: =Sheet1!BV51-AVERAGE(Sheet1!$CE51:$CG51) -> 0.46973333 | BQ51: =Sheet1!BW51-AVERAGE(Sheet1!$CE51:$CG51) -> 0.38143333 | BR51: =Sheet1!BX51-AVERAGE(Sheet1!$CE51:$CG51) -> 0.39403333 | BS51: =Sheet1!BY51-AVERAGE(Sheet1!$CE51:$CG51) -> 0.31123333 | BT51: =Sheet1!BZ51-AVERAGE(Sheet1!$CE51:$CG51) -> 0.030533333 | BU51: =Sheet1!CA51-AVERAGE(Sheet1!$CE51:$CG51) -> 0.076933333 | BV51: =Sheet1!CB51-AVERAGE(Sheet1!$CE51:$CG51) -> 0.79833333 | BW51: =Sheet1!CC51-AVERAGE(Sheet1!$CE51:$CG51) -> 0.49663333 | BX51: =Sheet1!CD51-AVERAGE(Sheet1!$CE51:$CG51) -> 0.27763333 | BY51: =Sheet1!CH51-AVERAGE(Sheet1!$CQ51:$CS51) -> 0.51783333 | BZ51: =Sheet1!CI51-AVERAGE(Sheet1!$CQ51:$CS51) -> 0.063833333 | CA51: =Sheet1!CJ51-AVERAGE(Sheet1!$CQ51:$CS51) -> 0.44573333 | CB51: =Sheet1!CK51-AVERAGE(Sheet1!$CQ51:$CS51) -> 0.34253333 | CC51: =Sheet1!CL51-AVERAGE(Sheet1!$CQ51:$CS51) -> 0.038833333 | CD51: =Sheet1!CM51-AVERAGE(Sheet1!$CQ51:$CS51) -> 0.060833333 | CE51: =Sheet1!CN51-AVERAGE(Sheet1!$CQ51:$CS51) -> 0.78393333 | CF51: =Sheet1!CO51-AVERAGE(Sheet1!$CQ51:$CS51) -> 0.52703333 | CG51: =Sheet1!CP51-AVERAGE(Sheet1!$CQ51:$CS51) -> 0.24933333
A52: =HOUR(Sheet1!A52) + MINUTE(Sheet1!A52)/60 + SECOND(Sheet1!A52)/3600 + 24 -> 25.497222 | B52: =Sheet1!B52-AVERAGE(Sheet1!$BG52:$BI52) -> 0.6262 | C52: =Sheet1!C52-AVERAGE(Sheet1!$BG52:$BI52) -> 0.3756 | D52: =Sheet1!D52-AVERAGE(Sheet1!$BG52:$BI52) -> 0.0013 | E52: =Sheet1!E52-AVERAGE(Sheet1!$BG52:$BI52) -> 0.3651 | F52: =Sheet1!F52-AVERAGE(Sheet1!$BG52:$BI52) -> 0.4233 | G52: =Sheet1!G52-AVERAGE(Sheet1!$BG52:$BI52) -> 0.4867 | H52: =Sheet1!H52-AVERAGE(Sheet1!$BG52:$BI52) -> 0.2997 | I52: =Sheet1!I52-AVERAGE(Sheet1!$BG52:$BI52) -> 0.1273 | ... BF52: =Sheet1!BF52-AVERAGE(Sheet1!$BG52:$BI52) -> 0.2686 | BG52: =Sheet1!BJ52-AVERAGE(Sheet1!$BS52:$BU52) -> 0.4407 | BH52: =Sheet1!BK52-AVERAGE(Sheet1!$BS52:$BU52) -> 0.0554 | BI52: =Sheet1!BL52-AVERAGE(Sheet1!$BS52:$BU52) -> 0.3933 | BJ52: =Sheet1!BM52-AVERAGE(Sheet1!$BS52:$BU52) -> 0.3162 | BK52: =Sheet1!BN52-AVERAGE(Sheet1!$BS52:$BU52) -> 0.0291 | BL52: =Sheet1!BO52-AVERAGE(Sheet1!$BS52:$BU52) -> 0.0807 | BM52: =Sheet1!BP52-AVERAGE(Sheet1!$BS52:$BU52) -> 0.7772 | BN52: =Sheet1!BQ52-AVERAGE(Sheet1!$BS52:$BU52) -> 0.4917 | BO52: =Sheet1!BR52-AVERAGE(Sheet1!$BS52:$BU52) -> 0.2481 | BP52: =Sheet1!BV52-AVERAGE(Sheet1!$CE52:$CG52) -> 0.4673 | BQ52: =Sheet1!BW52-AVERAGE(Sheet1!$CE52:$CG52) -> 0.3931 | BR52: =Sheet1!BX52-AVERAGE(Sheet1!$CE52:$CG52) -> 0.3937 | BS52: =Sheet1!BY52-AVERAGE(Sheet1!$CE52:$CG52) -> 0.3164 | BT52: =Sheet1!BZ52-AVERAGE(Sheet1!$CE52:$CG52) -> 0.0305 | BU52: =Sheet1!CA52-AVERAGE(Sheet1!$CE52:$CG52) -> 0.0781 | BV52: =Sheet1!CB52-AVERAGE(Sheet1!$CE52:$CG52) -> 0.8008 | BW52: =Sheet1!CC52-AVERAGE(Sheet1!$CE52:$CG52) -> 0.4934 | BX52: =Sheet1!CD52-AVERAGE(Sheet1!$CE52:$CG52) -> 0.2796 | BY52: =Sheet1!CH52-AVERAGE(Sheet1!$CQ52:$CS52) -> 0.52003333 | BZ52: =Sheet1!CI52-AVERAGE(Sheet1!$CQ52:$CS52) -> 0.068033333 | CA52: =Sheet1!CJ52-AVERAGE(Sheet1!$CQ52:$CS52) -> 0.44833333 | CB52: =Sheet1!CK52-AVERAGE(Sheet1!$CQ52:$CS52) -> 0.34753333 | CC52: =Sheet1!CL52-AVERAGE(Sheet1!$CQ52:$CS52) -> 0.038533333 | CD52: =Sheet1!CM52-AVERAGE(Sheet1!$CQ52:$CS52) -> 0.061233333 | CE52: =Sheet1!CN52-AVERAGE(Sheet1!$CQ52:$CS52) -> 0.81353333 | CF52: =Sheet1!CO52-AVERAGE(Sheet1!$CQ52:$CS52) -> 0.52563333 | CG52: =Sheet1!CP52-AVERAGE(Sheet1!$CQ52:$CS52) -> 0.24793333
A53: =HOUR(Sheet1!A53) + MINUTE(Sheet1!A53)/60 + SECOND(Sheet1!A53)/3600 + 24 -> 25.997222 | B53: =Sheet1!B53-AVERAGE(Sheet1!$BG53:$BI53) -> 0.62006667 | C53: =Sheet1!C53-AVERAGE(Sheet1!$BG53:$BI53) -> 0.37276667 | D53: =Sheet1!D53-AVERAGE(Sheet1!$BG53:$BI53) -> 0.0012666667 | E53: =Sheet1!E53-AVERAGE(Sheet1!$BG53:$BI53) -> 0.36526667 | F53: =Sheet1!F53-AVERAGE(Sheet1!$BG53:$BI53) -> 0.41696667 | G53: =Sheet1!G53-AVERAGE(Sheet1!$BG53:$BI53) -> 0.49036667 | H53: =Sheet1!H53-AVERAGE(Sheet1!$BG53:$BI53) -> 0.30326667 | I53: =Sheet1!I53-AVERAGE(Sheet1!$BG53:$BI53) -> 0.12736667 | ... BF53: =Sheet1!BF53-AVERAGE(Sheet1!$BG53:$BI53) -> 0.27076667 | BG53: =Sheet1!BJ53-AVERAGE(Sheet1!$BS53:$BU53) -> 0.44286667 | BH53: =Sheet1!BK53-AVERAGE(Sheet1!$BS53:$BU53) -> 0.055466667 | BI53: =Sheet1!BL53-AVERAGE(Sheet1!$BS53:$BU53) -> 0.39486667 | BJ53: =Sheet1!BM53-AVERAGE(Sheet1!$BS53:$BU53) -> 0.32106667 | BK53: =Sheet1!BN53-AVERAGE(Sheet1!$BS53:$BU53) -> 0.029166667 | BL53: =Sheet1!BO53-AVERAGE(Sheet1!$BS53:$BU53) -> 0.082166667 | BM53: =Sheet1!BP53-AVERAGE(Sheet1!$BS53:$BU53) -> 0.78046667 | BN53: =Sheet1!BQ53-AVERAGE(Sheet1!$BS53:$BU53) -> 0.48886667 | BO53: =Sheet1!BR53-AVERAGE(Sheet1!$BS53:$BU53) -> 0.25246667 | BP53: =Sheet1!BV53-AVERAGE(Sheet1!$CE53:$CG53) -> 0.46693333 | BQ53: =Sheet1!BW53-AVERAGE(Sheet1!$CE53:$CG53) -> 0.40423333 | BR53: =Sheet1!BX53-AVERAGE(Sheet1!$CE53:$CG53) -> 0.39543333 | BS53: =Sheet1!BY53-AVERAGE(Sheet1!$CE53:$CG53) -> 0.32103333 | BT53: =Sheet1!BZ53-AVERAGE(Sheet1!$CE53:$CG53) -> 0.030433333 | BU53: =Sheet1!CA53-AVERAGE(Sheet1!$CE53:$CG53) -> 0.078633333 | BV53: =Sheet1!CB53-AVERAGE(Sheet1!$CE53:$CG53) -> 0.79673333 | BW53: =Sheet1!CC53-AVERAGE(Sheet1!$CE53:$CG53) -> 0.49063333 | BX53: =Sheet1!CD53-AVERAGE(Sheet1!$CE53:$CG53) -> 0.28293333 | BY53: =Sheet1!CH53-AVERAGE(Sheet1!$CQ53:$CS53) -> 0.5214 | BZ53: =Sheet1!CI53-AVERAGE(Sheet1!$CQ53:$CS53) -> 0.0719 | CA53: =Sheet1!CJ53-AVERAGE(Sheet1!$CQ53:$CS53) -> 0.4569 | CB53: =Sheet1!CK53-AVERAGE(Sheet1!$CQ53:$CS53) -> 0.3539 | CC53: =Sheet1!CL53-AVERAGE(Sheet1!$CQ53:$CS53) -> 0.0391 | CD53: =Sheet1!CM53-AVERAGE(Sheet1!$CQ53:$CS53) -> 0.0613 | CE53: =Sheet1!CN53-AVERAGE(Sheet1!$CQ53:$CS53) -> 0.8326 | CF53: =Sheet1!CO53-AVERAGE(Sheet1!$CQ53:$CS53) -> 0.5213 | CG53: =Sheet1!CP53-AVERAGE(Sheet1!$CQ53:$CS53) -> 0.248
A54: =HOUR(Sheet1!A54) + MINUTE(Sheet1!A54)/60 + SECOND(Sheet1!A54)/3600 + 24 -> 26.497222 | B54: =Sheet1!B54-AVERAGE(Sheet1!$BG54:$BI54) -> 0.607 | C54: =Sheet1!C54-AVERAGE(Sheet1!$BG54:$BI54) -> 0.3688 | D54: =Sheet1!D54-AVERAGE(Sheet1!$BG54:$BI54) -> 0.0015 | E54: =Sheet1!E54-AVERAGE(Sheet1!$BG54:$BI54) -> 0.3708 | F54: =Sheet1!F54-AVERAGE(Sheet1!$BG54:$BI54) -> 0.4212 | G54: =Sheet1!G54-AVERAGE(Sheet1!$BG54:$BI54) -> 0.4962 | H54: =Sheet1!H54-AVERAGE(Sheet1!$BG54:$BI54) -> 0.3064 | I54: =Sheet1!I54-AVERAGE(Sheet1!$BG54:$BI54) -> 0.1269 | ... BF54: =Sheet1!BF54-AVERAGE(Sheet1!$BG54:$BI54) -> 0.2683 | BG54: =Sheet1!BJ54-AVERAGE(Sheet1!$BS54:$BU54) -> 0.4375 | BH54: =Sheet1!BK54-AVERAGE(Sheet1!$BS54:$BU54) -> 0.0565 | BI54: =Sheet1!BL54-AVERAGE(Sheet1!$BS54:$BU54) -> 0.3944 | BJ54: =Sheet1!BM54-AVERAGE(Sheet1!$BS54:$BU54) -> 0.3237 | BK54: =Sheet1!BN54-AVERAGE(Sheet1!$BS54:$BU54) -> 0.0299 | BL54: =Sheet1!BO54-AVERAGE(Sheet1!$BS54:$BU54) -> 0.0827 | BM54: =Sheet1!BP54-AVERAGE(Sheet1!$BS54:$BU54) -> 0.7837 | BN54: =Sheet1!BQ54-AVERAGE(Sheet1!$BS54:$BU54) -> 0.4886 | BO54: =Sheet1!BR54-AVERAGE(Sheet1!$BS54:$BU54) -> 0.255 | BP54: =Sheet1!BV54-AVERAGE(Sheet1!$CE54:$CG54) -> 0.4711 | BQ54: =Sheet1!BW54-AVERAGE(Sheet1!$CE54:$CG54) -> 0.4165 | BR54: =Sheet1!BX54-AVERAGE(Sheet1!$CE54:$CG54) -> 0.3956 | BS54: =Sheet1!BY54-AVERAGE(Sheet1!$CE54:$CG54) -> 0.3247 | BT54: =Sheet1!BZ54-AVERAGE(Sheet1!$CE54:$CG54) -> 0.0305 | BU54: =Sheet1!CA54-AVERAGE(Sheet1!$CE54:$CG54) -> 0.0796 | BV54: =Sheet1!CB54-AVERAGE(Sheet1!$CE54:$CG54) -> 0.8005 | BW54: =Sheet1!CC54-AVERAGE(Sheet1!$CE54:$CG54) -> 0.4907 | BX54: =Sheet1!CD54-AVERAGE(Sheet1!$CE54:$CG54) -> 0.2875 | BY54: =Sheet1!CH54-AVERAGE(Sheet1!$CQ54:$CS54) -> 0.5204 | BZ54: =Sheet1!CI54-AVERAGE(Sheet1!$CQ54:$CS54) -> 0.0668 | CA54: =Sheet1!CJ54-AVERAGE(Sheet1!$CQ54:$CS54) -> 0.4566 | CB54: =Sheet1!CK54-AVERAGE(Sheet1!$CQ54:$CS54) -> 0.357 | CC54: =Sheet1!CL54-AVERAGE(Sheet1!$CQ54:$CS54) -> 0.0394 | CD54: =Sheet1!CM54-AVERAGE(Sheet1!$CQ54:$CS54) -> 0.0621 | CE54: =Sheet1!CN54-AVERAGE(Sheet1!$CQ54:$CS54) -> 0.8448 | CF54: =Sheet1!CO54-AVERAGE(Sheet1!$CQ54:$CS54) -> 0.5222 | CG54: =Sheet1!CP54-AVERAGE(Sheet1!$CQ54:$CS54) -> 0.2531
A55: =HOUR(Sheet1!A55) + MINUTE(Sheet1!A55)/60 + SECOND(Sheet1!A55)/3600 + 24 -> 26.997222 | B55: =Sheet1!B55-AVERAGE(Sheet1!$BG55:$BI55) -> 0.5984 | C55: =Sheet1!C55-AVERAGE(Sheet1!$BG55:$BI55) -> 0.3703 | D55: =Sheet1!D55-AVERAGE(Sheet1!$BG55:$BI55) -> 0.0011 | E55: =Sheet1!E55-AVERAGE(Sheet1!$BG55:$BI55) -> 0.3721 | F55: =Sheet1!F55-AVERAGE(Sheet1!$BG55:$BI55) -> 0.4147 | G55: =Sheet1!G55-AVERAGE(Sheet1!$BG55:$BI55) -> 0.5014 | H55: =Sheet1!H55-AVERAGE(Sheet1!$BG55:$BI55) -> 0.3108 | I55: =Sheet1!I55-AVERAGE(Sheet1!$BG55:$BI55) -> 0.1266 | ... BF55: =Sheet1!BF55-AVERAGE(Sheet1!$BG55:$BI55) -> 0.2695 | BG55: =Sheet1!BJ55-AVERAGE(Sheet1!$BS55:$BU55) -> 0.42923333 | BH55: =Sheet1!BK55-AVERAGE(Sheet1!$BS55:$BU55) -> 0.056833333 | BI55: =Sheet1!BL55-AVERAGE(Sheet1!$BS55:$BU55) -> 0.39553333 | BJ55: =Sheet1!BM55-AVERAGE(Sheet1!$BS55:$BU55) -> 0.32853333 | BK55: =Sheet1!BN55-AVERAGE(Sheet1!$BS55:$BU55) -> 0.030033333 | BL55: =Sheet1!BO55-AVERAGE(Sheet1!$BS55:$BU55) -> 0.083433333 | BM55: =Sheet1!BP55-AVERAGE(Sheet1!$BS55:$BU55) -> 0.77403333 | BN55: =Sheet1!BQ55-AVERAGE(Sheet1!$BS55:$BU55) -> 0.49053333 | BO55: =Sheet1!BR55-AVERAGE(Sheet1!$BS55:$BU55) -> 0.25383333 | BP55: =Sheet1!BV55-AVERAGE(Sheet1!$CE55:$CG55) -> 0.4756 | BQ55: =Sheet1!BW55-AVERAGE(Sheet1!$CE55:$CG55) -> 0.4254 | BR55: =Sheet1!BX55-AVERAGE(Sheet1!$CE55:$CG55) -> 0.3974 | BS55: =Sheet1!BY55-AVERAGE(Sheet1!$CE55:$CG55) -> 0.3305 | BT55: =Sheet1!BZ55-AVERAGE(Sheet1!$CE55:$CG55) -> 0.0315 | BU55: =Sheet1!CA55-AVERAGE(Sheet1!$CE55:$CG55) -> 0.0803 | BV55: =Sheet1!CB55-AVERAGE(Sheet1!$CE55:$CG55) -> 0.7983 | BW55: =Sheet1!CC55-AVERAGE(Sheet1!$CE55:$CG55) -> 0.4925 | BX55: =Sheet1!CD55-AVERAGE(Sheet1!$CE55:$CG55) -> 0.2971 | BY55: =Sheet1!CH55-AVERAGE(Sheet1!$CQ55:$CS55) -> 0.52076667 | BZ55: =Sheet1!CI55-AVERAGE(Sheet1!$CQ55:$CS55) -> 0.068866667 | CA55: =Sheet1!CJ55-AVERAGE(Sheet1!$CQ55:$CS55) -> 0.45916667 | CB55: =Sheet1!CK55-AVERAGE(Sheet1!$CQ55:$CS55) -> 0.36136667 | CC55: =Sheet1!CL55-AVERAGE(Sheet1!$CQ55:$CS55) -> 0.039566667 | CD55: =Sheet1!CM55-AVERAGE(Sheet1!$CQ55:$CS55) -> 0.061966667 | CE55: =Sheet1!CN55-AVERAGE(Sheet1!$CQ55:$CS55) -> 0.85506667 | CF55: =Sheet1!CO55-AVERAGE(Sheet1!$CQ55:$CS55) -> 0.52386667 | CG55: =Sheet1!CP55-AVERAGE(Sheet1!$CQ55:$CS55) -> 0.25376667
A56: =HOUR(Sheet1!A56) + MINUTE(Sheet1!A56)/60 + SECOND(Sheet1!A56)/3600 + 24 -> 27.497222 | B56: =Sheet1!B56-AVERAGE(Sheet1!$BG56:$BI56) -> 0.58293333 | C56: =Sheet1!C56-AVERAGE(Sheet1!$BG56:$BI56) -> 0.36913333 | D56: =Sheet1!D56-AVERAGE(Sheet1!$BG56:$BI56) -> 0.0014333333 | E56: =Sheet1!E56-AVERAGE(Sheet1!$BG56:$BI56) -> 0.37723333 | F56: =Sheet1!F56-AVERAGE(Sheet1!$BG56:$BI56) -> 0.41943333 | G56: =Sheet1!G56-AVERAGE(Sheet1!$BG56:$BI56) -> 0.50733333 | H56: =Sheet1!H56-AVERAGE(Sheet1!$BG56:$BI56) -> 0.31713333 | I56: =Sheet1!I56-AVERAGE(Sheet1!$BG56:$BI56) -> 0.12723333 | ... BF56: =Sheet1!BF56-AVERAGE(Sheet1!$BG56:$BI56) -> 0.27213333 | BG56: =Sheet1!BJ56-AVERAGE(Sheet1!$BS56:$BU56) -> 0.42016667 | BH56: =Sheet1!BK56-AVERAGE(Sheet1!$BS56:$BU56) -> 0.057566667 | BI56: =Sheet1!BL56-AVERAGE(Sheet1!$BS56:$BU56) -> 0.39666667 | BJ56: =Sheet1!BM56-AVERAGE(Sheet1!$BS56:$BU56) -> 0.33126667 | BK56: =Sheet1!BN56-AVERAGE(Sheet1!$BS56:$BU56) -> 0.028866667 | BL56: =Sheet1!BO56-AVERAGE(Sheet1!$BS56:$BU56) -> 0.084366667 | BM56: =Sheet1!BP56-AVERAGE(Sheet1!$BS56:$BU56) -> 0.76906667 | BN56: =Sheet1!BQ56-AVERAGE(Sheet1!$BS56:$BU56) -> 0.49056667 | BO56: =Sheet1!BR56-AVERAGE(Sheet1!$BS56:$BU56) -> 0.25716667 | BP56: =Sheet1!BV56-AVERAGE(Sheet1!$CE56:$CG56) -> 0.47353333 | BQ56: =Sheet1!BW56-AVERAGE(Sheet1!$CE56:$CG56) -> 0.43433333 | BR56: =Sheet1!BX56-AVERAGE(Sheet1!$CE56:$CG56) -> 0.39763333 | BS56: =Sheet1!BY56-AVERAGE(Sheet1!$CE56:$CG56) -> 0.33553333 | BT56: =Sheet1!BZ56-AVERAGE(Sheet1!$CE56:$CG56) -> 0.032133333 | BU56: =Sheet1!CA56-AVERAGE(Sheet1!$CE56:$CG56) -> 0.080733333 | BV56: =Sheet1!CB56-AVERAGE(Sheet1!$CE56:$CG56) -> 0.79793333 | BW56: =Sheet1!CC56-AVERAGE(Sheet1!$CE56:$CG56) -> 0.49473333 | BX56: =Sheet1!CD56-AVERAGE(Sheet1!$CE56:$CG56) -> 0.30093333 | BY56: =Sheet1!CH56-AVERAGE(Sheet1!$CQ56:$CS56) -> 0.52023333 | BZ56: =Sheet1!CI56-AVERAGE(Sheet1!$CQ56:$CS56) -> 0.067933333 | CA56: =Sheet1!CJ56-AVERAGE(Sheet1!$CQ56:$CS56) -> 0.46323333 | CB56: =Sheet1!CK56-AVERAGE(Sheet1!$CQ56:$CS56) -> 0.36393333 | CC56: =Sheet1!CL56-AVERAGE(Sheet1!$CQ56:$CS56) -> 0.041533333 | CD56: =Sheet1!CM56-AVERAGE(Sheet1!$CQ56:$CS56) -> 0.062833333 | CE56: =Sheet1!CN56-AVERAGE(Sheet1!$CQ56:$CS56) -> 0.86443333 | CF56: =Sheet1!CO56-AVERAGE(Sheet1!$CQ56:$CS56) -> 0.52633333 | CG56: =Sheet1!CP56-AVERAGE(Sheet1!$CQ56:$CS56) -> 0.25783333
A57: =HOUR(Sheet1!A57) + MINUTE(Sheet1!A57)/60 + SECOND(Sheet1!A57)/3600 + 24 -> 27.997222 | B57: =Sheet1!B57-AVERAGE(Sheet1!$BG57:$BI57) -> 0.5803 | C57: =Sheet1!C57-AVERAGE(Sheet1!$BG57:$BI57) -> 0.3669 | D57: =Sheet1!D57-AVERAGE(Sheet1!$BG57:$BI57) -> 0.0015 | E57: =Sheet1!E57-AVERAGE(Sheet1!$BG57:$BI57) -> 0.3788 | F57: =Sheet1!F57-AVERAGE(Sheet1!$BG57:$BI57) -> 0.4195 | G57: =Sheet1!G57-AVERAGE(Sheet1!$BG57:$BI57) -> 0.5094 | H57: =Sheet1!H57-AVERAGE(Sheet1!$BG57:$BI57) -> 0.3215 | I57: =Sheet1!I57-AVERAGE(Sheet1!$BG57:$BI57) -> 0.1285 | ... BF57: =Sheet1!BF57-AVERAGE(Sheet1!$BG57:$BI57) -> 0.2801 | BG57: =Sheet1!BJ57-AVERAGE(Sheet1!$BS57:$BU57) -> 0.418 | BH57: =Sheet1!BK57-AVERAGE(Sheet1!$BS57:$BU57) -> 0.0583 | BI57: =Sheet1!BL57-AVERAGE(Sheet1!$BS57:$BU57) -> 0.3992 | BJ57: =Sheet1!BM57-AVERAGE(Sheet1!$BS57:$BU57) -> 0.3363 | BK57: =Sheet1!BN57-AVERAGE(Sheet1!$BS57:$BU57) -> 0.0297 | BL57: =Sheet1!BO57-AVERAGE(Sheet1!$BS57:$BU57) -> 0.0854 | BM57: =Sheet1!BP57-AVERAGE(Sheet1!$BS57:$BU57) -> 0.7752 | BN57: =Sheet1!BQ57-AVERAGE(Sheet1!$BS57:$BU57) -> 0.4895 | BO57: =Sheet1!BR57-AVERAGE(Sheet1!$BS57:$BU57) -> 0.2682 | BP57: =Sheet1!BV57-AVERAGE(Sheet1!$CE57:$CG57) -> 0.46956667 | BQ57: =Sheet1!BW57-AVERAGE(Sheet1!$CE57:$CG57) -> 0.43956667 | BR57: =Sheet1!BX57-AVERAGE(Sheet1!$CE57:$CG57) -> 0.39876667 | BS57: =Sheet1!BY57-AVERAGE(Sheet1!$CE57:$CG57) -> 0.34036667 | BT57: =Sheet1!BZ57-AVERAGE(Sheet1!$CE57:$CG57) -> 0.031466667 | BU57: =Sheet1!CA57-AVERAGE(Sheet1!$CE57:$CG57) -> 0.081366667 | BV57: =Sheet1!CB57-AVERAGE(Sheet1!$CE57:$CG57) -> 0.80076667 | BW57: =Sheet1!CC57-AVERAGE(Sheet1!$CE57:$CG57) -> 0.49236667 | BX57: =Sheet1!CD57-AVERAGE(Sheet1!$CE57:$CG57) -> 0.30556667 | BY57: =Sheet1!CH57-AVERAGE(Sheet1!$CQ57:$CS57) -> 0.52193333 | BZ57: =Sheet1!CI57-AVERAGE(Sheet1!$CQ57:$CS57) -> 0.072433333 | CA57: =Sheet1!CJ57-AVERAGE(Sheet1!$CQ57:$CS57) -> 0.47183333 | CB57: =Sheet1!CK57-AVERAGE(Sheet1!$CQ57:$CS57) -> 0.36983333 | CC57: =Sheet1!CL57-AVERAGE(Sheet1!$CQ57:$CS57) -> 0.043033333 | CD57: =Sheet1!CM57-AVERAGE(Sheet1!$CQ57:$CS57) -> 0.062033333 | CE57: =Sheet1!CN57-AVERAGE(Sheet1!$CQ57:$CS57) -> 0.86933333 | CF57: =Sheet1!CO57-AVERAGE(Sheet1!$CQ57:$CS57) -> 0.52353333 | CG57: =Sheet1!CP57-AVERAGE(Sheet1!$CQ57:$CS57) -> 0.26443333
A58: =HOUR(Sheet1!A58) + MINUTE(Sheet1!A58)/60 + SECOND(Sheet1!A58)/3600 + 24 -> 28.497222 | B58: =Sheet1!B58-AVERAGE(Sheet1!$BG58:$BI58) -> 0.55916667 | C58: =Sheet1!C58-AVERAGE(Sheet1!$BG58:$BI58) -> 0.36726667 | D58: =Sheet1!D58-AVERAGE(Sheet1!$BG58:$BI58) -> 0.0012666667 | E58: =Sheet1!E58-AVERAGE(Sheet1!$BG58:$BI58) -> 0.37976667 | F58: =Sheet1!F58-AVERAGE(Sheet1!$BG58:$BI58) -> 0.42116667 | G58: =Sheet1!G58-AVERAGE(Sheet1!$BG58:$BI58) -> 0.51456667 | H58: =Sheet1!H58-AVERAGE(Sheet1!$BG58:$BI58) -> 0.32396667 | I58: =Sheet1!I58-AVERAGE(Sheet1!$BG58:$BI58) -> 0.12916667 | ... BF58: =Sheet1!BF58-AVERAGE(Sheet1!$BG58:$BI58) -> 0.27986667 | BG58: =Sheet1!BJ58-AVERAGE(Sheet1!$BS58:$BU58) -> 0.41723333 | BH58: =Sheet1!BK58-AVERAGE(Sheet1!$BS58:$BU58) -> 0.057933333 | BI58: =Sheet1!BL58-AVERAGE(Sheet1!$BS58:$BU58) -> 0.39753333 | BJ58: =Sheet1!BM58-AVERAGE(Sheet1!$BS58:$BU58) -> 0.33793333 | BK58: =Sheet1!BN58-AVERAGE(Sheet1!$BS58:$BU58) -> 0.029333333 | BL58: =Sheet1!BO58-AVERAGE(Sheet1!$BS58:$BU58) -> 0.086333333 | BM58: =Sheet1!BP58-AVERAGE(Sheet1!$BS58:$BU58) -> 0.77383333 | BN58: =Sheet1!BQ58-AVERAGE(Sheet1!$BS58:$BU58) -> 0.49033333 | BO58: =Sheet1!BR58-AVERAGE(Sheet1!$BS58:$BU58) -> 0.26433333 | BP58: =Sheet1!BV58-AVERAGE(Sheet1!$CE58:$CG58) -> 0.4794 | BQ58: =Sheet1!BW58-AVERAGE(Sheet1!$CE58:$CG58) -> 0.439 | BR58: =Sheet1!BX58-AVERAGE(Sheet1!$CE58:$CG58) -> 0.3997 | BS58: =Sheet1!BY58-AVERAGE(Sheet1!$CE58:$CG58) -> 0.344 | BT58: =Sheet1!BZ58-AVERAGE(Sheet1!$CE58:$CG58) -> 0.0338 | BU58: =Sheet1!CA58-AVERAGE(Sheet1!$CE58:$CG58) -> 0.083 | BV58: =Sheet1!CB58-AVERAGE(Sheet1!$CE58:$CG58) -> 0.8062 | BW58: =Sheet1!CC58-AVERAGE(Sheet1!$CE58:$CG58) -> 0.4948 | BX58: =Sheet1!CD58-AVERAGE(Sheet1!$CE58:$CG58) -> 0.3135 | BY58: =Sheet1!CH58-AVERAGE(Sheet1!$CQ58:$CS58) -> 0.522 | BZ58: =Sheet1!CI58-AVERAGE(Sheet1!$CQ58:$CS58) -> 0.071 | CA58: =Sheet1!CJ58-AVERAGE(Sheet1!$CQ58:$CS58) -> 0.4719 | CB58: =Sheet1!CK58-AVERAGE(Sheet1!$CQ58:$CS58) -> 0.3698 | CC58: =Sheet1!CL58-AVERAGE(Sheet1!$CQ58:$CS58) -> 0.048 | CD58: =Sheet1!CM58-AVERAGE(Sheet1!$CQ58:$CS58) -> 0.0628 | CE58: =Sheet1!CN58-AVERAGE(Sheet1!$CQ58:$CS58) -> 0.8786 | CF58: =Sheet1!CO58-AVERAGE(Sheet1!$CQ58:$CS58) -> 0.5238 | CG58: =Sheet1!CP58-AVERAGE(Sheet1!$CQ58:$CS58) -> 0.2647
A59: =HOUR(Sheet1!A59) + MINUTE(Sheet1!A59)/60 + SECOND(Sheet1!A59)/3600 + 24 -> 28.997222 | B59: =Sheet1!B59-AVERAGE(Sheet1!$BG59:$BI59) -> 0.54373333 | C59: =Sheet1!C59-AVERAGE(Sheet1!$BG59:$BI59) -> 0.36533333 | D59: =Sheet1!D59-AVERAGE(Sheet1!$BG59:$BI59) -> 0.0012333333 | E59: =Sheet1!E59-AVERAGE(Sheet1!$BG59:$BI59) -> 0.38393333 | F59: =Sheet1!F59-AVERAGE(Sheet1!$BG59:$BI59) -> 0.42203333 | G59: =Sheet1!G59-AVERAGE(Sheet1!$BG59:$BI59) -> 0.52143333 | H59: =Sheet1!H59-AVERAGE(Sheet1!$BG59:$BI59) -> 0.32643333 | I59: =Sheet1!I59-AVERAGE(Sheet1!$BG59:$BI59) -> 0.13123333 | ... BF59: =Sheet1!BF59-AVERAGE(Sheet1!$BG59:$BI59) -> 0.28033333 | BG59: =Sheet1!BJ59-AVERAGE(Sheet1!$BS59:$BU59) -> 0.41576667 | BH59: =Sheet1!BK59-AVERAGE(Sheet1!$BS59:$BU59) -> 0.059266667 | BI59: =Sheet1!BL59-AVERAGE(Sheet1!$BS59:$BU59) -> 0.40056667 | BJ59: =Sheet1!BM59-AVERAGE(Sheet1!$BS59:$BU59) -> 0.34196667 | BK59: =Sheet1!BN59-AVERAGE(Sheet1!$BS59:$BU59) -> 0.030166667 | BL59: =Sheet1!BO59-AVERAGE(Sheet1!$BS59:$BU59) -> 0.087266667 | BM59: =Sheet1!BP59-AVERAGE(Sheet1!$BS59:$BU59) -> 0.78406667 | BN59: =Sheet1!BQ59-AVERAGE(Sheet1!$BS59:$BU59) -> 0.49286667 | BO59: =Sheet1!BR59-AVERAGE(Sheet1!$BS59:$BU59) -> 0.27336667 | BP59: =Sheet1!BV59-AVERAGE(Sheet1!$CE59:$CG59) -> 0.47846667 | BQ59: =Sheet1!BW59-AVERAGE(Sheet1!$CE59:$CG59) -> 0.44206667 | BR59: =Sheet1!BX59-AVERAGE(Sheet1!$CE59:$CG59) -> 0.39896667 | BS59: =Sheet1!BY59-AVERAGE(Sheet1!$CE59:$CG59) -> 0.34696667 | BT59: =Sheet1!BZ59-AVERAGE(Sheet1!$CE59:$CG59) -> 0.035766667 | BU59: =Sheet1!CA59-AVERAGE(Sheet1!$CE59:$CG59) -> 0.083466667 | BV59: =Sheet1!CB59-AVERAGE(Sheet1!$CE59:$CG59) -> 0.81256667 | BW59: =Sheet1!CC59-AVERAGE(Sheet1!$CE59:$CG59) -> 0.49346667 | BX59: =Sheet1!CD59-AVERAGE(Sheet1!$CE59:$CG59) -> 0.31836667 | BY59: =Sheet1!CH59-AVERAGE(Sheet1!$CQ59:$CS59) -> 0.52823333 | BZ59: =Sheet1!CI59-AVERAGE(Sheet1!$CQ59:$CS59) -> 0.070233333 | CA59: =Sheet1!CJ59-AVERAGE(Sheet1!$CQ59:$CS59) -> 0.47633333 | CB59: =Sheet1!CK59-AVERAGE(Sheet1!$CQ59:$CS59) -> 0.37203333 | CC59: =Sheet1!CL59-AVERAGE(Sheet1!$CQ59:$CS59) -> 0.052933333 | CD59: =Sheet1!CM59-AVERAGE(Sheet1!$CQ59:$CS59) -> 0.063033333 | CE59: =Sheet1!CN59-AVERAGE(Sheet1!$CQ59:$CS59) -> 0.88373333 | CF59: =Sheet1!CO59-AVERAGE(Sheet1!$CQ59:$CS59) -> 0.52393333 | CG59: =Sheet1!CP59-AVERAGE(Sheet1!$CQ59:$CS59) -> 0.27033333
A60: =HOUR(Sheet1!A60) + MINUTE(Sheet1!A60)/60 + SECOND(Sheet1!A60)/3600 + 24 -> 29.497222 | B60: =Sheet1!B60-AVERAGE(Sheet1!$BG60:$BI60) -> 0.53646667 | C60: =Sheet1!C60-AVERAGE(Sheet1!$BG60:$BI60) -> 0.36786667 | D60: =Sheet1!D60-AVERAGE(Sheet1!$BG60:$BI60) -> 0.0015666667 | E60: =Sheet1!E60-AVERAGE(Sheet1!$BG60:$BI60) -> 0.38456667 | F60: =Sheet1!F60-AVERAGE(Sheet1!$BG60:$BI60) -> 0.41896667 | G60: =Sheet1!G60-AVERAGE(Sheet1!$BG60:$BI60) -> 0.52606667 | H60: =Sheet1!H60-AVERAGE(Sheet1!$BG60:$BI60) -> 0.33076667 | I60: =Sheet1!I60-AVERAGE(Sheet1!$BG60:$BI60) -> 0.13346667 | ... BF60: =Sheet1!BF60-AVERAGE(Sheet1!$BG60:$BI60) -> 0.28276667 | BG60: =Sheet1!BJ60-AVERAGE(Sheet1!$BS60:$BU60) -> 0.4314 | BH60: =Sheet1!BK60-AVERAGE(Sheet1!$BS60:$BU60) -> 0.0587 | BI60: =Sheet1!BL60-AVERAGE(Sheet1!$BS60:$BU60) -> 0.4002 | BJ60: =Sheet1!BM60-AVERAGE(Sheet1!$BS60:$BU60) -> 0.3441 | BK60: =Sheet1!BN60-AVERAGE(Sheet1!$BS60:$BU60) -> 0.03 | BL60: =Sheet1!BO60-AVERAGE(Sheet1!$BS60:$BU60) -> 0.0872 | BM60: =Sheet1!BP60-AVERAGE(Sheet1!$BS60:$BU60) -> 0.791 | BN60: =Sheet1!BQ60-AVERAGE(Sheet1!$BS60:$BU60) -> 0.4887 | BO60: =Sheet1!BR60-AVERAGE(Sheet1!$BS60:$BU60) -> 0.2756 | BP60: =Sheet1!BV60-AVERAGE(Sheet1!$CE60:$CG60) -> 0.48263333 | BQ60: =Sheet1!BW60-AVERAGE(Sheet1!$CE60:$CG60) -> 0.47433333 | BR60: =Sheet1!BX60-AVERAGE(Sheet1!$CE60:$CG60) -> 0.39943333 | BS60: =Sheet1!BY60-AVERAGE(Sheet1!$CE60:$CG60) -> 0.34973333 | BT60: =Sheet1!BZ60-AVERAGE(Sheet1!$CE60:$CG60) -> 0.038033333 | BU60: =Sheet1!CA60-AVERAGE(Sheet1!$CE60:$CG60) -> 0.084133333 | BV60: =Sheet1!CB60-AVERAGE(Sheet1!$CE60:$CG60) -> 0.81783333 | BW60: =Sheet1!CC60-AVERAGE(Sheet1!$CE60:$CG60) -> 0.48993333 | BX60: =Sheet1!CD60-AVERAGE(Sheet1!$CE60:$CG60) -> 0.32583333 | BY60: =Sheet1!CH60-AVERAGE(Sheet1!$CQ60:$CS60) -> 0.5314 | BZ60: =Sheet1!CI60-AVERAGE(Sheet1!$CQ60:$CS60) -> 0.0711 | CA60: =Sheet1!CJ60-AVERAGE(Sheet1!$CQ60:$CS60) -> 0.4822 | CB60: =Sheet1!CK60-AVERAGE(Sheet1!$CQ60:$CS60) -> 0.3752 | CC60: =Sheet1!CL60-AVERAGE(Sheet1!$CQ60:$CS60) -> 0.0581 | CD60: =Sheet1!CM60-AVERAGE(Sheet1!$CQ60:$CS60) -> 0.0631 | CE60: =Sheet1!CN60-AVERAGE(Sheet1!$CQ60:$CS60) -> 0.8781 | CF60: =Sheet1!CO60-AVERAGE(Sheet1!$CQ60:$CS60) -> 0.521 | CG60: =Sheet1!CP60-AVERAGE(Sheet1!$CQ60:$CS60) -> 0.2703
A61: =HOUR(Sheet1!A61) + MINUTE(Sheet1!A61)/60 + SECOND(Sheet1!A61)/3600 + 24 -> 29.997222 | B61: =Sheet1!B61-AVERAGE(Sheet1!$BG61:$BI61) -> 0.52883333 | C61: =Sheet1!C61-AVERAGE(Sheet1!$BG61:$BI61) -> 0.36403333 | D61: =Sheet1!D61-AVERAGE(Sheet1!$BG61:$BI61) -> 0.00093333333 | E61: =Sheet1!E61-AVERAGE(Sheet1!$BG61:$BI61) -> 0.38743333 | F61: =Sheet1!F61-AVERAGE(Sheet1!$BG61:$BI61) -> 0.42653333 | G61: =Sheet1!G61-AVERAGE(Sheet1!$BG61:$BI61) -> 0.53213333 | H61: =Sheet1!H61-AVERAGE(Sheet1!$BG61:$BI61) -> 0.33823333 | I61: =Sheet1!I61-AVERAGE(Sheet1!$BG61:$BI61) -> 0.13563333 | ... BF61: =Sheet1!BF61-AVERAGE(Sheet1!$BG61:$BI61) -> 0.28823333 | BG61: =Sheet1!BJ61-AVERAGE(Sheet1!$BS61:$BU61) -> 0.43583333 | BH61: =Sheet1!BK61-AVERAGE(Sheet1!$BS61:$BU61) -> 0.059733333 | BI61: =Sheet1!BL61-AVERAGE(Sheet1!$BS61:$BU61) -> 0.40203333 | BJ61: =Sheet1!BM61-AVERAGE(Sheet1!$BS61:$BU61) -> 0.34733333 | BK61: =Sheet1!BN61-AVERAGE(Sheet1!$BS61:$BU61) -> 0.031133333 | BL61: =Sheet1!BO61-AVERAGE(Sheet1!$BS61:$BU61) -> 0.089833333 | BM61: =Sheet1!BP61-AVERAGE(Sheet1!$BS61:$BU61) -> 0.79493333 | BN61: =Sheet1!BQ61-AVERAGE(Sheet1!$BS61:$BU61) -> 0.49373333 | BO61: =Sheet1!BR61-AVERAGE(Sheet1!$BS61:$BU61) -> 0.28013333 | BP61: =Sheet1!BV61-AVERAGE(Sheet1!$CE61:$CG61) -> 0.48556667 | BQ61: =Sheet1!BW61-AVERAGE(Sheet1!$CE61:$CG61) -> 0.49066667 | BR61: =Sheet1!BX61-AVERAGE(Sheet1!$CE61:$CG61) -> 0.39996667 | BS61: =Sheet1!BY61-AVERAGE(Sheet1!$CE61:$CG61) -> 0.35576667 | BT61: =Sheet1!BZ61-AVERAGE(Sheet1!$CE61:$CG61) -> 0.041766667 | BU61: =Sheet1!CA61-AVERAGE(Sheet1!$CE61:$CG61) -> 0.084966667 | BV61: =Sheet1!CB61-AVERAGE(Sheet1!$CE61:$CG61) -> 0.81656667 | BW61: =Sheet1!CC61-AVERAGE(Sheet1!$CE61:$CG61) -> 0.49596667 | BX61: =Sheet1!CD61-AVERAGE(Sheet1!$CE61:$CG61) -> 0.33266667 | BY61: =Sheet1!CH61-AVERAGE(Sheet1!$CQ61:$CS61) -> 0.52913333 | BZ61: =Sheet1!CI61-AVERAGE(Sheet1!$CQ61:$CS61) -> 0.071133333 | CA61: =Sheet1!CJ61-AVERAGE(Sheet1!$CQ61:$CS61) -> 0.48643333 | CB61: =Sheet1!CK61-AVERAGE(Sheet1!$CQ61:$CS61) -> 0.37843333 | CC61: =Sheet1!CL61-AVERAGE(Sheet1!$CQ61:$CS61) -> 0.066133333 | CD61: =Sheet1!CM61-AVERAGE(Sheet1!$CQ61:$CS61) -> 0.063533333 | CE61: =Sheet1!CN61-AVERAGE(Sheet1!$CQ61:$CS61) -> 0.88203333 | CF61: =Sheet1!CO61-AVERAGE(Sheet1!$CQ61:$CS61) -> 0.52413333 | CG61: =Sheet1!CP61-AVERAGE(Sheet1!$CQ61:$CS61) -> 0.27763333
... A97: =HOUR(Sheet1!A97) + MINUTE(Sheet1!A97)/60 + SECOND(Sheet1!A97)/3600 + 24 -> 47.997222 | B97: =Sheet1!B97-AVERAGE(Sheet1!$BG97:$BI97) -> 0.37826667 | C97: =Sheet1!C97-AVERAGE(Sheet1!$BG97:$BI97) -> 0.35256667 | D97: =Sheet1!D97-AVERAGE(Sheet1!$BG97:$BI97) -> 0.0016666667 | E97: =Sheet1!E97-AVERAGE(Sheet1!$BG97:$BI97) -> 0.43836667 | F97: =Sheet1!F97-AVERAGE(Sheet1!$BG97:$BI97) -> 0.40916667 | G97: =Sheet1!G97-AVERAGE(Sheet1!$BG97:$BI97) -> 0.70486667 | H97: =Sheet1!H97-AVERAGE(Sheet1!$BG97:$BI97) -> 0.54276667 | I97: =Sheet1!I97-AVERAGE(Sheet1!$BG97:$BI97) -> 0.20916667 | ... BF97: =Sheet1!BF97-AVERAGE(Sheet1!$BG97:$BI97) -> 0.36496667 | BG97: =Sheet1!BJ97-AVERAGE(Sheet1!$BS97:$BU97) -> 0.45706667 | BH97: =Sheet1!BK97-AVERAGE(Sheet1!$BS97:$BU97) -> 0.065366667 | BI97: =Sheet1!BL97-AVERAGE(Sheet1!$BS97:$BU97) -> 0.42696667 | BJ97: =Sheet1!BM97-AVERAGE(Sheet1!$BS97:$BU97) -> 0.41126667 | BK97: =Sheet1!BN97-AVERAGE(Sheet1!$BS97:$BU97) -> 0.089766667 | BL97: =Sheet1!BO97-AVERAGE(Sheet1!$BS97:$BU97) -> 0.10546667 | BM97: =Sheet1!BP97-AVERAGE(Sheet1!$BS97:$BU97) -> 0.66766667 | BN97: =Sheet1!BQ97-AVERAGE(Sheet1!$BS97:$BU97) -> 0.49446667 | BO97: =Sheet1!BR97-AVERAGE(Sheet1!$BS97:$BU97) -> 0.39196667 | BP97: =Sheet1!BV97-AVERAGE(Sheet1!$CE97:$CG97) -> 0.4827 | BQ97: =Sheet1!BW97-AVERAGE(Sheet1!$CE97:$CG97) -> 0.4773 | BR97: =Sheet1!BX97-AVERAGE(Sheet1!$CE97:$CG97) -> 0.4202 | BS97: =Sheet1!BY97-AVERAGE(Sheet1!$CE97:$CG97) -> 0.4107 | BT97: =Sheet1!BZ97-AVERAGE(Sheet1!$CE97:$CG97) -> 0.1139 | BU97: =Sheet1!CA97-AVERAGE(Sheet1!$CE97:$CG97) -> 0.0977 | BV97: =Sheet1!CB97-AVERAGE(Sheet1!$CE97:$CG97) -> 0.6762 | BW97: =Sheet1!CC97-AVERAGE(Sheet1!$CE97:$CG97) -> 0.4939 | BX97: =Sheet1!CD97-AVERAGE(Sheet1!$CE97:$CG97) -> 0.4114 | BY97: =Sheet1!CH97-AVERAGE(Sheet1!$CQ97:$CS97) -> 0.49863333 | BZ97: =Sheet1!CI97-AVERAGE(Sheet1!$CQ97:$CS97) -> 0.081733333 | CA97: =Sheet1!CJ97-AVERAGE(Sheet1!$CQ97:$CS97) -> 0.67293333 | CB97: =Sheet1!CK97-AVERAGE(Sheet1!$CQ97:$CS97) -> 0.51553333 | CC97: =Sheet1!CL97-AVERAGE(Sheet1!$CQ97:$CS97) -> 0.16333333 | CD97: =Sheet1!CM97-AVERAGE(Sheet1!$CQ97:$CS97) -> 0.074833333 | CE97: =Sheet1!CN97-AVERAGE(Sheet1!$CQ97:$CS97) -> 0.75333333 | CF97: =Sheet1!CO97-AVERAGE(Sheet1!$CQ97:$CS97) -> 0.51593333 | CG97: =Sheet1!CP97-AVERAGE(Sheet1!$CQ97:$CS97) -> 0.42263333
A98: =HOUR(Sheet1!A98) + MINUTE(Sheet1!A98)/60 + SECOND(Sheet1!A98)/3600 + 2*24 -> 48.497222 | B98: =Sheet1!B98-AVERAGE(Sheet1!$BG98:$BI98) -> 0.38283333 | C98: =Sheet1!C98-AVERAGE(Sheet1!$BG98:$BI98) -> 0.35023333 | D98: =Sheet1!D98-AVERAGE(Sheet1!$BG98:$BI98) -> 0.0013333333 | E98: =Sheet1!E98-AVERAGE(Sheet1!$BG98:$BI98) -> 0.43753333 | F98: =Sheet1!F98-AVERAGE(Sheet1!$BG98:$BI98) -> 0.40963333 | G98: =Sheet1!G98-AVERAGE(Sheet1!$BG98:$BI98) -> 0.70733333 | H98: =Sheet1!H98-AVERAGE(Sheet1!$BG98:$BI98) -> 0.54693333 | I98: =Sheet1!I98-AVERAGE(Sheet1!$BG98:$BI98) -> 0.20973333 | ... BF98: =Sheet1!BF98-AVERAGE(Sheet1!$BG98:$BI98) -> 0.35323333 | BG98: =Sheet1!BJ98-AVERAGE(Sheet1!$BS98:$BU98) -> 0.4539 | BH98: =Sheet1!BK98-AVERAGE(Sheet1!$BS98:$BU98) -> 0.0668 | BI98: =Sheet1!BL98-AVERAGE(Sheet1!$BS98:$BU98) -> 0.4296 | BJ98: =Sheet1!BM98-AVERAGE(Sheet1!$BS98:$BU98) -> 0.4139 | BK98: =Sheet1!BN98-AVERAGE(Sheet1!$BS98:$BU98) -> 0.0895 | BL98: =Sheet1!BO98-AVERAGE(Sheet1!$BS98:$BU98) -> 0.1061 | BM98: =Sheet1!BP98-AVERAGE(Sheet1!$BS98:$BU98) -> 0.6635 | BN98: =Sheet1!BQ98-AVERAGE(Sheet1!$BS98:$BU98) -> 0.4919 | BO98: =Sheet1!BR98-AVERAGE(Sheet1!$BS98:$BU98) -> 0.3854 | BP98: =Sheet1!BV98-AVERAGE(Sheet1!$CE98:$CG98) -> 0.4772 | BQ98: =Sheet1!BW98-AVERAGE(Sheet1!$CE98:$CG98) -> 0.4764 | BR98: =Sheet1!BX98-AVERAGE(Sheet1!$CE98:$CG98) -> 0.4223 | BS98: =Sheet1!BY98-AVERAGE(Sheet1!$CE98:$CG98) -> 0.4117 | BT98: =Sheet1!BZ98-AVERAGE(Sheet1!$CE98:$CG98) -> 0.1128 | BU98: =Sheet1!CA98-AVERAGE(Sheet1!$CE98:$CG98) -> 0.0976 | BV98: =Sheet1!CB98-AVERAGE(Sheet1!$CE98:$CG98) -> 0.672 | BW98: =Sheet1!CC98-AVERAGE(Sheet1!$CE98:$CG98) -> 0.4881 | BX98: =Sheet1!CD98-AVERAGE(Sheet1!$CE98:$CG98) -> 0.4101 | BY98: =Sheet1!CH98-AVERAGE(Sheet1!$CQ98:$CS98) -> 0.4947 | BZ98: =Sheet1!CI98-AVERAGE(Sheet1!$CQ98:$CS98) -> 0.0803 | CA98: =Sheet1!CJ98-AVERAGE(Sheet1!$CQ98:$CS98) -> 0.6753 | CB98: =Sheet1!CK98-AVERAGE(Sheet1!$CQ98:$CS98) -> 0.5216 | CC98: =Sheet1!CL98-AVERAGE(Sheet1!$CQ98:$CS98) -> 0.1641 | CD98: =Sheet1!CM98-AVERAGE(Sheet1!$CQ98:$CS98) -> 0.0751 | CE98: =Sheet1!CN98-AVERAGE(Sheet1!$CQ98:$CS98) -> 0.7478 | CF98: =Sheet1!CO98-AVERAGE(Sheet1!$CQ98:$CS98) -> 0.5104 | CG98: =Sheet1!CP98-AVERAGE(Sheet1!$CQ98:$CS98) -> 0.4262
A99: =HOUR(Sheet1!A99) + MINUTE(Sheet1!A99)/60 + SECOND(Sheet1!A99)/3600 + 2*24 -> 48.997222 | B99: =Sheet1!B99-AVERAGE(Sheet1!$BG99:$BI99) -> 0.37263333 | C99: =Sheet1!C99-AVERAGE(Sheet1!$BG99:$BI99) -> 0.35073333 | D99: =Sheet1!D99-AVERAGE(Sheet1!$BG99:$BI99) -> 0.0010333333 | E99: =Sheet1!E99-AVERAGE(Sheet1!$BG99:$BI99) -> 0.43943333 | F99: =Sheet1!F99-AVERAGE(Sheet1!$BG99:$BI99) -> 0.41113333 | G99: =Sheet1!G99-AVERAGE(Sheet1!$BG99:$BI99) -> 0.70983333 | H99: =Sheet1!H99-AVERAGE(Sheet1!$BG99:$BI99) -> 0.55403333 | I99: =Sheet1!I99-AVERAGE(Sheet1!$BG99:$BI99) -> 0.21133333 | ... BF99: =Sheet1!BF99-AVERAGE(Sheet1!$BG99:$BI99) -> 0.36373333 | BG99: =Sheet1!BJ99-AVERAGE(Sheet1!$BS99:$BU99) -> 0.45316667 | BH99: =Sheet1!BK99-AVERAGE(Sheet1!$BS99:$BU99) -> 0.067566667 | BI99: =Sheet1!BL99-AVERAGE(Sheet1!$BS99:$BU99) -> 0.43106667 | BJ99: =Sheet1!BM99-AVERAGE(Sheet1!$BS99:$BU99) -> 0.41426667 | BK99: =Sheet1!BN99-AVERAGE(Sheet1!$BS99:$BU99) -> 0.090566667 | BL99: =Sheet1!BO99-AVERAGE(Sheet1!$BS99:$BU99) -> 0.10596667 | BM99: =Sheet1!BP99-AVERAGE(Sheet1!$BS99:$BU99) -> 0.66006667 | BN99: =Sheet1!BQ99-AVERAGE(Sheet1!$BS99:$BU99) -> 0.49746667 | BO99: =Sheet1!BR99-AVERAGE(Sheet1!$BS99:$BU99) -> 0.38366667 | BP99: =Sheet1!BV99-AVERAGE(Sheet1!$CE99:$CG99) -> 0.4827 | BQ99: =Sheet1!BW99-AVERAGE(Sheet1!$CE99:$CG99) -> 0.4738 | BR99: =Sheet1!BX99-AVERAGE(Sheet1!$CE99:$CG99) -> 0.4222 | BS99: =Sheet1!BY99-AVERAGE(Sheet1!$CE99:$CG99) -> 0.4138 | BT99: =Sheet1!BZ99-AVERAGE(Sheet1!$CE99:$CG99) -> 0.1142 | BU99: =Sheet1!CA99-AVERAGE(Sheet1!$CE99:$CG99) -> 0.0972 | BV99: =Sheet1!CB99-AVERAGE(Sheet1!$CE99:$CG99) -> 0.6698 | BW99: =Sheet1!CC99-AVERAGE(Sheet1!$CE99:$CG99) -> 0.4942 | BX99: =Sheet1!CD99-AVERAGE(Sheet1!$CE99:$CG99) -> 0.4117 | BY99: =Sheet1!CH99-AVERAGE(Sheet1!$CQ99:$CS99) -> 0.4988 | BZ99: =Sheet1!CI99-AVERAGE(Sheet1!$CQ99:$CS99) -> 0.0817 | CA99: =Sheet1!CJ99-AVERAGE(Sheet1!$CQ99:$CS99) -> 0.6807 | CB99: =Sheet1!CK99-AVERAGE(Sheet1!$CQ99:$CS99) -> 0.5201 | CC99: =Sheet1!CL99-AVERAGE(Sheet1!$CQ99:$CS99) -> 0.1661 | CD99: =Sheet1!CM99-AVERAGE(Sheet1!$CQ99:$CS99) -> 0.0758 | CE99: =Sheet1!CN99-AVERAGE(Sheet1!$CQ99:$CS99) -> 0.7457 | CF99: =Sheet1!CO99-AVERAGE(Sheet1!$CQ99:$CS99) -> 0.5156 | CG99: =Sheet1!CP99-AVERAGE(Sheet1!$CQ99:$CS99) -> 0.4282
A100: =HOUR(Sheet1!A100) + MINUTE(Sheet1!A100)/60 + SECOND(Sheet1!A100)/3600 + 2*24 -> 49.497222 | B100: =Sheet1!B100-AVERAGE(Sheet1!$BG100:$BI100) -> 0.36836667 | C100: =Sheet1!C100-AVERAGE(Sheet1!$BG100:$BI100) -> 0.34916667 | D100: =Sheet1!D100-AVERAGE(Sheet1!$BG100:$BI100) -> 0.0011666667 | E100: =Sheet1!E100-AVERAGE(Sheet1!$BG100:$BI100) -> 0.43886667 | F100: =Sheet1!F100-AVERAGE(Sheet1!$BG100:$BI100) -> 0.40986667 | G100: =Sheet1!G100-AVERAGE(Sheet1!$BG100:$BI100) -> 0.71126667 | H100: =Sheet1!H100-AVERAGE(Sheet1!$BG100:$BI100) -> 0.55556667 | I100: =Sheet1!I100-AVERAGE(Sheet1!$BG100:$BI100) -> 0.21216667 | ... BF100: =Sheet1!BF100-AVERAGE(Sheet1!$BG100:$BI100) -> 0.36446667 | BG100: =Sheet1!BJ100-AVERAGE(Sheet1!$BS100:$BU100) -> 0.45236667 | BH100: =Sheet1!BK100-AVERAGE(Sheet1!$BS100:$BU100) -> 0.067866667 | BI100: =Sheet1!BL100-AVERAGE(Sheet1!$BS100:$BU100) -> 0.42996667 | BJ100: =Sheet1!BM100-AVERAGE(Sheet1!$BS100:$BU100) -> 0.41176667 | BK100: =Sheet1!BN100-AVERAGE(Sheet1!$BS100:$BU100) -> 0.090866667 | BL100: =Sheet1!BO100-AVERAGE(Sheet1!$BS100:$BU100) -> 0.10646667 | BM100: =Sheet1!BP100-AVERAGE(Sheet1!$BS100:$BU100) -> 0.65626667 | BN100: =Sheet1!BQ100-AVERAGE(Sheet1!$BS100:$BU100) -> 0.49416667 | BO100: =Sheet1!BR100-AVERAGE(Sheet1!$BS100:$BU100) -> 0.39236667 | BP100: =Sheet1!BV100-AVERAGE(Sheet1!$CE100:$CG100) -> 0.47843333 | BQ100: =Sheet1!BW100-AVERAGE(Sheet1!$CE100:$CG100) -> 0.47253333 | BR100: =Sheet1!BX100-AVERAGE(Sheet1!$CE100:$CG100) -> 0.42403333 | BS100: =Sheet1!BY100-AVERAGE(Sheet1!$CE100:$CG100) -> 0.41423333 | BT100: =Sheet1!BZ100-AVERAGE(Sheet1!$CE100:$CG100) -> 0.11503333 | BU100: =Sheet1!CA100-AVERAGE(Sheet1!$CE100:$CG100) -> 0.097933333 | BV100: =Sheet1!CB100-AVERAGE(Sheet1!$CE100:$CG100) -> 0.66793333 | BW100: =Sheet1!CC100-AVERAGE(Sheet1!$CE100:$CG100) -> 0.49323333 | BX100: =Sheet1!CD100-AVERAGE(Sheet1!$CE100:$CG100) -> 0.41913333 | BY100: =Sheet1!CH100-AVERAGE(Sheet1!$CQ100:$CS100) -> 0.49913333 | BZ100: =Sheet1!CI100-AVERAGE(Sheet1!$CQ100:$CS100) -> 0.080933333 | CA100: =Sheet1!CJ100-AVERAGE(Sheet1!$CQ100:$CS100) -> 0.68423333 | CB100: =Sheet1!CK100-AVERAGE(Sheet1!$CQ100:$CS100) -> 0.52503333 | CC100: =Sheet1!CL100-AVERAGE(Sheet1!$CQ100:$CS100) -> 0.16813333 | CD100: =Sheet1!CM100-AVERAGE(Sheet1!$CQ100:$CS100) -> 0.077633333 | CE100: =Sheet1!CN100-AVERAGE(Sheet1!$CQ100:$CS100) -> 0.74233333 | CF100: =Sheet1!CO100-AVERAGE(Sheet1!$CQ100:$CS100) -> 0.50883333 | CG100: =Sheet1!CP100-AVERAGE(Sheet1!$CQ100:$CS100) -> 0.42923333
A101: =HOUR(Sheet1!A101) + MINUTE(Sheet1!A101)/60 + SECOND(Sheet1!A101)/3600 + 2*24 -> 49.997222 | B101: =Sheet1!B101-AVERAGE(Sheet1!$BG101:$BI101) -> 0.36486667 | C101: =Sheet1!C101-AVERAGE(Sheet1!$BG101:$BI101) -> 0.35016667 | D101: =Sheet1!D101-AVERAGE(Sheet1!$BG101:$BI101) -> 0.0010666667 | E101: =Sheet1!E101-AVERAGE(Sheet1!$BG101:$BI101) -> 0.44046667 | F101: =Sheet1!F101-AVERAGE(Sheet1!$BG101:$BI101) -> 0.41386667 | G101: =Sheet1!G101-AVERAGE(Sheet1!$BG101:$BI101) -> 0.71336667 | H101: =Sheet1!H101-AVERAGE(Sheet1!$BG101:$BI101) -> 0.56746667 | I101: =Sheet1!I101-AVERAGE(Sheet1!$BG101:$BI101) -> 0.21386667 | ... BF101: =Sheet1!BF101-AVERAGE(Sheet1!$BG101:$BI101) -> 0.36746667 | BG101: =Sheet1!BJ101-AVERAGE(Sheet1!$BS101:$BU101) -> 0.4502 | BH101: =Sheet1!BK101-AVERAGE(Sheet1!$BS101:$BU101) -> 0.0688 | BI101: =Sheet1!BL101-AVERAGE(Sheet1!$BS101:$BU101) -> 0.4313 | BJ101: =Sheet1!BM101-AVERAGE(Sheet1!$BS101:$BU101) -> 0.4116 | BK101: =Sheet1!BN101-AVERAGE(Sheet1!$BS101:$BU101) -> 0.0911 | BL101: =Sheet1!BO101-AVERAGE(Sheet1!$BS101:$BU101) -> 0.1073 | BM101: =Sheet1!BP101-AVERAGE(Sheet1!$BS101:$BU101) -> 0.6539 | BN101: =Sheet1!BQ101-AVERAGE(Sheet1!$BS101:$BU101) -> 0.4948 | BO101: =Sheet1!BR101-AVERAGE(Sheet1!$BS101:$BU101) -> 0.3847 | BP101: =Sheet1!BV101-AVERAGE(Sheet1!$CE101:$CG101) -> 0.47766667 | BQ101: =Sheet1!BW101-AVERAGE(Sheet1!$CE101:$CG101) -> 0.46956667 | BR101: =Sheet1!BX101-AVERAGE(Sheet1!$CE101:$CG101) -> 0.42286667 | BS101: =Sheet1!BY101-AVERAGE(Sheet1!$CE101:$CG101) -> 0.41526667 | BT101: =Sheet1!BZ101-AVERAGE(Sheet1!$CE101:$CG101) -> 0.11506667 | BU101: =Sheet1!CA101-AVERAGE(Sheet1!$CE101:$CG101) -> 0.097966667 | BV101: =Sheet1!CB101-AVERAGE(Sheet1!$CE101:$CG101) -> 0.66466667 | BW101: =Sheet1!CC101-AVERAGE(Sheet1!$CE101:$CG101) -> 0.49236667 | BX101: =Sheet1!CD101-AVERAGE(Sheet1!$CE101:$CG101) -> 0.41346667 | BY101: =Sheet1!CH101-AVERAGE(Sheet1!$CQ101:$CS101) -> 0.50123333 | BZ101: =Sheet1!CI101-AVERAGE(Sheet1!$CQ101:$CS101) -> 0.079633333 | CA101: =Sheet1!CJ101-AVERAGE(Sheet1!$CQ101:$CS101) -> 0.68783333 | CB101: =Sheet1!CK101-AVERAGE(Sheet1!$CQ101:$CS101) -> 0.51793333 | CC101: =Sheet1!CL101-AVERAGE(Sheet1!$CQ101:$CS101) -> 0.16873333 | CD101: =Sheet1!CM101-AVERAGE(Sheet1!$CQ101:$CS101) -> 0.077133333 | CE101: =Sheet1!CN101-AVERAGE(Sheet1!$CQ101:$CS101) -> 0.74393333 | CF101: =Sheet1!CO101-AVERAGE(Sheet1!$CQ101:$CS101) -> 0.50823333 | CG101: =Sheet1!CP101-AVERAGE(Sheet1!$CQ101:$CS101) -> 0.43613333
A102: =HOUR(Sheet1!A102) + MINUTE(Sheet1!A102)/60 + SECOND(Sheet1!A102)/3600 + 2*24 -> 50.497222 | B102: =Sheet1!B102-AVERAGE(Sheet1!$BG102:$BI102) -> 0.36276667 | C102: =Sheet1!C102-AVERAGE(Sheet1!$BG102:$BI102) -> 0.35186667 | D102: =Sheet1!D102-AVERAGE(Sheet1!$BG102:$BI102) -> 0.0010666667 | E102: =Sheet1!E102-AVERAGE(Sheet1!$BG102:$BI102) -> 0.44346667 | F102: =Sheet1!F102-AVERAGE(Sheet1!$BG102:$BI102) -> 0.41886667 | G102: =Sheet1!G102-AVERAGE(Sheet1!$BG102:$BI102) -> 0.71696667 | H102: =Sheet1!H102-AVERAGE(Sheet1!$BG102:$BI102) -> 0.57346667 | I102: =Sheet1!I102-AVERAGE(Sheet1!$BG102:$BI102) -> 0.21416667 | ... BF102: =Sheet1!BF102-AVERAGE(Sheet1!$BG102:$BI102) -> 0.36746667 | BG102: =Sheet1!BJ102-AVERAGE(Sheet1!$BS102:$BU102) -> 0.4489 | BH102: =Sheet1!BK102-AVERAGE(Sheet1!$BS102:$BU102) -> 0.0697 | BI102: =Sheet1!BL102-AVERAGE(Sheet1!$BS102:$BU102) -> 0.4334 | BJ102: =Sheet1!BM102-AVERAGE(Sheet1!$BS102:$BU102) -> 0.4122 | BK102: =Sheet1!BN102-AVERAGE(Sheet1!$BS102:$BU102) -> 0.0926 | BL102: =Sheet1!BO102-AVERAGE(Sheet1!$BS102:$BU102) -> 0.1075 | BM102: =Sheet1!BP102-AVERAGE(Sheet1!$BS102:$BU102) -> 0.6522 | BN102: =Sheet1!BQ102-AVERAGE(Sheet1!$BS102:$BU102) -> 0.4947 | BO102: =Sheet1!BR102-AVERAGE(Sheet1!$BS102:$BU102) -> 0.3885 | BP102: =Sheet1!BV102-AVERAGE(Sheet1!$CE102:$CG102) -> 0.47913333 | BQ102: =Sheet1!BW102-AVERAGE(Sheet1!$CE102:$CG102) -> 0.46933333 | BR102: =Sheet1!BX102-AVERAGE(Sheet1!$CE102:$CG102) -> 0.41983333 | BS102: =Sheet1!BY102-AVERAGE(Sheet1!$CE102:$CG102) -> 0.41633333 | BT102: =Sheet1!BZ102-AVERAGE(Sheet1!$CE102:$CG102) -> 0.11573333 | BU102: =Sheet1!CA102-AVERAGE(Sheet1!$CE102:$CG102) -> 0.098633333 | BV102: =Sheet1!CB102-AVERAGE(Sheet1!$CE102:$CG102) -> 0.66273333 | BW102: =Sheet1!CC102-AVERAGE(Sheet1!$CE102:$CG102) -> 0.49423333 | BX102: =Sheet1!CD102-AVERAGE(Sheet1!$CE102:$CG102) -> 0.41693333 | BY102: =Sheet1!CH102-AVERAGE(Sheet1!$CQ102:$CS102) -> 0.50536667 | BZ102: =Sheet1!CI102-AVERAGE(Sheet1!$CQ102:$CS102) -> 0.079966667 | CA102: =Sheet1!CJ102-AVERAGE(Sheet1!$CQ102:$CS102) -> 0.69506667 | CB102: =Sheet1!CK102-AVERAGE(Sheet1!$CQ102:$CS102) -> 0.52326667 | CC102: =Sheet1!CL102-AVERAGE(Sheet1!$CQ102:$CS102) -> 0.17156667 | CD102: =Sheet1!CM102-AVERAGE(Sheet1!$CQ102:$CS102) -> 0.078566667 | CE102: =Sheet1!CN102-AVERAGE(Sheet1!$CQ102:$CS102) -> 0.74416667 | CF102: =Sheet1!CO102-AVERAGE(Sheet1!$CQ102:$CS102) -> 0.50996667 | CG102: =Sheet1!CP102-AVERAGE(Sheet1!$CQ102:$CS102) -> 0.44226667
A103: =HOUR(Sheet1!A103) + MINUTE(Sheet1!A103)/60 + SECOND(Sheet1!A103)/3600 + 2*24 -> 50.997222 | B103: =Sheet1!B103-AVERAGE(Sheet1!$BG103:$BI103) -> 0.35756667 | C103: =Sheet1!C103-AVERAGE(Sheet1!$BG103:$BI103) -> 0.35066667 | D103: =Sheet1!D103-AVERAGE(Sheet1!$BG103:$BI103) -> 0.0014666667 | E103: =Sheet1!E103-AVERAGE(Sheet1!$BG103:$BI103) -> 0.44216667 | F103: =Sheet1!F103-AVERAGE(Sheet1!$BG103:$BI103) -> 0.42136667 | G103: =Sheet1!G103-AVERAGE(Sheet1!$BG103:$BI103) -> 0.71736667 | H103: =Sheet1!H103-AVERAGE(Sheet1!$BG103:$BI103) -> 0.57616667 | I103: =Sheet1!I103-AVERAGE(Sheet1!$BG103:$BI103) -> 0.21636667 | ... BF103: =Sheet1!BF103-AVERAGE(Sheet1!$BG103:$BI103) -> 0.36606667 | BG103: =Sheet1!BJ103-AVERAGE(Sheet1!$BS103:$BU103) -> 0.4457 | BH103: =Sheet1!BK103-AVERAGE(Sheet1!$BS103:$BU103) -> 0.0692 | BI103: =Sheet1!BL103-AVERAGE(Sheet1!$BS103:$BU103) -> 0.4327 | BJ103: =Sheet1!BM103-AVERAGE(Sheet1!$BS103:$BU103) -> 0.4137 | BK103: =Sheet1!BN103-AVERAGE(Sheet1!$BS103:$BU103) -> 0.0918 | BL103: =Sheet1!BO103-AVERAGE(Sheet1!$BS103:$BU103) -> 0.1065 | BM103: =Sheet1!BP103-AVERAGE(Sheet1!$BS103:$BU103) -> 0.6494 | BN103: =Sheet1!BQ103-AVERAGE(Sheet1!$BS103:$BU103) -> 0.4917 | BO103: =Sheet1!BR103-AVERAGE(Sheet1!$BS103:$BU103) -> 0.39 | BP103: =Sheet1!BV103-AVERAGE(Sheet1!$CE103:$CG103) -> 0.47323333 | BQ103: =Sheet1!BW103-AVERAGE(Sheet1!$CE103:$CG103) -> 0.46643333 | BR103: =Sheet1!BX103-AVERAGE(Sheet1!$CE103:$CG103) -> 0.42363333 | BS103: =Sheet1!BY103-AVERAGE(Sheet1!$CE103:$CG103) -> 0.41613333 | BT103: =Sheet1!BZ103-AVERAGE(Sheet1!$CE103:$CG103) -> 0.11613333 | BU103: =Sheet1!CA103-AVERAGE(Sheet1!$CE103:$CG103) -> 0.098333333 | BV103: =Sheet1!CB103-AVERAGE(Sheet1!$CE103:$CG103) -> 0.65993333 | BW103: =Sheet1!CC103-AVERAGE(Sheet1!$CE103:$CG103) -> 0.48913333 | BX103: =Sheet1!CD103-AVERAGE(Sheet1!$CE103:$CG103) -> 0.41683333 | BY103: =Sheet1!CH103-AVERAGE(Sheet1!$CQ103:$CS103) -> 0.49936667 | BZ103: =Sheet1!CI103-AVERAGE(Sheet1!$CQ103:$CS103) -> 0.079566667 | CA103: =Sheet1!CJ103-AVERAGE(Sheet1!$CQ103:$CS103) -> 0.69726667 | CB103: =Sheet1!CK103-AVERAGE(Sheet1!$CQ103:$CS103) -> 0.52256667 | CC103: =Sheet1!CL103-AVERAGE(Sheet1!$CQ103:$CS103) -> 0.17096667 | CD103: =Sheet1!CM103-AVERAGE(Sheet1!$CQ103:$CS103) -> 0.078366667 | CE103: =Sheet1!CN103-AVERAGE(Sheet1!$CQ103:$CS103) -> 0.73836667 | CF103: =Sheet1!CO103-AVERAGE(Sheet1!$CQ103:$CS103) -> 0.50316667 | CG103: =Sheet1!CP103-AVERAGE(Sheet1!$CQ103:$CS103) -> 0.44196667
A104: =HOUR(Sheet1!A104) + MINUTE(Sheet1!A104)/60 + SECOND(Sheet1!A104)/3600 + 2*24 -> 51.497222 | B104: =Sheet1!B104-AVERAGE(Sheet1!$BG104:$BI104) -> 0.35426667 | C104: =Sheet1!C104-AVERAGE(Sheet1!$BG104:$BI104) -> 0.35066667 | D104: =Sheet1!D104-AVERAGE(Sheet1!$BG104:$BI104) -> 0.0013666667 | E104: =Sheet1!E104-AVERAGE(Sheet1!$BG104:$BI104) -> 0.44466667 | F104: =Sheet1!F104-AVERAGE(Sheet1!$BG104:$BI104) -> 0.42636667 | G104: =Sheet1!G104-AVERAGE(Sheet1!$BG104:$BI104) -> 0.72346667 | H104: =Sheet1!H104-AVERAGE(Sheet1!$BG104:$BI104) -> 0.58676667 | I104: =Sheet1!I104-AVERAGE(Sheet1!$BG104:$BI104) -> 0.21606667 | ... BF104: =Sheet1!BF104-AVERAGE(Sheet1!$BG104:$BI104) -> 0.36306667 | BG104: =Sheet1!BJ104-AVERAGE(Sheet1!$BS104:$BU104) -> 0.44683333 | BH104: =Sheet1!BK104-AVERAGE(Sheet1!$BS104:$BU104) -> 0.069933333 | BI104: =Sheet1!BL104-AVERAGE(Sheet1!$BS104:$BU104) -> 0.43413333 | BJ104: =Sheet1!BM104-AVERAGE(Sheet1!$BS104:$BU104) -> 0.41313333 | BK104: =Sheet1!BN104-AVERAGE(Sheet1!$BS104:$BU104) -> 0.091333333 | BL104: =Sheet1!BO104-AVERAGE(Sheet1!$BS104:$BU104) -> 0.10763333 | BM104: =Sheet1!BP104-AVERAGE(Sheet1!$BS104:$BU104) -> 0.64763333 | BN104: =Sheet1!BQ104-AVERAGE(Sheet1!$BS104:$BU104) -> 0.49333333 | BO104: =Sheet1!BR104-AVERAGE(Sheet1!$BS104:$BU104) -> 0.39183333 | BP104: =Sheet1!BV104-AVERAGE(Sheet1!$CE104:$CG104) -> 0.47636667 | BQ104: =Sheet1!BW104-AVERAGE(Sheet1!$CE104:$CG104) -> 0.46566667 | BR104: =Sheet1!BX104-AVERAGE(Sheet1!$CE104:$CG104) -> 0.42296667 | BS104: =Sheet1!BY104-AVERAGE(Sheet1!$CE104:$CG104) -> 0.41756667 | BT104: =Sheet1!BZ104-AVERAGE(Sheet1!$CE104:$CG104) -> 0.11666667 | BU104: =Sheet1!CA104-AVERAGE(Sheet1!$CE104:$CG104) -> 0.097966667 | BV104: =Sheet1!CB104-AVERAGE(Sheet1!$CE104:$CG104) -> 0.65866667 | BW104: =Sheet1!CC104-AVERAGE(Sheet1!$CE104:$CG104) -> 0.49396667 | BX104: =Sheet1!CD104-AVERAGE(Sheet1!$CE104:$CG104) -> 0.42266667 | BY104: =Sheet1!CH104-AVERAGE(Sheet1!$CQ104:$CS104) -> 0.50313333 | BZ104: =Sheet1!CI104-AVERAGE(Sheet1!$CQ104:$CS104) -> 0.079033333 | CA104: =Sheet1!CJ104-AVERAGE(Sheet1!$CQ104:$CS104) -> 0.70263333 | CB104: =Sheet1!CK104-AVERAGE(Sheet1!$CQ104:$CS104) -> 0.52393333 | CC104: =Sheet1!CL104-AVERAGE(Sheet1!$CQ104:$CS104) -> 0.17313333 | CD104: =Sheet1!CM104-AVERAGE(Sheet1!$CQ104:$CS104) -> 0.078133333 | CE104: =Sheet1!CN104-AVERAGE(Sheet1!$CQ104:$CS104) -> 0.73863333 | CF104: =Sheet1!CO104-AVERAGE(Sheet1!$CQ104:$CS104) -> 0.50873333 | CG104: =Sheet1!CP104-AVERAGE(Sheet1!$CQ104:$CS104) -> 0.43933333
A105: =HOUR(Sheet1!A105) + MINUTE(Sheet1!A105)/60 + SECOND(Sheet1!A105)/3600 + 2*24 -> 51.997222 | B105: =Sheet1!B105-AVERAGE(Sheet1!$BG105:$BI105) -> 0.35176667 | C105: =Sheet1!C105-AVERAGE(Sheet1!$BG105:$BI105) -> 0.35056667 | D105: =Sheet1!D105-AVERAGE(Sheet1!$BG105:$BI105) -> 0.00096666667 | E105: =Sheet1!E105-AVERAGE(Sheet1!$BG105:$BI105) -> 0.44466667 | F105: =Sheet1!F105-AVERAGE(Sheet1!$BG105:$BI105) -> 0.42826667 | G105: =Sheet1!G105-AVERAGE(Sheet1!$BG105:$BI105) -> 0.72826667 | H105: =Sheet1!H105-AVERAGE(Sheet1!$BG105:$BI105) -> 0.59166667 | I105: =Sheet1!I105-AVERAGE(Sheet1!$BG105:$BI105) -> 0.21626667 | ... BF105: =Sheet1!BF105-AVERAGE(Sheet1!$BG105:$BI105) -> 0.36686667 | BG105: =Sheet1!BJ105-AVERAGE(Sheet1!$BS105:$BU105) -> 0.44616667 | BH105: =Sheet1!BK105-AVERAGE(Sheet1!$BS105:$BU105) -> 0.070966667 | BI105: =Sheet1!BL105-AVERAGE(Sheet1!$BS105:$BU105) -> 0.43546667 | BJ105: =Sheet1!BM105-AVERAGE(Sheet1!$BS105:$BU105) -> 0.41396667 | BK105: =Sheet1!BN105-AVERAGE(Sheet1!$BS105:$BU105) -> 0.093366667 | BL105: =Sheet1!BO105-AVERAGE(Sheet1!$BS105:$BU105) -> 0.10876667 | BM105: =Sheet1!BP105-AVERAGE(Sheet1!$BS105:$BU105) -> 0.64416667 | BN105: =Sheet1!BQ105-AVERAGE(Sheet1!$BS105:$BU105) -> 0.49436667 | BO105: =Sheet1!BR105-AVERAGE(Sheet1!$BS105:$BU105) -> 0.39406667 | BP105: =Sheet1!BV105-AVERAGE(Sheet1!$CE105:$CG105) -> 0.47496667 | BQ105: =Sheet1!BW105-AVERAGE(Sheet1!$CE105:$CG105) -> 0.46256667 | BR105: =Sheet1!BX105-AVERAGE(Sheet1!$CE105:$CG105) -> 0.42416667 | BS105: =Sheet1!BY105-AVERAGE(Sheet1!$CE105:$CG105) -> 0.41976667 | BT105: =Sheet1!BZ105-AVERAGE(Sheet1!$CE105:$CG105) -> 0.11646667 | BU105: =Sheet1!CA105-AVERAGE(Sheet1!$CE105:$CG105) -> 0.098766667 | BV105: =Sheet1!CB105-AVERAGE(Sheet1!$CE105:$CG105) -> 0.65716667 | BW105: =Sheet1!CC105-AVERAGE(Sheet1!$CE105:$CG105) -> 0.49596667 | BX105: =Sheet1!CD105-AVERAGE(Sheet1!$CE105:$CG105) -> 0.42266667 | BY105: =Sheet1!CH105-AVERAGE(Sheet1!$CQ105:$CS105) -> 0.5058 | BZ105: =Sheet1!CI105-AVERAGE(Sheet1!$CQ105:$CS105) -> 0.0781 | CA105: =Sheet1!CJ105-AVERAGE(Sheet1!$CQ105:$CS105) -> 0.7057 | CB105: =Sheet1!CK105-AVERAGE(Sheet1!$CQ105:$CS105) -> 0.5247 | CC105: =Sheet1!CL105-AVERAGE(Sheet1!$CQ105:$CS105) -> 0.1735 | CD105: =Sheet1!CM105-AVERAGE(Sheet1!$CQ105:$CS105) -> 0.079 | CE105: =Sheet1!CN105-AVERAGE(Sheet1!$CQ105:$CS105) -> 0.7348 | CF105: =Sheet1!CO105-AVERAGE(Sheet1!$CQ105:$CS105) -> 0.512 | CG105: =Sheet1!CP105-AVERAGE(Sheet1!$CQ105:$CS105) -> 0.458
A106: =HOUR(Sheet1!A106) + MINUTE(Sheet1!A106)/60 + SECOND(Sheet1!A106)/3600 + 2*24 -> 52.497222 | B106: =Sheet1!B106-AVERAGE(Sheet1!$BG106:$BI106) -> 0.34896667 | C106: =Sheet1!C106-AVERAGE(Sheet1!$BG106:$BI106) -> 0.35166667 | D106: =Sheet1!D106-AVERAGE(Sheet1!$BG106:$BI106) -> 0.0012666667 | E106: =Sheet1!E106-AVERAGE(Sheet1!$BG106:$BI106) -> 0.45056667 | F106: =Sheet1!F106-AVERAGE(Sheet1!$BG106:$BI106) -> 0.43396667 | G106: =Sheet1!G106-AVERAGE(Sheet1!$BG106:$BI106) -> 0.73356667 | H106: =Sheet1!H106-AVERAGE(Sheet1!$BG106:$BI106) -> 0.60166667 | I106: =Sheet1!I106-AVERAGE(Sheet1!$BG106:$BI106) -> 0.21816667 | ... BF106: =Sheet1!BF106-AVERAGE(Sheet1!$BG106:$BI106) -> 0.36926667 | BG106: =Sheet1!BJ106-AVERAGE(Sheet1!$BS106:$BU106) -> 0.44683333 | BH106: =Sheet1!BK106-AVERAGE(Sheet1!$BS106:$BU106) -> 0.070933333 | BI106: =Sheet1!BL106-AVERAGE(Sheet1!$BS106:$BU106) -> 0.43793333 | BJ106: =Sheet1!BM106-AVERAGE(Sheet1!$BS106:$BU106) -> 0.41443333 | BK106: =Sheet1!BN106-AVERAGE(Sheet1!$BS106:$BU106) -> 0.093533333 | BL106: =Sheet1!BO106-AVERAGE(Sheet1!$BS106:$BU106) -> 0.11083333 | BM106: =Sheet1!BP106-AVERAGE(Sheet1!$BS106:$BU106) -> 0.64323333 | BN106: =Sheet1!BQ106-AVERAGE(Sheet1!$BS106:$BU106) -> 0.49803333 | BO106: =Sheet1!BR106-AVERAGE(Sheet1!$BS106:$BU106) -> 0.39813333 | BP106: =Sheet1!BV106-AVERAGE(Sheet1!$CE106:$CG106) -> 0.4772 | BQ106: =Sheet1!BW106-AVERAGE(Sheet1!$CE106:$CG106) -> 0.463 | BR106: =Sheet1!BX106-AVERAGE(Sheet1!$CE106:$CG106) -> 0.4233 | BS106: =Sheet1!BY106-AVERAGE(Sheet1!$CE106:$CG106) -> 0.4223 | BT106: =Sheet1!BZ106-AVERAGE(Sheet1!$CE106:$CG106) -> 0.1171 | BU106: =Sheet1!CA106-AVERAGE(Sheet1!$CE106:$CG106) -> 0.0988 | BV106: =Sheet1!CB106-AVERAGE(Sheet1!$CE106:$CG106) -> 0.6549 | BW106: =Sheet1!CC106-AVERAGE(Sheet1!$CE106:$CG106) -> 0.5005 | BX106: =Sheet1!CD106-AVERAGE(Sheet1!$CE106:$CG106) -> 0.4222 | BY106: =Sheet1!CH106-AVERAGE(Sheet1!$CQ106:$CS106) -> 0.51116667 | BZ106: =Sheet1!CI106-AVERAGE(Sheet1!$CQ106:$CS106) -> 0.078266667 | CA106: =Sheet1!CJ106-AVERAGE(Sheet1!$CQ106:$CS106) -> 0.71136667 | CB106: =Sheet1!CK106-AVERAGE(Sheet1!$CQ106:$CS106) -> 0.52646667 | CC106: =Sheet1!CL106-AVERAGE(Sheet1!$CQ106:$CS106) -> 0.17396667 | CD106: =Sheet1!CM106-AVERAGE(Sheet1!$CQ106:$CS106) -> 0.079266667 | CE106: =Sheet1!CN106-AVERAGE(Sheet1!$CQ106:$CS106) -> 0.73586667 | CF106: =Sheet1!CO106-AVERAGE(Sheet1!$CQ106:$CS106) -> 0.51406667 | CG106: =Sheet1!CP106-AVERAGE(Sheet1!$CQ106:$CS106) -> 0.45146667
A107: =HOUR(Sheet1!A107) + MINUTE(Sheet1!A107)/60 + SECOND(Sheet1!A107)/3600 + 2*24 -> 52.997222 | B107: =Sheet1!B107-AVERAGE(Sheet1!$BG107:$BI107) -> 0.34213333 | C107: =Sheet1!C107-AVERAGE(Sheet1!$BG107:$BI107) -> 0.34973333 | D107: =Sheet1!D107-AVERAGE(Sheet1!$BG107:$BI107) -> 0.0014333333 | E107: =Sheet1!E107-AVERAGE(Sheet1!$BG107:$BI107) -> 0.44583333 | F107: =Sheet1!F107-AVERAGE(Sheet1!$BG107:$BI107) -> 0.43603333 | G107: =Sheet1!G107-AVERAGE(Sheet1!$BG107:$BI107) -> 0.73593333 | H107: =Sheet1!H107-AVERAGE(Sheet1!$BG107:$BI107) -> 0.60273333 | I107: =Sheet1!I107-AVERAGE(Sheet1!$BG107:$BI107) -> 0.21973333 | ... BF107: =Sheet1!BF107-AVERAGE(Sheet1!$BG107:$BI107) -> 0.36543333 | BG107: =Sheet1!BJ107-AVERAGE(Sheet1!$BS107:$BU107) -> 0.44283333 | BH107: =Sheet1!BK107-AVERAGE(Sheet1!$BS107:$BU107) -> 0.069833333 | BI107: =Sheet1!BL107-AVERAGE(Sheet1!$BS107:$BU107) -> 0.43813333 | BJ107: =Sheet1!BM107-AVERAGE(Sheet1!$BS107:$BU107) -> 0.41403333 | BK107: =Sheet1!BN107-AVERAGE(Sheet1!$BS107:$BU107) -> 0.093533333 | BL107: =Sheet1!BO107-AVERAGE(Sheet1!$BS107:$BU107) -> 0.11013333 | BM107: =Sheet1!BP107-AVERAGE(Sheet1!$BS107:$BU107) -> 0.63913333 | BN107: =Sheet1!BQ107-AVERAGE(Sheet1!$BS107:$BU107) -> 0.49453333 | BO107: =Sheet1!BR107-AVERAGE(Sheet1!$BS107:$BU107) -> 0.40263333 | BP107: =Sheet1!BV107-AVERAGE(Sheet1!$CE107:$CG107) -> 0.47083333 | BQ107: =Sheet1!BW107-AVERAGE(Sheet1!$CE107:$CG107) -> 0.46053333 | BR107: =Sheet1!BX107-AVERAGE(Sheet1!$CE107:$CG107) -> 0.42393333 | BS107: =Sheet1!BY107-AVERAGE(Sheet1!$CE107:$CG107) -> 0.42153333 | BT107: =Sheet1!BZ107-AVERAGE(Sheet1!$CE107:$CG107) -> 0.11763333 | BU107: =Sheet1!CA107-AVERAGE(Sheet1!$CE107:$CG107) -> 0.098433333 | BV107: =Sheet1!CB107-AVERAGE(Sheet1!$CE107:$CG107) -> 0.65103333 | BW107: =Sheet1!CC107-AVERAGE(Sheet1!$CE107:$CG107) -> 0.49213333 | BX107: =Sheet1!CD107-AVERAGE(Sheet1!$CE107:$CG107) -> 0.42193333 | BY107: =Sheet1!CH107-AVERAGE(Sheet1!$CQ107:$CS107) -> 0.50703333 | BZ107: =Sheet1!CI107-AVERAGE(Sheet1!$CQ107:$CS107) -> 0.076833333 | CA107: =Sheet1!CJ107-AVERAGE(Sheet1!$CQ107:$CS107) -> 0.71333333 | CB107: =Sheet1!CK107-AVERAGE(Sheet1!$CQ107:$CS107) -> 0.53043333 | CC107: =Sheet1!CL107-AVERAGE(Sheet1!$CQ107:$CS107) -> 0.17583333 | CD107: =Sheet1!CM107-AVERAGE(Sheet1!$CQ107:$CS107) -> 0.079233333 | CE107: =Sheet1!CN107-AVERAGE(Sheet1!$CQ107:$CS107) -> 0.73113333 | CF107: =Sheet1!CO107-AVERAGE(Sheet1!$CQ107:$CS107) -> 0.50703333 | CG107: =Sheet1!CP107-AVERAGE(Sheet1!$CQ107:$CS107) -> 0.45653333
A108: =HOUR(Sheet1!A108) + MINUTE(Sheet1!A108)/60 + SECOND(Sheet1!A108)/3600 + 2*24 -> 53.497222 | B108: =Sheet1!B108-AVERAGE(Sheet1!$BG108:$BI108) -> 0.33993333 | C108: =Sheet1!C108-AVERAGE(Sheet1!$BG108:$BI108) -> 0.34783333 | D108: =Sheet1!D108-AVERAGE(Sheet1!$BG108:$BI108) -> 0.0014333333 | E108: =Sheet1!E108-AVERAGE(Sheet1!$BG108:$BI108) -> 0.44803333 | F108: =Sheet1!F108-AVERAGE(Sheet1!$BG108:$BI108) -> 0.44163333 | G108: =Sheet1!G108-AVERAGE(Sheet1!$BG108:$BI108) -> 0.73733333 | H108: =Sheet1!H108-AVERAGE(Sheet1!$BG108:$BI108) -> 0.60783333 | I108: =Sheet1!I108-AVERAGE(Sheet1!$BG108:$BI108) -> 0.22033333 | ... BF108: =Sheet1!BF108-AVERAGE(Sheet1!$BG108:$BI108) -> 0.36563333 | BG108: =Sheet1!BJ108-AVERAGE(Sheet1!$BS108:$BU108) -> 0.4412 | BH108: =Sheet1!BK108-AVERAGE(Sheet1!$BS108:$BU108) -> 0.0707 | BI108: =Sheet1!BL108-AVERAGE(Sheet1!$BS108:$BU108) -> 0.4393 | BJ108: =Sheet1!BM108-AVERAGE(Sheet1!$BS108:$BU108) -> 0.4133 | BK108: =Sheet1!BN108-AVERAGE(Sheet1!$BS108:$BU108) -> 0.0937 | BL108: =Sheet1!BO108-AVERAGE(Sheet1!$BS108:$BU108) -> 0.1098 | BM108: =Sheet1!BP108-AVERAGE(Sheet1!$BS108:$BU108) -> 0.6368 | BN108: =Sheet1!BQ108-AVERAGE(Sheet1!$BS108:$BU108) -> 0.4936 | BO108: =Sheet1!BR108-AVERAGE(Sheet1!$BS108:$BU108) -> 0.4023 | BP108: =Sheet1!BV108-AVERAGE(Sheet1!$CE108:$CG108) -> 0.46963333 | BQ108: =Sheet1!BW108-AVERAGE(Sheet1!$CE108:$CG108) -> 0.45863333 | BR108: =Sheet1!BX108-AVERAGE(Sheet1!$CE108:$CG108) -> 0.42363333 | BS108: =Sheet1!BY108-AVERAGE(Sheet1!$CE108:$CG108) -> 0.42293333 | BT108: =Sheet1!BZ108-AVERAGE(Sheet1!$CE108:$CG108) -> 0.11753333 | BU108: =Sheet1!CA108-AVERAGE(Sheet1!$CE108:$CG108) -> 0.099633333 | BV108: =Sheet1!CB108-AVERAGE(Sheet1!$CE108:$CG108) -> 0.64933333 | BW108: =Sheet1!CC108-AVERAGE(Sheet1!$CE108:$CG108) -> 0.49203333 | BX108: =Sheet1!CD108-AVERAGE(Sheet1!$CE108:$CG108) -> 0.42433333 | BY108: =Sheet1!CH108-AVERAGE(Sheet1!$CQ108:$CS108) -> 0.5065 | BZ108: =Sheet1!CI108-AVERAGE(Sheet1!$CQ108:$CS108) -> 0.0767 | CA108: =Sheet1!CJ108-AVERAGE(Sheet1!$CQ108:$CS108) -> 0.7144 | CB108: =Sheet1!CK108-AVERAGE(Sheet1!$CQ108:$CS108) -> 0.5279 | CC108: =Sheet1!CL108-AVERAGE(Sheet1!$CQ108:$CS108) -> 0.1785 | CD108: =Sheet1!CM108-AVERAGE(Sheet1!$CQ108:$CS108) -> 0.0791 | CE108: =Sheet1!CN108-AVERAGE(Sheet1!$CQ108:$CS108) -> 0.7304 | CF108: =Sheet1!CO108-AVERAGE(Sheet1!$CQ108:$CS108) -> 0.5072 | CG108: =Sheet1!CP108-AVERAGE(Sheet1!$CQ108:$CS108) -> 0.4642
A109: =HOUR(Sheet1!A109) + MINUTE(Sheet1!A109)/60 + SECOND(Sheet1!A109)/3600 + 2*24 -> 53.997222 | B109: =Sheet1!B109-AVERAGE(Sheet1!$BG109:$BI109) -> 0.33903333 | C109: =Sheet1!C109-AVERAGE(Sheet1!$BG109:$BI109) -> 0.34713333 | D109: =Sheet1!D109-AVERAGE(Sheet1!$BG109:$BI109) -> 0.0016333333 | E109: =Sheet1!E109-AVERAGE(Sheet1!$BG109:$BI109) -> 0.45073333 | F109: =Sheet1!F109-AVERAGE(Sheet1!$BG109:$BI109) -> 0.44673333 | G109: =Sheet1!G109-AVERAGE(Sheet1!$BG109:$BI109) -> 0.74203333 | H109: =Sheet1!H109-AVERAGE(Sheet1!$BG109:$BI109) -> 0.61933333 | I109: =Sheet1!I109-AVERAGE(Sheet1!$BG109:$BI109) -> 0.22113333 | ... BF109: =Sheet1!BF109-AVERAGE(Sheet1!$BG109:$BI109) -> 0.36693333 | BG109: =Sheet1!BJ109-AVERAGE(Sheet1!$BS109:$BU109) -> 0.44086667 | BH109: =Sheet1!BK109-AVERAGE(Sheet1!$BS109:$BU109) -> 0.070666667 | BI109: =Sheet1!BL109-AVERAGE(Sheet1!$BS109:$BU109) -> 0.44256667 | BJ109: =Sheet1!BM109-AVERAGE(Sheet1!$BS109:$BU109) -> 0.41376667 | BK109: =Sheet1!BN109-AVERAGE(Sheet1!$BS109:$BU109) -> 0.094866667 | BL109: =Sheet1!BO109-AVERAGE(Sheet1!$BS109:$BU109) -> 0.10996667 | BM109: =Sheet1!BP109-AVERAGE(Sheet1!$BS109:$BU109) -> 0.63486667 | BN109: =Sheet1!BQ109-AVERAGE(Sheet1!$BS109:$BU109) -> 0.49666667 | BO109: =Sheet1!BR109-AVERAGE(Sheet1!$BS109:$BU109) -> 0.40536667 | BP109: =Sheet1!BV109-AVERAGE(Sheet1!$CE109:$CG109) -> 0.4712 | BQ109: =Sheet1!BW109-AVERAGE(Sheet1!$CE109:$CG109) -> 0.4565 | BR109: =Sheet1!BX109-AVERAGE(Sheet1!$CE109:$CG109) -> 0.4256 | BS109: =Sheet1!BY109-AVERAGE(Sheet1!$CE109:$CG109) -> 0.4237 | BT109: =Sheet1!BZ109-AVERAGE(Sheet1!$CE109:$CG109) -> 0.1185 | BU109: =Sheet1!CA109-AVERAGE(Sheet1!$CE109:$CG109) -> 0.0985 | BV109: =Sheet1!CB109-AVERAGE(Sheet1!$CE109:$CG109) -> 0.6477 | BW109: =Sheet1!CC109-AVERAGE(Sheet1!$CE109:$CG109) -> 0.4965 | BX109: =Sheet1!CD109-AVERAGE(Sheet1!$CE109:$CG109) -> 0.4247 | BY109: =Sheet1!CH109-AVERAGE(Sheet1!$CQ109:$CS109) -> 0.51243333 | BZ109: =Sheet1!CI109-AVERAGE(Sheet1!$CQ109:$CS109) -> 0.075633333 | CA109: =Sheet1!CJ109-AVERAGE(Sheet1!$CQ109:$CS109) -> 0.72083333 | CB109: =Sheet1!CK109-AVERAGE(Sheet1!$CQ109:$CS109) -> 0.53213333 | CC109: =Sheet1!CL109-AVERAGE(Sheet1!$CQ109:$CS109) -> 0.17833333 | CD109: =Sheet1!CM109-AVERAGE(Sheet1!$CQ109:$CS109) -> 0.079333333 | CE109: =Sheet1!CN109-AVERAGE(Sheet1!$CQ109:$CS109) -> 0.73153333 | CF109: =Sheet1!CO109-AVERAGE(Sheet1!$CQ109:$CS109) -> 0.51203333 | CG109: =Sheet1!CP109-AVERAGE(Sheet1!$CQ109:$CS109) -> 0.46973333
... A145: =HOUR(Sheet1!A145) + MINUTE(Sheet1!A145)/60 + SECOND(Sheet1!A145)/3600 + 2*24 -> 71.997222 | B145: =Sheet1!B145-AVERAGE(Sheet1!$BG145:$BI145) -> 0.25936667 | C145: =Sheet1!C145-AVERAGE(Sheet1!$BG145:$BI145) -> 0.29326667 | D145: =Sheet1!D145-AVERAGE(Sheet1!$BG145:$BI145) -> 0.0012666667 | E145: =Sheet1!E145-AVERAGE(Sheet1!$BG145:$BI145) -> 0.48536667 | F145: =Sheet1!F145-AVERAGE(Sheet1!$BG145:$BI145) -> 0.64026667 | G145: =Sheet1!G145-AVERAGE(Sheet1!$BG145:$BI145) -> 0.90066667 | H145: =Sheet1!H145-AVERAGE(Sheet1!$BG145:$BI145) -> 0.86396667 | I145: =Sheet1!I145-AVERAGE(Sheet1!$BG145:$BI145) -> 0.37246667 | ... BF145: =Sheet1!BF145-AVERAGE(Sheet1!$BG145:$BI145) -> 0.39046667 | BG145: =Sheet1!BJ145-AVERAGE(Sheet1!$BS145:$BU145) -> 0.41943333 | BH145: =Sheet1!BK145-AVERAGE(Sheet1!$BS145:$BU145) -> 0.065733333 | BI145: =Sheet1!BL145-AVERAGE(Sheet1!$BS145:$BU145) -> 0.58963333 | BJ145: =Sheet1!BM145-AVERAGE(Sheet1!$BS145:$BU145) -> 0.40323333 | BK145: =Sheet1!BN145-AVERAGE(Sheet1!$BS145:$BU145) -> 0.10293333 | BL145: =Sheet1!BO145-AVERAGE(Sheet1!$BS145:$BU145) -> 0.11533333 | BM145: =Sheet1!BP145-AVERAGE(Sheet1!$BS145:$BU145) -> 0.57273333 | BN145: =Sheet1!BQ145-AVERAGE(Sheet1!$BS145:$BU145) -> 0.50593333 | BO145: =Sheet1!BR145-AVERAGE(Sheet1!$BS145:$BU145) -> 0.42453333 | BP145: =Sheet1!BV145-AVERAGE(Sheet1!$CE145:$CG145) -> 0.4793 | BQ145: =Sheet1!BW145-AVERAGE(Sheet1!$CE145:$CG145) -> 0.4035 | BR145: =Sheet1!BX145-AVERAGE(Sheet1!$CE145:$CG145) -> 0.4646 | BS145: =Sheet1!BY145-AVERAGE(Sheet1!$CE145:$CG145) -> 0.4395 | BT145: =Sheet1!BZ145-AVERAGE(Sheet1!$CE145:$CG145) -> 0.1357 | BU145: =Sheet1!CA145-AVERAGE(Sheet1!$CE145:$CG145) -> 0.0967 | BV145: =Sheet1!CB145-AVERAGE(Sheet1!$CE145:$CG145) -> 0.5986 | BW145: =Sheet1!CC145-AVERAGE(Sheet1!$CE145:$CG145) -> 0.5079 | BX145: =Sheet1!CD145-AVERAGE(Sheet1!$CE145:$CG145) -> 0.438 | BY145: =Sheet1!CH145-AVERAGE(Sheet1!$CQ145:$CS145) -> 0.54983333 | BZ145: =Sheet1!CI145-AVERAGE(Sheet1!$CQ145:$CS145) -> 0.051733333 | CA145: =Sheet1!CJ145-AVERAGE(Sheet1!$CQ145:$CS145) -> 0.76013333 | CB145: =Sheet1!CK145-AVERAGE(Sheet1!$CQ145:$CS145) -> 0.50563333 | CC145: =Sheet1!CL145-AVERAGE(Sheet1!$CQ145:$CS145) -> 0.18913333 | CD145: =Sheet1!CM145-AVERAGE(Sheet1!$CQ145:$CS145) -> 0.074933333 | CE145: =Sheet1!CN145-AVERAGE(Sheet1!$CQ145:$CS145) -> 0.72223333 | CF145: =Sheet1!CO145-AVERAGE(Sheet1!$CQ145:$CS145) -> 0.53813333 | CG145: =Sheet1!CP145-AVERAGE(Sheet1!$CQ145:$CS145) -> 0.48853333
A146: =HOUR(Sheet1!A146) + MINUTE(Sheet1!A146)/60 + SECOND(Sheet1!A146)/3600 + 3*24 -> 72.497222 | B146: =Sheet1!B146-AVERAGE(Sheet1!$BG146:$BI146) -> 0.25373333 | C146: =Sheet1!C146-AVERAGE(Sheet1!$BG146:$BI146) -> 0.29153333 | D146: =Sheet1!D146-AVERAGE(Sheet1!$BG146:$BI146) -> 0.0013333333 | E146: =Sheet1!E146-AVERAGE(Sheet1!$BG146:$BI146) -> 0.48153333 | F146: =Sheet1!F146-AVERAGE(Sheet1!$BG146:$BI146) -> 0.63663333 | G146: =Sheet1!G146-AVERAGE(Sheet1!$BG146:$BI146) -> 0.89733333 | H146: =Sheet1!H146-AVERAGE(Sheet1!$BG146:$BI146) -> 0.85043333 | I146: =Sheet1!I146-AVERAGE(Sheet1!$BG146:$BI146) -> 0.37813333 | ... BF146: =Sheet1!BF146-AVERAGE(Sheet1!$BG146:$BI146) -> 0.38663333 | BG146: =Sheet1!BJ146-AVERAGE(Sheet1!$BS146:$BU146) -> 0.4138 | BH146: =Sheet1!BK146-AVERAGE(Sheet1!$BS146:$BU146) -> 0.0636 | BI146: =Sheet1!BL146-AVERAGE(Sheet1!$BS146:$BU146) -> 0.5929 | BJ146: =Sheet1!BM146-AVERAGE(Sheet1!$BS146:$BU146) -> 0.4013 | BK146: =Sheet1!BN146-AVERAGE(Sheet1!$BS146:$BU146) -> 0.1028 | BL146: =Sheet1!BO146-AVERAGE(Sheet1!$BS146:$BU146) -> 0.1146 | BM146: =Sheet1!BP146-AVERAGE(Sheet1!$BS146:$BU146) -> 0.5693 | BN146: =Sheet1!BQ146-AVERAGE(Sheet1!$BS146:$BU146) -> 0.4968 | BO146: =Sheet1!BR146-AVERAGE(Sheet1!$BS146:$BU146) -> 0.4211 | BP146: =Sheet1!BV146-AVERAGE(Sheet1!$CE146:$CG146) -> 0.4712 | BQ146: =Sheet1!BW146-AVERAGE(Sheet1!$CE146:$CG146) -> 0.4007 | BR146: =Sheet1!BX146-AVERAGE(Sheet1!$CE146:$CG146) -> 0.4798 | BS146: =Sheet1!BY146-AVERAGE(Sheet1!$CE146:$CG146) -> 0.4384 | BT146: =Sheet1!BZ146-AVERAGE(Sheet1!$CE146:$CG146) -> 0.1353 | BU146: =Sheet1!CA146-AVERAGE(Sheet1!$CE146:$CG146) -> 0.096 | BV146: =Sheet1!CB146-AVERAGE(Sheet1!$CE146:$CG146) -> 0.5945 | BW146: =Sheet1!CC146-AVERAGE(Sheet1!$CE146:$CG146) -> 0.4991 | BX146: =Sheet1!CD146-AVERAGE(Sheet1!$CE146:$CG146) -> 0.4371 | BY146: =Sheet1!CH146-AVERAGE(Sheet1!$CQ146:$CS146) -> 0.5415 | BZ146: =Sheet1!CI146-AVERAGE(Sheet1!$CQ146:$CS146) -> 0.051 | CA146: =Sheet1!CJ146-AVERAGE(Sheet1!$CQ146:$CS146) -> 0.7678 | CB146: =Sheet1!CK146-AVERAGE(Sheet1!$CQ146:$CS146) -> 0.4994 | CC146: =Sheet1!CL146-AVERAGE(Sheet1!$CQ146:$CS146) -> 0.189 | CD146: =Sheet1!CM146-AVERAGE(Sheet1!$CQ146:$CS146) -> 0.0749 | CE146: =Sheet1!CN146-AVERAGE(Sheet1!$CQ146:$CS146) -> 0.7165 | CF146: =Sheet1!CO146-AVERAGE(Sheet1!$CQ146:$CS146) -> 0.526 | CG146: =Sheet1!CP146-AVERAGE(Sheet1!$CQ146:$CS146) -> 0.4851
A147: =HOUR(Sheet1!A147) + MINUTE(Sheet1!A147)/60 + SECOND(Sheet1!A147)/3600 + 3*24 -> 72.997222 | B147: =Sheet1!B147-AVERAGE(Sheet1!$BG147:$BI147) -> 0.2457 | C147: =Sheet1!C147-AVERAGE(Sheet1!$BG147:$BI147) -> 0.2888 | D147: =Sheet1!D147-AVERAGE(Sheet1!$BG147:$BI147) -> 0.0013 | E147: =Sheet1!E147-AVERAGE(Sheet1!$BG147:$BI147) -> 0.4857 | F147: =Sheet1!F147-AVERAGE(Sheet1!$BG147:$BI147) -> 0.6506 | G147: =Sheet1!G147-AVERAGE(Sheet1!$BG147:$BI147) -> 0.9113 | H147: =Sheet1!H147-AVERAGE(Sheet1!$BG147:$BI147) -> 0.8656 | I147: =Sheet1!I147-AVERAGE(Sheet1!$BG147:$BI147) -> 0.3832 | ... BF147: =Sheet1!BF147-AVERAGE(Sheet1!$BG147:$BI147) -> 0.3864 | BG147: =Sheet1!BJ147-AVERAGE(Sheet1!$BS147:$BU147) -> 0.41683333 | BH147: =Sheet1!BK147-AVERAGE(Sheet1!$BS147:$BU147) -> 0.060433333 | BI147: =Sheet1!BL147-AVERAGE(Sheet1!$BS147:$BU147) -> 0.59663333 | BJ147: =Sheet1!BM147-AVERAGE(Sheet1!$BS147:$BU147) -> 0.40133333 | BK147: =Sheet1!BN147-AVERAGE(Sheet1!$BS147:$BU147) -> 0.10433333 | BL147: =Sheet1!BO147-AVERAGE(Sheet1!$BS147:$BU147) -> 0.11523333 | BM147: =Sheet1!BP147-AVERAGE(Sheet1!$BS147:$BU147) -> 0.56953333 | BN147: =Sheet1!BQ147-AVERAGE(Sheet1!$BS147:$BU147) -> 0.50203333 | BO147: =Sheet1!BR147-AVERAGE(Sheet1!$BS147:$BU147) -> 0.41803333 | BP147: =Sheet1!BV147-AVERAGE(Sheet1!$CE147:$CG147) -> 0.47573333 | BQ147: =Sheet1!BW147-AVERAGE(Sheet1!$CE147:$CG147) -> 0.40093333 | BR147: =Sheet1!BX147-AVERAGE(Sheet1!$CE147:$CG147) -> 0.49903333 | BS147: =Sheet1!BY147-AVERAGE(Sheet1!$CE147:$CG147) -> 0.43873333 | BT147: =Sheet1!BZ147-AVERAGE(Sheet1!$CE147:$CG147) -> 0.13623333 | BU147: =Sheet1!CA147-AVERAGE(Sheet1!$CE147:$CG147) -> 0.095833333 | BV147: =Sheet1!CB147-AVERAGE(Sheet1!$CE147:$CG147) -> 0.59533333 | BW147: =Sheet1!CC147-AVERAGE(Sheet1!$CE147:$CG147) -> 0.50353333 | BX147: =Sheet1!CD147-AVERAGE(Sheet1!$CE147:$CG147) -> 0.43983333 | BY147: =Sheet1!CH147-AVERAGE(Sheet1!$CQ147:$CS147) -> 0.5426 | BZ147: =Sheet1!CI147-AVERAGE(Sheet1!$CQ147:$CS147) -> 0.0511 | CA147: =Sheet1!CJ147-AVERAGE(Sheet1!$CQ147:$CS147) -> 0.7701 | CB147: =Sheet1!CK147-AVERAGE(Sheet1!$CQ147:$CS147) -> 0.4919 | CC147: =Sheet1!CL147-AVERAGE(Sheet1!$CQ147:$CS147) -> 0.1895 | CD147: =Sheet1!CM147-AVERAGE(Sheet1!$CQ147:$CS147) -> 0.0745 | CE147: =Sheet1!CN147-AVERAGE(Sheet1!$CQ147:$CS147) -> 0.7185 | CF147: =Sheet1!CO147-AVERAGE(Sheet1!$CQ147:$CS147) -> 0.5322 | CG147: =Sheet1!CP147-AVERAGE(Sheet1!$CQ147:$CS147) -> 0.4855
A148: =HOUR(Sheet1!A148) + MINUTE(Sheet1!A148)/60 + SECOND(Sheet1!A148)/3600 + 3*24 -> 73.497222 | B148: =Sheet1!B148-AVERAGE(Sheet1!$BG148:$BI148) -> 0.23926667 | C148: =Sheet1!C148-AVERAGE(Sheet1!$BG148:$BI148) -> 0.28476667 | D148: =Sheet1!D148-AVERAGE(Sheet1!$BG148:$BI148) -> 0.0012666667 | E148: =Sheet1!E148-AVERAGE(Sheet1!$BG148:$BI148) -> 0.48956667 | F148: =Sheet1!F148-AVERAGE(Sheet1!$BG148:$BI148) -> 0.65986667 | G148: =Sheet1!G148-AVERAGE(Sheet1!$BG148:$BI148) -> 0.92176667 | H148: =Sheet1!H148-AVERAGE(Sheet1!$BG148:$BI148) -> 0.87786667 | I148: =Sheet1!I148-AVERAGE(Sheet1!$BG148:$BI148) -> 0.39316667 | ... BF148: =Sheet1!BF148-AVERAGE(Sheet1!$BG148:$BI148) -> 0.38816667 | BG148: =Sheet1!BJ148-AVERAGE(Sheet1!$BS148:$BU148) -> 0.4176 | BH148: =Sheet1!BK148-AVERAGE(Sheet1!$BS148:$BU148) -> 0.0598 | BI148: =Sheet1!BL148-AVERAGE(Sheet1!$BS148:$BU148) -> 0.5955 | BJ148: =Sheet1!BM148-AVERAGE(Sheet1!$BS148:$BU148) -> 0.4004 | BK148: =Sheet1!BN148-AVERAGE(Sheet1!$BS148:$BU148) -> 0.1046 | BL148: =Sheet1!BO148-AVERAGE(Sheet1!$BS148:$BU148) -> 0.1153 | BM148: =Sheet1!BP148-AVERAGE(Sheet1!$BS148:$BU148) -> 0.5688 | BN148: =Sheet1!BQ148-AVERAGE(Sheet1!$BS148:$BU148) -> 0.5008 | BO148: =Sheet1!BR148-AVERAGE(Sheet1!$BS148:$BU148) -> 0.4227 | BP148: =Sheet1!BV148-AVERAGE(Sheet1!$CE148:$CG148) -> 0.47686667 | BQ148: =Sheet1!BW148-AVERAGE(Sheet1!$CE148:$CG148) -> 0.39996667 | BR148: =Sheet1!BX148-AVERAGE(Sheet1!$CE148:$CG148) -> 0.50986667 | BS148: =Sheet1!BY148-AVERAGE(Sheet1!$CE148:$CG148) -> 0.43836667 | BT148: =Sheet1!BZ148-AVERAGE(Sheet1!$CE148:$CG148) -> 0.13736667 | BU148: =Sheet1!CA148-AVERAGE(Sheet1!$CE148:$CG148) -> 0.095766667 | BV148: =Sheet1!CB148-AVERAGE(Sheet1!$CE148:$CG148) -> 0.59376667 | BW148: =Sheet1!CC148-AVERAGE(Sheet1!$CE148:$CG148) -> 0.50336667 | BX148: =Sheet1!CD148-AVERAGE(Sheet1!$CE148:$CG148) -> 0.44046667 | BY148: =Sheet1!CH148-AVERAGE(Sheet1!$CQ148:$CS148) -> 0.5421 | BZ148: =Sheet1!CI148-AVERAGE(Sheet1!$CQ148:$CS148) -> 0.0506 | CA148: =Sheet1!CJ148-AVERAGE(Sheet1!$CQ148:$CS148) -> 0.7817 | CB148: =Sheet1!CK148-AVERAGE(Sheet1!$CQ148:$CS148) -> 0.486 | CC148: =Sheet1!CL148-AVERAGE(Sheet1!$CQ148:$CS148) -> 0.1902 | CD148: =Sheet1!CM148-AVERAGE(Sheet1!$CQ148:$CS148) -> 0.0746 | CE148: =Sheet1!CN148-AVERAGE(Sheet1!$CQ148:$CS148) -> 0.7183 | CF148: =Sheet1!CO148-AVERAGE(Sheet1!$CQ148:$CS148) -> 0.5354 | CG148: =Sheet1!CP148-AVERAGE(Sheet1!$CQ148:$CS148) -> 0.489
A149: =HOUR(Sheet1!A149) + MINUTE(Sheet1!A149)/60 + SECOND(Sheet1!A149)/3600 + 3*24 -> 73.997222 | B149: =Sheet1!B149-AVERAGE(Sheet1!$BG149:$BI149) -> 0.23306667 | C149: =Sheet1!C149-AVERAGE(Sheet1!$BG149:$BI149) -> 0.27536667 | D149: =Sheet1!D149-AVERAGE(Sheet1!$BG149:$BI149) -> 0.0013666667 | E149: =Sheet1!E149-AVERAGE(Sheet1!$BG149:$BI149) -> 0.48716667 | F149: =Sheet1!F149-AVERAGE(Sheet1!$BG149:$BI149) -> 0.66336667 | G149: =Sheet1!G149-AVERAGE(Sheet1!$BG149:$BI149) -> 0.92246667 | H149: =Sheet1!H149-AVERAGE(Sheet1!$BG149:$BI149) -> 0.88156667 | I149: =Sheet1!I149-AVERAGE(Sheet1!$BG149:$BI149) -> 0.40186667 | ... BF149: =Sheet1!BF149-AVERAGE(Sheet1!$BG149:$BI149) -> 0.39356667 | BG149: =Sheet1!BJ149-AVERAGE(Sheet1!$BS149:$BU149) -> 0.41373333 | BH149: =Sheet1!BK149-AVERAGE(Sheet1!$BS149:$BU149) -> 0.058233333 | BI149: =Sheet1!BL149-AVERAGE(Sheet1!$BS149:$BU149) -> 0.59243333 | BJ149: =Sheet1!BM149-AVERAGE(Sheet1!$BS149:$BU149) -> 0.39923333 | BK149: =Sheet1!BN149-AVERAGE(Sheet1!$BS149:$BU149) -> 0.10493333 | BL149: =Sheet1!BO149-AVERAGE(Sheet1!$BS149:$BU149) -> 0.11423333 | BM149: =Sheet1!BP149-AVERAGE(Sheet1!$BS149:$BU149) -> 0.56663333 | BN149: =Sheet1!BQ149-AVERAGE(Sheet1!$BS149:$BU149) -> 0.49813333 | BO149: =Sheet1!BR149-AVERAGE(Sheet1!$BS149:$BU149) -> 0.42543333 | BP149: =Sheet1!BV149-AVERAGE(Sheet1!$CE149:$CG149) -> 0.47246667 | BQ149: =Sheet1!BW149-AVERAGE(Sheet1!$CE149:$CG149) -> 0.39686667 | BR149: =Sheet1!BX149-AVERAGE(Sheet1!$CE149:$CG149) -> 0.51856667 | BS149: =Sheet1!BY149-AVERAGE(Sheet1!$CE149:$CG149) -> 0.43826667 | BT149: =Sheet1!BZ149-AVERAGE(Sheet1!$CE149:$CG149) -> 0.13656667 | BU149: =Sheet1!CA149-AVERAGE(Sheet1!$CE149:$CG149) -> 0.095966667 | BV149: =Sheet1!CB149-AVERAGE(Sheet1!$CE149:$CG149) -> 0.59116667 | BW149: =Sheet1!CC149-AVERAGE(Sheet1!$CE149:$CG149) -> 0.49716667 | BX149: =Sheet1!CD149-AVERAGE(Sheet1!$CE149:$CG149) -> 0.44086667 | BY149: =Sheet1!CH149-AVERAGE(Sheet1!$CQ149:$CS149) -> 0.52916667 | BZ149: =Sheet1!CI149-AVERAGE(Sheet1!$CQ149:$CS149) -> 0.049866667 | CA149: =Sheet1!CJ149-AVERAGE(Sheet1!$CQ149:$CS149) -> 0.78736667 | CB149: =Sheet1!CK149-AVERAGE(Sheet1!$CQ149:$CS149) -> 0.47836667 | CC149: =Sheet1!CL149-AVERAGE(Sheet1!$CQ149:$CS149) -> 0.19016667 | CD149: =Sheet1!CM149-AVERAGE(Sheet1!$CQ149:$CS149) -> 0.074766667 | CE149: =Sheet1!CN149-AVERAGE(Sheet1!$CQ149:$CS149) -> 0.71556667 | CF149: =Sheet1!CO149-AVERAGE(Sheet1!$CQ149:$CS149) -> 0.53176667 | CG149: =Sheet1!CP149-AVERAGE(Sheet1!$CQ149:$CS149) -> 0.49286667
A150: =HOUR(Sheet1!A150) + MINUTE(Sheet1!A150)/60 + SECOND(Sheet1!A150)/3600 + 3*24 -> 74.497222 | B150: =Sheet1!B150-AVERAGE(Sheet1!$BG150:$BI150) -> 0.23453333 | C150: =Sheet1!C150-AVERAGE(Sheet1!$BG150:$BI150) -> 0.27473333 | D150: =Sheet1!D150-AVERAGE(Sheet1!$BG150:$BI150) -> 0.0013333333 | E150: =Sheet1!E150-AVERAGE(Sheet1!$BG150:$BI150) -> 0.50173333 | F150: =Sheet1!F150-AVERAGE(Sheet1!$BG150:$BI150) -> 0.68903333 | G150: =Sheet1!G150-AVERAGE(Sheet1!$BG150:$BI150) -> 0.94453333 | H150: =Sheet1!H150-AVERAGE(Sheet1!$BG150:$BI150) -> 0.91453333 | I150: =Sheet1!I150-AVERAGE(Sheet1!$BG150:$BI150) -> 0.40663333 | ... BF150: =Sheet1!BF150-AVERAGE(Sheet1!$BG150:$BI150) -> 0.39293333 | BG150: =Sheet1!BJ150-AVERAGE(Sheet1!$BS150:$BU150) -> 0.42366667 | BH150: =Sheet1!BK150-AVERAGE(Sheet1!$BS150:$BU150) -> 0.057166667 | BI150: =Sheet1!BL150-AVERAGE(Sheet1!$BS150:$BU150) -> 0.59196667 | BJ150: =Sheet1!BM150-AVERAGE(Sheet1!$BS150:$BU150) -> 0.40086667 | BK150: =Sheet1!BN150-AVERAGE(Sheet1!$BS150:$BU150) -> 0.10736667 | BL150: =Sheet1!BO150-AVERAGE(Sheet1!$BS150:$BU150) -> 0.11446667 | BM150: =Sheet1!BP150-AVERAGE(Sheet1!$BS150:$BU150) -> 0.56836667 | BN150: =Sheet1!BQ150-AVERAGE(Sheet1!$BS150:$BU150) -> 0.51346667 | BO150: =Sheet1!BR150-AVERAGE(Sheet1!$BS150:$BU150) -> 0.42766667 | BP150: =Sheet1!BV150-AVERAGE(Sheet1!$CE150:$CG150) -> 0.48793333 | BQ150: =Sheet1!BW150-AVERAGE(Sheet1!$CE150:$CG150) -> 0.39993333 | BR150: =Sheet1!BX150-AVERAGE(Sheet1!$CE150:$CG150) -> 0.53173333 | BS150: =Sheet1!BY150-AVERAGE(Sheet1!$CE150:$CG150) -> 0.44063333 | BT150: =Sheet1!BZ150-AVERAGE(Sheet1!$CE150:$CG150) -> 0.13913333 | BU150: =Sheet1!CA150-AVERAGE(Sheet1!$CE150:$CG150) -> 0.096033333 | BV150: =Sheet1!CB150-AVERAGE(Sheet1!$CE150:$CG150) -> 0.59563333 | BW150: =Sheet1!CC150-AVERAGE(Sheet1!$CE150:$CG150) -> 0.51323333 | BX150: =Sheet1!CD150-AVERAGE(Sheet1!$CE150:$CG150) -> 0.44443333 | BY150: =Sheet1!CH150-AVERAGE(Sheet1!$CQ150:$CS150) -> 0.54163333 | BZ150: =Sheet1!CI150-AVERAGE(Sheet1!$CQ150:$CS150) -> 0.048933333 | CA150: =Sheet1!CJ150-AVERAGE(Sheet1!$CQ150:$CS150) -> 0.79743333 | CB150: =Sheet1!CK150-AVERAGE(Sheet1!$CQ150:$CS150) -> 0.47163333 | CC150: =Sheet1!CL150-AVERAGE(Sheet1!$CQ150:$CS150) -> 0.18903333 | CD150: =Sheet1!CM150-AVERAGE(Sheet1!$CQ150:$CS150) -> 0.073833333 | CE150: =Sheet1!CN150-AVERAGE(Sheet1!$CQ150:$CS150) -> 0.72193333 | CF150: =Sheet1!CO150-AVERAGE(Sheet1!$CQ150:$CS150) -> 0.54843333 | CG150: =Sheet1!CP150-AVERAGE(Sheet1!$CQ150:$CS150) -> 0.49513333
A151: =HOUR(Sheet1!A151) + MINUTE(Sheet1!A151)/60 + SECOND(Sheet1!A151)/3600 + 3*24 -> 74.997222 | B151: =Sheet1!B151-AVERAGE(Sheet1!$BG151:$BI151) -> 0.2286 | C151: =Sheet1!C151-AVERAGE(Sheet1!$BG151:$BI151) -> 0.2664 | D151: =Sheet1!D151-AVERAGE(Sheet1!$BG151:$BI151) -> 0.0016 | E151: =Sheet1!E151-AVERAGE(Sheet1!$BG151:$BI151) -> 0.4908 | F151: =Sheet1!F151-AVERAGE(Sheet1!$BG151:$BI151) -> 0.6809 | G151: =Sheet1!G151-AVERAGE(Sheet1!$BG151:$BI151) -> 0.9339 | H151: =Sheet1!H151-AVERAGE(Sheet1!$BG151:$BI151) -> 0.8932 | I151: =Sheet1!I151-AVERAGE(Sheet1!$BG151:$BI151) -> 0.4185 | ... BF151: =Sheet1!BF151-AVERAGE(Sheet1!$BG151:$BI151) -> 0.3905 | BG151: =Sheet1!BJ151-AVERAGE(Sheet1!$BS151:$BU151) -> 0.41266667 | BH151: =Sheet1!BK151-AVERAGE(Sheet1!$BS151:$BU151) -> 0.055466667 | BI151: =Sheet1!BL151-AVERAGE(Sheet1!$BS151:$BU151) -> 0.58116667 | BJ151: =Sheet1!BM151-AVERAGE(Sheet1!$BS151:$BU151) -> 0.39776667 | BK151: =Sheet1!BN151-AVERAGE(Sheet1!$BS151:$BU151) -> 0.10516667 | BL151: =Sheet1!BO151-AVERAGE(Sheet1!$BS151:$BU151) -> 0.11376667 | BM151: =Sheet1!BP151-AVERAGE(Sheet1!$BS151:$BU151) -> 0.56286667 | BN151: =Sheet1!BQ151-AVERAGE(Sheet1!$BS151:$BU151) -> 0.49606667 | BO151: =Sheet1!BR151-AVERAGE(Sheet1!$BS151:$BU151) -> 0.42496667 | BP151: =Sheet1!BV151-AVERAGE(Sheet1!$CE151:$CG151) -> 0.4724 | BQ151: =Sheet1!BW151-AVERAGE(Sheet1!$CE151:$CG151) -> 0.3936 | BR151: =Sheet1!BX151-AVERAGE(Sheet1!$CE151:$CG151) -> 0.5432 | BS151: =Sheet1!BY151-AVERAGE(Sheet1!$CE151:$CG151) -> 0.4384 | BT151: =Sheet1!BZ151-AVERAGE(Sheet1!$CE151:$CG151) -> 0.1374 | BU151: =Sheet1!CA151-AVERAGE(Sheet1!$CE151:$CG151) -> 0.0951 | BV151: =Sheet1!CB151-AVERAGE(Sheet1!$CE151:$CG151) -> 0.5887 | BW151: =Sheet1!CC151-AVERAGE(Sheet1!$CE151:$CG151) -> 0.4916 | BX151: =Sheet1!CD151-AVERAGE(Sheet1!$CE151:$CG151) -> 0.4444 | BY151: =Sheet1!CH151-AVERAGE(Sheet1!$CQ151:$CS151) -> 0.52206667 | BZ151: =Sheet1!CI151-AVERAGE(Sheet1!$CQ151:$CS151) -> 0.047866667 | CA151: =Sheet1!CJ151-AVERAGE(Sheet1!$CQ151:$CS151) -> 0.80526667 | CB151: =Sheet1!CK151-AVERAGE(Sheet1!$CQ151:$CS151) -> 0.46676667 | CC151: =Sheet1!CL151-AVERAGE(Sheet1!$CQ151:$CS151) -> 0.19056667 | CD151: =Sheet1!CM151-AVERAGE(Sheet1!$CQ151:$CS151) -> 0.074466667 | CE151: =Sheet1!CN151-AVERAGE(Sheet1!$CQ151:$CS151) -> 0.71256667 | CF151: =Sheet1!CO151-AVERAGE(Sheet1!$CQ151:$CS151) -> 0.52976667 | CG151: =Sheet1!CP151-AVERAGE(Sheet1!$CQ151:$CS151) -> 0.49446667
A152: =HOUR(Sheet1!A152) + MINUTE(Sheet1!A152)/60 + SECOND(Sheet1!A152)/3600 + 3*24 -> 75.497222 | B152: =Sheet1!B152-AVERAGE(Sheet1!$BG152:$BI152) -> 0.2209 | C152: =Sheet1!C152-AVERAGE(Sheet1!$BG152:$BI152) -> 0.2618 | D152: =Sheet1!D152-AVERAGE(Sheet1!$BG152:$BI152) -> 0.0014 | E152: =Sheet1!E152-AVERAGE(Sheet1!$BG152:$BI152) -> 0.4994 | F152: =Sheet1!F152-AVERAGE(Sheet1!$BG152:$BI152) -> 0.7026 | G152: =Sheet1!G152-AVERAGE(Sheet1!$BG152:$BI152) -> 0.9478 | H152: =Sheet1!H152-AVERAGE(Sheet1!$BG152:$BI152) -> 0.9129 | I152: =Sheet1!I152-AVERAGE(Sheet1!$BG152:$BI152) -> 0.426 | ... BF152: =Sheet1!BF152-AVERAGE(Sheet1!$BG152:$BI152) -> 0.3962 | BG152: =Sheet1!BJ152-AVERAGE(Sheet1!$BS152:$BU152) -> 0.4174 | BH152: =Sheet1!BK152-AVERAGE(Sheet1!$BS152:$BU152) -> 0.0546 | BI152: =Sheet1!BL152-AVERAGE(Sheet1!$BS152:$BU152) -> 0.5812 | BJ152: =Sheet1!BM152-AVERAGE(Sheet1!$BS152:$BU152) -> 0.3964 | BK152: =Sheet1!BN152-AVERAGE(Sheet1!$BS152:$BU152) -> 0.1075 | BL152: =Sheet1!BO152-AVERAGE(Sheet1!$BS152:$BU152) -> 0.1137 | BM152: =Sheet1!BP152-AVERAGE(Sheet1!$BS152:$BU152) -> 0.5646 | BN152: =Sheet1!BQ152-AVERAGE(Sheet1!$BS152:$BU152) -> 0.5037 | BO152: =Sheet1!BR152-AVERAGE(Sheet1!$BS152:$BU152) -> 0.4236 | BP152: =Sheet1!BV152-AVERAGE(Sheet1!$CE152:$CG152) -> 0.48106667 | BQ152: =Sheet1!BW152-AVERAGE(Sheet1!$CE152:$CG152) -> 0.39306667 | BR152: =Sheet1!BX152-AVERAGE(Sheet1!$CE152:$CG152) -> 0.55416667 | BS152: =Sheet1!BY152-AVERAGE(Sheet1!$CE152:$CG152) -> 0.43816667 | BT152: =Sheet1!BZ152-AVERAGE(Sheet1!$CE152:$CG152) -> 0.13896667 | BU152: =Sheet1!CA152-AVERAGE(Sheet1!$CE152:$CG152) -> 0.095266667 | BV152: =Sheet1!CB152-AVERAGE(Sheet1!$CE152:$CG152) -> 0.59026667 | BW152: =Sheet1!CC152-AVERAGE(Sheet1!$CE152:$CG152) -> 0.49996667 | BX152: =Sheet1!CD152-AVERAGE(Sheet1!$CE152:$CG152) -> 0.44236667 | BY152: =Sheet1!CH152-AVERAGE(Sheet1!$CQ152:$CS152) -> 0.52386667 | BZ152: =Sheet1!CI152-AVERAGE(Sheet1!$CQ152:$CS152) -> 0.047066667 | CA152: =Sheet1!CJ152-AVERAGE(Sheet1!$CQ152:$CS152) -> 0.80966667 | CB152: =Sheet1!CK152-AVERAGE(Sheet1!$CQ152:$CS152) -> 0.45516667 | CC152: =Sheet1!CL152-AVERAGE(Sheet1!$CQ152:$CS152) -> 0.18976667 | CD152: =Sheet1!CM152-AVERAGE(Sheet1!$CQ152:$CS152) -> 0.074366667 | CE152: =Sheet1!CN152-AVERAGE(Sheet1!$CQ152:$CS152) -> 0.71476667 | CF152: =Sheet1!CO152-AVERAGE(Sheet1!$CQ152:$CS152) -> 0.53746667 | CG152: =Sheet1!CP152-AVERAGE(Sheet1!$CQ152:$CS152) -> 0.49556667
A153: =HOUR(Sheet1!A153) + MINUTE(Sheet1!A153)/60 + SECOND(Sheet1!A153)/3600 + 3*24 -> 75.997222 | B153: =Sheet1!B153-AVERAGE(Sheet1!$BG153:$BI153) -> 0.21583333 | C153: =Sheet1!C153-AVERAGE(Sheet1!$BG153:$BI153) -> 0.25263333 | D153: =Sheet1!D153-AVERAGE(Sheet1!$BG153:$BI153) -> 0.0017333333 | E153: =Sheet1!E153-AVERAGE(Sheet1!$BG153:$BI153) -> 0.50163333 | F153: =Sheet1!F153-AVERAGE(Sheet1!$BG153:$BI153) -> 0.71103333 | G153: =Sheet1!G153-AVERAGE(Sheet1!$BG153:$BI153) -> 0.95123333 | H153: =Sheet1!H153-AVERAGE(Sheet1!$BG153:$BI153) -> 0.92733333 | I153: =Sheet1!I153-AVERAGE(Sheet1!$BG153:$BI153) -> 0.43523333 | ... BF153: =Sheet1!BF153-AVERAGE(Sheet1!$BG153:$BI153) -> 0.39783333 | BG153: =Sheet1!BJ153-AVERAGE(Sheet1!$BS153:$BU153) -> 0.41593333 | BH153: =Sheet1!BK153-AVERAGE(Sheet1!$BS153:$BU153) -> 0.053533333 | BI153: =Sheet1!BL153-AVERAGE(Sheet1!$BS153:$BU153) -> 0.57603333 | BJ153: =Sheet1!BM153-AVERAGE(Sheet1!$BS153:$BU153) -> 0.39463333 | BK153: =Sheet1!BN153-AVERAGE(Sheet1!$BS153:$BU153) -> 0.10703333 | BL153: =Sheet1!BO153-AVERAGE(Sheet1!$BS153:$BU153) -> 0.11283333 | BM153: =Sheet1!BP153-AVERAGE(Sheet1!$BS153:$BU153) -> 0.56303333 | BN153: =Sheet1!BQ153-AVERAGE(Sheet1!$BS153:$BU153) -> 0.50263333 | BO153: =Sheet1!BR153-AVERAGE(Sheet1!$BS153:$BU153) -> 0.42883333 | BP153: =Sheet1!BV153-AVERAGE(Sheet1!$CE153:$CG153) -> 0.4803 | BQ153: =Sheet1!BW153-AVERAGE(Sheet1!$CE153:$CG153) -> 0.3921 | BR153: =Sheet1!BX153-AVERAGE(Sheet1!$CE153:$CG153) -> 0.563 | BS153: =Sheet1!BY153-AVERAGE(Sheet1!$CE153:$CG153) -> 0.4377 | BT153: =Sheet1!BZ153-AVERAGE(Sheet1!$CE153:$CG153) -> 0.1394 | BU153: =Sheet1!CA153-AVERAGE(Sheet1!$CE153:$CG153) -> 0.096 | BV153: =Sheet1!CB153-AVERAGE(Sheet1!$CE153:$CG153) -> 0.5898 | BW153: =Sheet1!CC153-AVERAGE(Sheet1!$CE153:$CG153) -> 0.501 | BX153: =Sheet1!CD153-AVERAGE(Sheet1!$CE153:$CG153) -> 0.446 | BY153: =Sheet1!CH153-AVERAGE(Sheet1!$CQ153:$CS153) -> 0.51743333 | BZ153: =Sheet1!CI153-AVERAGE(Sheet1!$CQ153:$CS153) -> 0.046033333 | CA153: =Sheet1!CJ153-AVERAGE(Sheet1!$CQ153:$CS153) -> 0.81913333 | CB153: =Sheet1!CK153-AVERAGE(Sheet1!$CQ153:$CS153) -> 0.44493333 | CC153: =Sheet1!CL153-AVERAGE(Sheet1!$CQ153:$CS153) -> 0.18873333 | CD153: =Sheet1!CM153-AVERAGE(Sheet1!$CQ153:$CS153) -> 0.073933333 | CE153: =Sheet1!CN153-AVERAGE(Sheet1!$CQ153:$CS153) -> 0.71673333 | CF153: =Sheet1!CO153-AVERAGE(Sheet1!$CQ153:$CS153) -> 0.54173333 | CG153: =Sheet1!CP153-AVERAGE(Sheet1!$CQ153:$CS153) -> 0.49893333
A154: =HOUR(Sheet1!A154) + MINUTE(Sheet1!A154)/60 + SECOND(Sheet1!A154)/3600 + 3*24 -> 76.497222 | B154: =Sheet1!B154-AVERAGE(Sheet1!$BG154:$BI154) -> 0.21246667 | C154: =Sheet1!C154-AVERAGE(Sheet1!$BG154:$BI154) -> 0.24796667 | D154: =Sheet1!D154-AVERAGE(Sheet1!$BG154:$BI154) -> 0.0016666667 | E154: =Sheet1!E154-AVERAGE(Sheet1!$BG154:$BI154) -> 0.50076667 | F154: =Sheet1!F154-AVERAGE(Sheet1!$BG154:$BI154) -> 0.72166667 | G154: =Sheet1!G154-AVERAGE(Sheet1!$BG154:$BI154) -> 0.95136667 | H154: =Sheet1!H154-AVERAGE(Sheet1!$BG154:$BI154) -> 0.92766667 | I154: =Sheet1!I154-AVERAGE(Sheet1!$BG154:$BI154) -> 0.44696667 | ... BF154: =Sheet1!BF154-AVERAGE(Sheet1!$BG154:$BI154) -> 0.39716667 | BG154: =Sheet1!BJ154-AVERAGE(Sheet1!$BS154:$BU154) -> 0.4129 | BH154: =Sheet1!BK154-AVERAGE(Sheet1!$BS154:$BU154) -> 0.0529 | BI154: =Sheet1!BL154-AVERAGE(Sheet1!$BS154:$BU154) -> 0.5727 | BJ154: =Sheet1!BM154-AVERAGE(Sheet1!$BS154:$BU154) -> 0.3931 | BK154: =Sheet1!BN154-AVERAGE(Sheet1!$BS154:$BU154) -> 0.1082 | BL154: =Sheet1!BO154-AVERAGE(Sheet1!$BS154:$BU154) -> 0.1128 | BM154: =Sheet1!BP154-AVERAGE(Sheet1!$BS154:$BU154) -> 0.5588 | BN154: =Sheet1!BQ154-AVERAGE(Sheet1!$BS154:$BU154) -> 0.4978 | BO154: =Sheet1!BR154-AVERAGE(Sheet1!$BS154:$BU154) -> 0.4287 | BP154: =Sheet1!BV154-AVERAGE(Sheet1!$CE154:$CG154) -> 0.4768 | BQ154: =Sheet1!BW154-AVERAGE(Sheet1!$CE154:$CG154) -> 0.3895 | BR154: =Sheet1!BX154-AVERAGE(Sheet1!$CE154:$CG154) -> 0.5743 | BS154: =Sheet1!BY154-AVERAGE(Sheet1!$CE154:$CG154) -> 0.4374 | BT154: =Sheet1!BZ154-AVERAGE(Sheet1!$CE154:$CG154) -> 0.1397 | BU154: =Sheet1!CA154-AVERAGE(Sheet1!$CE154:$CG154) -> 0.0956 | BV154: =Sheet1!CB154-AVERAGE(Sheet1!$CE154:$CG154) -> 0.5869 | BW154: =Sheet1!CC154-AVERAGE(Sheet1!$CE154:$CG154) -> 0.4975 | BX154: =Sheet1!CD154-AVERAGE(Sheet1!$CE154:$CG154) -> 0.4477 | BY154: =Sheet1!CH154-AVERAGE(Sheet1!$CQ154:$CS154) -> 0.5117 | BZ154: =Sheet1!CI154-AVERAGE(Sheet1!$CQ154:$CS154) -> 0.0452 | CA154: =Sheet1!CJ154-AVERAGE(Sheet1!$CQ154:$CS154) -> 0.8255 | CB154: =Sheet1!CK154-AVERAGE(Sheet1!$CQ154:$CS154) -> 0.437 | CC154: =Sheet1!CL154-AVERAGE(Sheet1!$CQ154:$CS154) -> 0.1887 | CD154: =Sheet1!CM154-AVERAGE(Sheet1!$CQ154:$CS154) -> 0.0744 | CE154: =Sheet1!CN154-AVERAGE(Sheet1!$CQ154:$CS154) -> 0.713 | CF154: =Sheet1!CO154-AVERAGE(Sheet1!$CQ154:$CS154) -> 0.538 | CG154: =Sheet1!CP154-AVERAGE(Sheet1!$CQ154:$CS154) -> 0.4951
A155: =HOUR(Sheet1!A155) + MINUTE(Sheet1!A155)/60 + SECOND(Sheet1!A155)/3600 + 3*24 -> 76.997222 | B155: =Sheet1!B155-AVERAGE(Sheet1!$BG155:$BI155) -> 0.26296667 | C155: =Sheet1!C155-AVERAGE(Sheet1!$BG155:$BI155) -> 0.24426667 | D155: =Sheet1!D155-AVERAGE(Sheet1!$BG155:$BI155) -> 0.0014666667 | E155: =Sheet1!E155-AVERAGE(Sheet1!$BG155:$BI155) -> 0.50136667 | F155: =Sheet1!F155-AVERAGE(Sheet1!$BG155:$BI155) -> 0.73076667 | G155: =Sheet1!G155-AVERAGE(Sheet1!$BG155:$BI155) -> 0.95356667 | H155: =Sheet1!H155-AVERAGE(Sheet1!$BG155:$BI155) -> 0.92886667 | I155: =Sheet1!I155-AVERAGE(Sheet1!$BG155:$BI155) -> 0.45996667 | ... BF155: =Sheet1!BF155-AVERAGE(Sheet1!$BG155:$BI155) -> 0.39816667 | BG155: =Sheet1!BJ155-AVERAGE(Sheet1!$BS155:$BU155) -> 0.41323333 | BH155: =Sheet1!BK155-AVERAGE(Sheet1!$BS155:$BU155) -> 0.050633333 | BI155: =Sheet1!BL155-AVERAGE(Sheet1!$BS155:$BU155) -> 0.57653333 | BJ155: =Sheet1!BM155-AVERAGE(Sheet1!$BS155:$BU155) -> 0.39073333 | BK155: =Sheet1!BN155-AVERAGE(Sheet1!$BS155:$BU155) -> 0.10703333 | BL155: =Sheet1!BO155-AVERAGE(Sheet1!$BS155:$BU155) -> 0.11203333 | BM155: =Sheet1!BP155-AVERAGE(Sheet1!$BS155:$BU155) -> 0.55883333 | BN155: =Sheet1!BQ155-AVERAGE(Sheet1!$BS155:$BU155) -> 0.49433333 | BO155: =Sheet1!BR155-AVERAGE(Sheet1!$BS155:$BU155) -> 0.42653333 | BP155: =Sheet1!BV155-AVERAGE(Sheet1!$CE155:$CG155) -> 0.47726667 | BQ155: =Sheet1!BW155-AVERAGE(Sheet1!$CE155:$CG155) -> 0.38616667 | BR155: =Sheet1!BX155-AVERAGE(Sheet1!$CE155:$CG155) -> 0.58726667 | BS155: =Sheet1!BY155-AVERAGE(Sheet1!$CE155:$CG155) -> 0.43746667 | BT155: =Sheet1!BZ155-AVERAGE(Sheet1!$CE155:$CG155) -> 0.13896667 | BU155: =Sheet1!CA155-AVERAGE(Sheet1!$CE155:$CG155) -> 0.095466667 | BV155: =Sheet1!CB155-AVERAGE(Sheet1!$CE155:$CG155) -> 0.58436667 | BW155: =Sheet1!CC155-AVERAGE(Sheet1!$CE155:$CG155) -> 0.49836667 | BX155: =Sheet1!CD155-AVERAGE(Sheet1!$CE155:$CG155) -> 0.44556667 | BY155: =Sheet1!CH155-AVERAGE(Sheet1!$CQ155:$CS155) -> 0.5054 | BZ155: =Sheet1!CI155-AVERAGE(Sheet1!$CQ155:$CS155) -> 0.0448 | CA155: =Sheet1!CJ155-AVERAGE(Sheet1!$CQ155:$CS155) -> 0.834 | CB155: =Sheet1!CK155-AVERAGE(Sheet1!$CQ155:$CS155) -> 0.4263 | CC155: =Sheet1!CL155-AVERAGE(Sheet1!$CQ155:$CS155) -> 0.1886 | CD155: =Sheet1!CM155-AVERAGE(Sheet1!$CQ155:$CS155) -> 0.074 | CE155: =Sheet1!CN155-AVERAGE(Sheet1!$CQ155:$CS155) -> 0.7116 | CF155: =Sheet1!CO155-AVERAGE(Sheet1!$CQ155:$CS155) -> 0.5349 | CG155: =Sheet1!CP155-AVERAGE(Sheet1!$CQ155:$CS155) -> 0.4843
A156: =HOUR(Sheet1!A156) + MINUTE(Sheet1!A156)/60 + SECOND(Sheet1!A156)/3600 + 3*24 -> 77.497222 | B156: =Sheet1!B156-AVERAGE(Sheet1!$BG156:$BI156) -> 0.25216667 | C156: =Sheet1!C156-AVERAGE(Sheet1!$BG156:$BI156) -> 0.23906667 | D156: =Sheet1!D156-AVERAGE(Sheet1!$BG156:$BI156) -> 0.00096666667 | E156: =Sheet1!E156-AVERAGE(Sheet1!$BG156:$BI156) -> 0.50866667 | F156: =Sheet1!F156-AVERAGE(Sheet1!$BG156:$BI156) -> 0.74316667 | G156: =Sheet1!G156-AVERAGE(Sheet1!$BG156:$BI156) -> 0.96646667 | H156: =Sheet1!H156-AVERAGE(Sheet1!$BG156:$BI156) -> 0.95266667 | I156: =Sheet1!I156-AVERAGE(Sheet1!$BG156:$BI156) -> 0.46876667 | ... BF156: =Sheet1!BF156-AVERAGE(Sheet1!$BG156:$BI156) -> 0.39836667 | BG156: =Sheet1!BJ156-AVERAGE(Sheet1!$BS156:$BU156) -> 0.4161 | BH156: =Sheet1!BK156-AVERAGE(Sheet1!$BS156:$BU156) -> 0.0492 | BI156: =Sheet1!BL156-AVERAGE(Sheet1!$BS156:$BU156) -> 0.5772 | BJ156: =Sheet1!BM156-AVERAGE(Sheet1!$BS156:$BU156) -> 0.3888 | BK156: =Sheet1!BN156-AVERAGE(Sheet1!$BS156:$BU156) -> 0.1082 | BL156: =Sheet1!BO156-AVERAGE(Sheet1!$BS156:$BU156) -> 0.1132 | BM156: =Sheet1!BP156-AVERAGE(Sheet1!$BS156:$BU156) -> 0.5574 | BN156: =Sheet1!BQ156-AVERAGE(Sheet1!$BS156:$BU156) -> 0.5002 | BO156: =Sheet1!BR156-AVERAGE(Sheet1!$BS156:$BU156) -> 0.4284 | BP156: =Sheet1!BV156-AVERAGE(Sheet1!$CE156:$CG156) -> 0.48206667 | BQ156: =Sheet1!BW156-AVERAGE(Sheet1!$CE156:$CG156) -> 0.38826667 | BR156: =Sheet1!BX156-AVERAGE(Sheet1!$CE156:$CG156) -> 0.60006667 | BS156: =Sheet1!BY156-AVERAGE(Sheet1!$CE156:$CG156) -> 0.43756667 | BT156: =Sheet1!BZ156-AVERAGE(Sheet1!$CE156:$CG156) -> 0.14016667 | BU156: =Sheet1!CA156-AVERAGE(Sheet1!$CE156:$CG156) -> 0.094966667 | BV156: =Sheet1!CB156-AVERAGE(Sheet1!$CE156:$CG156) -> 0.58506667 | BW156: =Sheet1!CC156-AVERAGE(Sheet1!$CE156:$CG156) -> 0.50456667 | BX156: =Sheet1!CD156-AVERAGE(Sheet1!$CE156:$CG156) -> 0.44596667 | BY156: =Sheet1!CH156-AVERAGE(Sheet1!$CQ156:$CS156) -> 0.49996667 | BZ156: =Sheet1!CI156-AVERAGE(Sheet1!$CQ156:$CS156) -> 0.044066667 | CA156: =Sheet1!CJ156-AVERAGE(Sheet1!$CQ156:$CS156) -> 0.84186667 | CB156: =Sheet1!CK156-AVERAGE(Sheet1!$CQ156:$CS156) -> 0.41746667 | CC156: =Sheet1!CL156-AVERAGE(Sheet1!$CQ156:$CS156) -> 0.18786667 | CD156: =Sheet1!CM156-AVERAGE(Sheet1!$CQ156:$CS156) -> 0.073666667 | CE156: =Sheet1!CN156-AVERAGE(Sheet1!$CQ156:$CS156) -> 0.71356667 | CF156: =Sheet1!CO156-AVERAGE(Sheet1!$CQ156:$CS156) -> 0.54416667 | CG156: =Sheet1!CP156-AVERAGE(Sheet1!$CQ156:$CS156) -> 0.48106667
A157: =HOUR(Sheet1!A157) + MINUTE(Sheet1!A157)/60 + SECOND(Sheet1!A157)/3600 + 3*24 -> 77.997222 | B157: =Sheet1!B157-AVERAGE(Sheet1!$BG157:$BI157) -> 0.183 | C157: =Sheet1!C157-AVERAGE(Sheet1!$BG157:$BI157) -> 0.238 | D157: =Sheet1!D157-AVERAGE(Sheet1!$BG157:$BI157) -> 0.0013 | E157: =Sheet1!E157-AVERAGE(Sheet1!$BG157:$BI157) -> 0.5225 | F157: =Sheet1!F157-AVERAGE(Sheet1!$BG157:$BI157) -> 0.7689 | G157: =Sheet1!G157-AVERAGE(Sheet1!$BG157:$BI157) -> 0.9831 | H157: =Sheet1!H157-AVERAGE(Sheet1!$BG157:$BI157) -> 0.9735 | I157: =Sheet1!I157-AVERAGE(Sheet1!$BG157:$BI157) -> 0.4788 | ... BF157: =Sheet1!BF157-AVERAGE(Sheet1!$BG157:$BI157) -> 0.4009 | BG157: =Sheet1!BJ157-AVERAGE(Sheet1!$BS157:$BU157) -> 0.42106667 | BH157: =Sheet1!BK157-AVERAGE(Sheet1!$BS157:$BU157) -> 0.049166667 | BI157: =Sheet1!BL157-AVERAGE(Sheet1!$BS157:$BU157) -> 0.58386667 | BJ157: =Sheet1!BM157-AVERAGE(Sheet1!$BS157:$BU157) -> 0.38796667 | BK157: =Sheet1!BN157-AVERAGE(Sheet1!$BS157:$BU157) -> 0.10966667 | BL157: =Sheet1!BO157-AVERAGE(Sheet1!$BS157:$BU157) -> 0.11316667 | BM157: =Sheet1!BP157-AVERAGE(Sheet1!$BS157:$BU157) -> 0.55706667 | BN157: =Sheet1!BQ157-AVERAGE(Sheet1!$BS157:$BU157) -> 0.50966667 | BO157: =Sheet1!BR157-AVERAGE(Sheet1!$BS157:$BU157) -> 0.43236667 | BP157: =Sheet1!BV157-AVERAGE(Sheet1!$CE157:$CG157) -> 0.4933 | BQ157: =Sheet1!BW157-AVERAGE(Sheet1!$CE157:$CG157) -> 0.3885 | BR157: =Sheet1!BX157-AVERAGE(Sheet1!$CE157:$CG157) -> 0.6149 | BS157: =Sheet1!BY157-AVERAGE(Sheet1!$CE157:$CG157) -> 0.441 | BT157: =Sheet1!BZ157-AVERAGE(Sheet1!$CE157:$CG157) -> 0.1408 | BU157: =Sheet1!CA157-AVERAGE(Sheet1!$CE157:$CG157) -> 0.0952 | BV157: =Sheet1!CB157-AVERAGE(Sheet1!$CE157:$CG157) -> 0.5858 | BW157: =Sheet1!CC157-AVERAGE(Sheet1!$CE157:$CG157) -> 0.5125 | BX157: =Sheet1!CD157-AVERAGE(Sheet1!$CE157:$CG157) -> 0.4446 | BY157: =Sheet1!CH157-AVERAGE(Sheet1!$CQ157:$CS157) -> 0.4974 | BZ157: =Sheet1!CI157-AVERAGE(Sheet1!$CQ157:$CS157) -> 0.0427 | CA157: =Sheet1!CJ157-AVERAGE(Sheet1!$CQ157:$CS157) -> 0.8469 | CB157: =Sheet1!CK157-AVERAGE(Sheet1!$CQ157:$CS157) -> 0.407 | CC157: =Sheet1!CL157-AVERAGE(Sheet1!$CQ157:$CS157) -> 0.1863 | CD157: =Sheet1!CM157-AVERAGE(Sheet1!$CQ157:$CS157) -> 0.0738 | CE157: =Sheet1!CN157-AVERAGE(Sheet1!$CQ157:$CS157) -> 0.7201 | CF157: =Sheet1!CO157-AVERAGE(Sheet1!$CQ157:$CS157) -> 0.5508 | CG157: =Sheet1!CP157-AVERAGE(Sheet1!$CQ157:$CS157) -> 0.468
... A193: =HOUR(Sheet1!A193) + MINUTE(Sheet1!A193)/60 + SECOND(Sheet1!A193)/3600 + 3*24 -> 95.997222 | B193: =Sheet1!B193-AVERAGE(Sheet1!$BG193:$BI193) -> 0.062833333 | C193: =Sheet1!C193-AVERAGE(Sheet1!$BG193:$BI193) -> 0.10303333 | D193: =Sheet1!D193-AVERAGE(Sheet1!$BG193:$BI193) -> 0.0017333333 | E193: =Sheet1!E193-AVERAGE(Sheet1!$BG193:$BI193) -> 0.66333333 | F193: =Sheet1!F193-AVERAGE(Sheet1!$BG193:$BI193) -> 0.75283333 | G193: =Sheet1!G193-AVERAGE(Sheet1!$BG193:$BI193) -> 1.1396333 | H193: =Sheet1!H193-AVERAGE(Sheet1!$BG193:$BI193) -> 1.1104333 | I193: =Sheet1!I193-AVERAGE(Sheet1!$BG193:$BI193) -> 0.66373333 | ... BF193: =Sheet1!BF193-AVERAGE(Sheet1!$BG193:$BI193) -> 0.41893333 | BG193: =Sheet1!BJ193-AVERAGE(Sheet1!$BS193:$BU193) -> 0.43686667 | BH193: =Sheet1!BK193-AVERAGE(Sheet1!$BS193:$BU193) -> 0.059566667 | BI193: =Sheet1!BL193-AVERAGE(Sheet1!$BS193:$BU193) -> 0.48696667 | BJ193: =Sheet1!BM193-AVERAGE(Sheet1!$BS193:$BU193) -> 0.33256667 | BK193: =Sheet1!BN193-AVERAGE(Sheet1!$BS193:$BU193) -> 0.11996667 | BL193: =Sheet1!BO193-AVERAGE(Sheet1!$BS193:$BU193) -> 0.10786667 | BM193: =Sheet1!BP193-AVERAGE(Sheet1!$BS193:$BU193) -> 0.51586667 | BN193: =Sheet1!BQ193-AVERAGE(Sheet1!$BS193:$BU193) -> 0.49536667 | BO193: =Sheet1!BR193-AVERAGE(Sheet1!$BS193:$BU193) -> 0.44906667 | BP193: =Sheet1!BV193-AVERAGE(Sheet1!$CE193:$CG193) -> 0.53896667 | BQ193: =Sheet1!BW193-AVERAGE(Sheet1!$CE193:$CG193) -> 0.35236667 | BR193: =Sheet1!BX193-AVERAGE(Sheet1!$CE193:$CG193) -> 0.52946667 | BS193: =Sheet1!BY193-AVERAGE(Sheet1!$CE193:$CG193) -> 0.40356667 | BT193: =Sheet1!BZ193-AVERAGE(Sheet1!$CE193:$CG193) -> 0.15746667 | BU193: =Sheet1!CA193-AVERAGE(Sheet1!$CE193:$CG193) -> 0.093266667 | BV193: =Sheet1!CB193-AVERAGE(Sheet1!$CE193:$CG193) -> 0.54416667 | BW193: =Sheet1!CC193-AVERAGE(Sheet1!$CE193:$CG193) -> 0.47776667 | BX193: =Sheet1!CD193-AVERAGE(Sheet1!$CE193:$CG193) -> 0.45976667 | BY193: =Sheet1!CH193-AVERAGE(Sheet1!$CQ193:$CS193) -> 0.099266667 | BZ193: =Sheet1!CI193-AVERAGE(Sheet1!$CQ193:$CS193) -> 0.028766667 | CA193: =Sheet1!CJ193-AVERAGE(Sheet1!$CQ193:$CS193) -> 0.85826667 | CB193: =Sheet1!CK193-AVERAGE(Sheet1!$CQ193:$CS193) -> 0.25536667 | CC193: =Sheet1!CL193-AVERAGE(Sheet1!$CQ193:$CS193) -> 0.15806667 | CD193: =Sheet1!CM193-AVERAGE(Sheet1!$CQ193:$CS193) -> 0.069366667 | CE193: =Sheet1!CN193-AVERAGE(Sheet1!$CQ193:$CS193) -> 0.74266667 | CF193: =Sheet1!CO193-AVERAGE(Sheet1!$CQ193:$CS193) -> 0.56706667 | CG193: =Sheet1!CP193-AVERAGE(Sheet1!$CQ193:$CS193) -> 0.61296667
A194: =HOUR(Sheet1!A194) + MINUTE(Sheet1!A194)/60 + SECOND(Sheet1!A194)/3600 + 4*24 -> 96.497222 | B194: =Sheet1!B194-AVERAGE(Sheet1!$BG194:$BI194) -> 0.047366667 | C194: =Sheet1!C194-AVERAGE(Sheet1!$BG194:$BI194) -> 0.10716667 | D194: =Sheet1!D194-AVERAGE(Sheet1!$BG194:$BI194) -> 0.0016666667 | E194: =Sheet1!E194-AVERAGE(Sheet1!$BG194:$BI194) -> 0.65466667 | F194: =Sheet1!F194-AVERAGE(Sheet1!$BG194:$BI194) -> 0.73846667 | G194: =Sheet1!G194-AVERAGE(Sheet1!$BG194:$BI194) -> 1.1362667 | H194: =Sheet1!H194-AVERAGE(Sheet1!$BG194:$BI194) -> 1.1050667 | I194: =Sheet1!I194-AVERAGE(Sheet1!$BG194:$BI194) -> 0.66536667 | ... BF194: =Sheet1!BF194-AVERAGE(Sheet1!$BG194:$BI194) -> 0.41946667 | BG194: =Sheet1!BJ194-AVERAGE(Sheet1!$BS194:$BU194) -> 0.434 | BH194: =Sheet1!BK194-AVERAGE(Sheet1!$BS194:$BU194) -> 0.0555 | BI194: =Sheet1!BL194-AVERAGE(Sheet1!$BS194:$BU194) -> 0.4866 | BJ194: =Sheet1!BM194-AVERAGE(Sheet1!$BS194:$BU194) -> 0.3317 | BK194: =Sheet1!BN194-AVERAGE(Sheet1!$BS194:$BU194) -> 0.121 | BL194: =Sheet1!BO194-AVERAGE(Sheet1!$BS194:$BU194) -> 0.1064 | BM194: =Sheet1!BP194-AVERAGE(Sheet1!$BS194:$BU194) -> 0.5139 | BN194: =Sheet1!BQ194-AVERAGE(Sheet1!$BS194:$BU194) -> 0.4929 | BO194: =Sheet1!BR194-AVERAGE(Sheet1!$BS194:$BU194) -> 0.4475 | BP194: =Sheet1!BV194-AVERAGE(Sheet1!$CE194:$CG194) -> 0.53503333 | BQ194: =Sheet1!BW194-AVERAGE(Sheet1!$CE194:$CG194) -> 0.35243333 | BR194: =Sheet1!BX194-AVERAGE(Sheet1!$CE194:$CG194) -> 0.52693333 | BS194: =Sheet1!BY194-AVERAGE(Sheet1!$CE194:$CG194) -> 0.40453333 | BT194: =Sheet1!BZ194-AVERAGE(Sheet1!$CE194:$CG194) -> 0.15693333 | BU194: =Sheet1!CA194-AVERAGE(Sheet1!$CE194:$CG194) -> 0.093033333 | BV194: =Sheet1!CB194-AVERAGE(Sheet1!$CE194:$CG194) -> 0.54453333 | BW194: =Sheet1!CC194-AVERAGE(Sheet1!$CE194:$CG194) -> 0.47883333 | BX194: =Sheet1!CD194-AVERAGE(Sheet1!$CE194:$CG194) -> 0.46053333 | BY194: =Sheet1!CH194-AVERAGE(Sheet1!$CQ194:$CS194) -> 0.098166667 | BZ194: =Sheet1!CI194-AVERAGE(Sheet1!$CQ194:$CS194) -> 0.028566667 | CA194: =Sheet1!CJ194-AVERAGE(Sheet1!$CQ194:$CS194) -> 0.85266667 | CB194: =Sheet1!CK194-AVERAGE(Sheet1!$CQ194:$CS194) -> 0.25516667 | CC194: =Sheet1!CL194-AVERAGE(Sheet1!$CQ194:$CS194) -> 0.17676667 | CD194: =Sheet1!CM194-AVERAGE(Sheet1!$CQ194:$CS194) -> 0.069266667 | CE194: =Sheet1!CN194-AVERAGE(Sheet1!$CQ194:$CS194) -> 0.72716667 | CF194: =Sheet1!CO194-AVERAGE(Sheet1!$CQ194:$CS194) -> 0.56306667 | CG194: =Sheet1!CP194-AVERAGE(Sheet1!$CQ194:$CS194) -> 0.61936667
A195: =HOUR(Sheet1!A195) + MINUTE(Sheet1!A195)/60 + SECOND(Sheet1!A195)/3600 + 4*24 -> 96.997222 | B195: =Sheet1!B195-AVERAGE(Sheet1!$BG195:$BI195) -> 0.0354 | C195: =Sheet1!C195-AVERAGE(Sheet1!$BG195:$BI195) -> 0.1109 | D195: =Sheet1!D195-AVERAGE(Sheet1!$BG195:$BI195) -> 0.0016 | E195: =Sheet1!E195-AVERAGE(Sheet1!$BG195:$BI195) -> 0.6546 | F195: =Sheet1!F195-AVERAGE(Sheet1!$BG195:$BI195) -> 0.6999 | G195: =Sheet1!G195-AVERAGE(Sheet1!$BG195:$BI195) -> 1.1343 | H195: =Sheet1!H195-AVERAGE(Sheet1!$BG195:$BI195) -> 1.0921 | I195: =Sheet1!I195-AVERAGE(Sheet1!$BG195:$BI195) -> 0.668 | ... BF195: =Sheet1!BF195-AVERAGE(Sheet1!$BG195:$BI195) -> 0.4192 | BG195: =Sheet1!BJ195-AVERAGE(Sheet1!$BS195:$BU195) -> 0.42996667 | BH195: =Sheet1!BK195-AVERAGE(Sheet1!$BS195:$BU195) -> 0.053066667 | BI195: =Sheet1!BL195-AVERAGE(Sheet1!$BS195:$BU195) -> 0.48226667 | BJ195: =Sheet1!BM195-AVERAGE(Sheet1!$BS195:$BU195) -> 0.32936667 | BK195: =Sheet1!BN195-AVERAGE(Sheet1!$BS195:$BU195) -> 0.12116667 | BL195: =Sheet1!BO195-AVERAGE(Sheet1!$BS195:$BU195) -> 0.10636667 | BM195: =Sheet1!BP195-AVERAGE(Sheet1!$BS195:$BU195) -> 0.51156667 | BN195: =Sheet1!BQ195-AVERAGE(Sheet1!$BS195:$BU195) -> 0.48826667 | BO195: =Sheet1!BR195-AVERAGE(Sheet1!$BS195:$BU195) -> 0.44676667 | BP195: =Sheet1!BV195-AVERAGE(Sheet1!$CE195:$CG195) -> 0.53026667 | BQ195: =Sheet1!BW195-AVERAGE(Sheet1!$CE195:$CG195) -> 0.34996667 | BR195: =Sheet1!BX195-AVERAGE(Sheet1!$CE195:$CG195) -> 0.51996667 | BS195: =Sheet1!BY195-AVERAGE(Sheet1!$CE195:$CG195) -> 0.40266667 | BT195: =Sheet1!BZ195-AVERAGE(Sheet1!$CE195:$CG195) -> 0.15716667 | BU195: =Sheet1!CA195-AVERAGE(Sheet1!$CE195:$CG195) -> 0.092966667 | BV195: =Sheet1!CB195-AVERAGE(Sheet1!$CE195:$CG195) -> 0.54296667 | BW195: =Sheet1!CC195-AVERAGE(Sheet1!$CE195:$CG195) -> 0.47226667 | BX195: =Sheet1!CD195-AVERAGE(Sheet1!$CE195:$CG195) -> 0.45906667 | BY195: =Sheet1!CH195-AVERAGE(Sheet1!$CQ195:$CS195) -> 0.0969 | BZ195: =Sheet1!CI195-AVERAGE(Sheet1!$CQ195:$CS195) -> 0.0286 | CA195: =Sheet1!CJ195-AVERAGE(Sheet1!$CQ195:$CS195) -> 0.8586 | CB195: =Sheet1!CK195-AVERAGE(Sheet1!$CQ195:$CS195) -> 0.2542 | CC195: =Sheet1!CL195-AVERAGE(Sheet1!$CQ195:$CS195) -> 0.1735 | CD195: =Sheet1!CM195-AVERAGE(Sheet1!$CQ195:$CS195) -> 0.0691 | CE195: =Sheet1!CN195-AVERAGE(Sheet1!$CQ195:$CS195) -> 0.7224 | CF195: =Sheet1!CO195-AVERAGE(Sheet1!$CQ195:$CS195) -> 0.5554 | CG195: =Sheet1!CP195-AVERAGE(Sheet1!$CQ195:$CS195) -> 0.6195
A196: =HOUR(Sheet1!A196) + MINUTE(Sheet1!A196)/60 + SECOND(Sheet1!A196)/3600 + 4*24 -> 97.497222 | B196: =Sheet1!B196-AVERAGE(Sheet1!$BG196:$BI196) -> 0.0646 | C196: =Sheet1!C196-AVERAGE(Sheet1!$BG196:$BI196) -> 0.1045 | D196: =Sheet1!D196-AVERAGE(Sheet1!$BG196:$BI196) -> 0.0015 | E196: =Sheet1!E196-AVERAGE(Sheet1!$BG196:$BI196) -> 0.6653 | F196: =Sheet1!F196-AVERAGE(Sheet1!$BG196:$BI196) -> 0.7147 | G196: =Sheet1!G196-AVERAGE(Sheet1!$BG196:$BI196) -> 1.1486 | H196: =Sheet1!H196-AVERAGE(Sheet1!$BG196:$BI196) -> 1.1112 | I196: =Sheet1!I196-AVERAGE(Sheet1!$BG196:$BI196) -> 0.6713 | ... BF196: =Sheet1!BF196-AVERAGE(Sheet1!$BG196:$BI196) -> 0.4199 | BG196: =Sheet1!BJ196-AVERAGE(Sheet1!$BS196:$BU196) -> 0.43573333 | BH196: =Sheet1!BK196-AVERAGE(Sheet1!$BS196:$BU196) -> 0.051433333 | BI196: =Sheet1!BL196-AVERAGE(Sheet1!$BS196:$BU196) -> 0.48413333 | BJ196: =Sheet1!BM196-AVERAGE(Sheet1!$BS196:$BU196) -> 0.33033333 | BK196: =Sheet1!BN196-AVERAGE(Sheet1!$BS196:$BU196) -> 0.12133333 | BL196: =Sheet1!BO196-AVERAGE(Sheet1!$BS196:$BU196) -> 0.10593333 | BM196: =Sheet1!BP196-AVERAGE(Sheet1!$BS196:$BU196) -> 0.51243333 | BN196: =Sheet1!BQ196-AVERAGE(Sheet1!$BS196:$BU196) -> 0.49313333 | BO196: =Sheet1!BR196-AVERAGE(Sheet1!$BS196:$BU196) -> 0.44833333 | BP196: =Sheet1!BV196-AVERAGE(Sheet1!$CE196:$CG196) -> 0.5386 | BQ196: =Sheet1!BW196-AVERAGE(Sheet1!$CE196:$CG196) -> 0.3522 | BR196: =Sheet1!BX196-AVERAGE(Sheet1!$CE196:$CG196) -> 0.5175 | BS196: =Sheet1!BY196-AVERAGE(Sheet1!$CE196:$CG196) -> 0.4031 | BT196: =Sheet1!BZ196-AVERAGE(Sheet1!$CE196:$CG196) -> 0.1567 | BU196: =Sheet1!CA196-AVERAGE(Sheet1!$CE196:$CG196) -> 0.0924 | BV196: =Sheet1!CB196-AVERAGE(Sheet1!$CE196:$CG196) -> 0.544 | BW196: =Sheet1!CC196-AVERAGE(Sheet1!$CE196:$CG196) -> 0.4788 | BX196: =Sheet1!CD196-AVERAGE(Sheet1!$CE196:$CG196) -> 0.4611 | BY196: =Sheet1!CH196-AVERAGE(Sheet1!$CQ196:$CS196) -> 0.092633333 | BZ196: =Sheet1!CI196-AVERAGE(Sheet1!$CQ196:$CS196) -> 0.028133333 | CA196: =Sheet1!CJ196-AVERAGE(Sheet1!$CQ196:$CS196) -> 0.86353333 | CB196: =Sheet1!CK196-AVERAGE(Sheet1!$CQ196:$CS196) -> 0.25043333 | CC196: =Sheet1!CL196-AVERAGE(Sheet1!$CQ196:$CS196) -> 0.17443333 | CD196: =Sheet1!CM196-AVERAGE(Sheet1!$CQ196:$CS196) -> 0.068433333 | CE196: =Sheet1!CN196-AVERAGE(Sheet1!$CQ196:$CS196) -> 0.72793333 | CF196: =Sheet1!CO196-AVERAGE(Sheet1!$CQ196:$CS196) -> 0.56623333 | CG196: =Sheet1!CP196-AVERAGE(Sheet1!$CQ196:$CS196) -> 0.75953333
A197: =HOUR(Sheet1!A197) + MINUTE(Sheet1!A197)/60 + SECOND(Sheet1!A197)/3600 + 4*24 -> 97.997222 | B197: =Sheet1!B197-AVERAGE(Sheet1!$BG197:$BI197) -> 0.0689 | C197: =Sheet1!C197-AVERAGE(Sheet1!$BG197:$BI197) -> 0.0972 | D197: =Sheet1!D197-AVERAGE(Sheet1!$BG197:$BI197) -> 0.002 | E197: =Sheet1!E197-AVERAGE(Sheet1!$BG197:$BI197) -> 0.6691 | F197: =Sheet1!F197-AVERAGE(Sheet1!$BG197:$BI197) -> 0.6893 | G197: =Sheet1!G197-AVERAGE(Sheet1!$BG197:$BI197) -> 1.144 | H197: =Sheet1!H197-AVERAGE(Sheet1!$BG197:$BI197) -> 1.0985 | I197: =Sheet1!I197-AVERAGE(Sheet1!$BG197:$BI197) -> 0.6761 | ... BF197: =Sheet1!BF197-AVERAGE(Sheet1!$BG197:$BI197) -> 0.4191 | BG197: =Sheet1!BJ197-AVERAGE(Sheet1!$BS197:$BU197) -> 0.4296 | BH197: =Sheet1!BK197-AVERAGE(Sheet1!$BS197:$BU197) -> 0.0499 | BI197: =Sheet1!BL197-AVERAGE(Sheet1!$BS197:$BU197) -> 0.4826 | BJ197: =Sheet1!BM197-AVERAGE(Sheet1!$BS197:$BU197) -> 0.3299 | BK197: =Sheet1!BN197-AVERAGE(Sheet1!$BS197:$BU197) -> 0.1217 | BL197: =Sheet1!BO197-AVERAGE(Sheet1!$BS197:$BU197) -> 0.1064 | BM197: =Sheet1!BP197-AVERAGE(Sheet1!$BS197:$BU197) -> 0.5085 | BN197: =Sheet1!BQ197-AVERAGE(Sheet1!$BS197:$BU197) -> 0.4827 | BO197: =Sheet1!BR197-AVERAGE(Sheet1!$BS197:$BU197) -> 0.4468 | BP197: =Sheet1!BV197-AVERAGE(Sheet1!$CE197:$CG197) -> 0.53096667 | BQ197: =Sheet1!BW197-AVERAGE(Sheet1!$CE197:$CG197) -> 0.35026667 | BR197: =Sheet1!BX197-AVERAGE(Sheet1!$CE197:$CG197) -> 0.51046667 | BS197: =Sheet1!BY197-AVERAGE(Sheet1!$CE197:$CG197) -> 0.40126667 | BT197: =Sheet1!BZ197-AVERAGE(Sheet1!$CE197:$CG197) -> 0.15736667 | BU197: =Sheet1!CA197-AVERAGE(Sheet1!$CE197:$CG197) -> 0.093166667 | BV197: =Sheet1!CB197-AVERAGE(Sheet1!$CE197:$CG197) -> 0.54036667 | BW197: =Sheet1!CC197-AVERAGE(Sheet1!$CE197:$CG197) -> 0.46666667 | BX197: =Sheet1!CD197-AVERAGE(Sheet1!$CE197:$CG197) -> 0.46056667 | BY197: =Sheet1!CH197-AVERAGE(Sheet1!$CQ197:$CS197) -> 0.0929 | BZ197: =Sheet1!CI197-AVERAGE(Sheet1!$CQ197:$CS197) -> 0.0285 | CA197: =Sheet1!CJ197-AVERAGE(Sheet1!$CQ197:$CS197) -> 0.8708 | CB197: =Sheet1!CK197-AVERAGE(Sheet1!$CQ197:$CS197) -> 0.2504 | CC197: =Sheet1!CL197-AVERAGE(Sheet1!$CQ197:$CS197) -> 0.1557 | CD197: =Sheet1!CM197-AVERAGE(Sheet1!$CQ197:$CS197) -> 0.069 | CE197: =Sheet1!CN197-AVERAGE(Sheet1!$CQ197:$CS197) -> 0.7205 | CF197: =Sheet1!CO197-AVERAGE(Sheet1!$CQ197:$CS197) -> 0.5579 | CG197: =Sheet1!CP197-AVERAGE(Sheet1!$CQ197:$CS197) -> 0.7112
A198: =HOUR(Sheet1!A198) + MINUTE(Sheet1!A198)/60 + SECOND(Sheet1!A198)/3600 + 4*24 -> 98.497222 | B198: =Sheet1!B198-AVERAGE(Sheet1!$BG198:$BI198) -> 0.0292 | C198: =Sheet1!C198-AVERAGE(Sheet1!$BG198:$BI198) -> 0.1052 | D198: =Sheet1!D198-AVERAGE(Sheet1!$BG198:$BI198) -> 0.0015 | E198: =Sheet1!E198-AVERAGE(Sheet1!$BG198:$BI198) -> 0.6613 | F198: =Sheet1!F198-AVERAGE(Sheet1!$BG198:$BI198) -> 0.6542 | G198: =Sheet1!G198-AVERAGE(Sheet1!$BG198:$BI198) -> 1.1468 | H198: =Sheet1!H198-AVERAGE(Sheet1!$BG198:$BI198) -> 1.1036 | I198: =Sheet1!I198-AVERAGE(Sheet1!$BG198:$BI198) -> 0.6772 | ... BF198: =Sheet1!BF198-AVERAGE(Sheet1!$BG198:$BI198) -> 0.4194 | BG198: =Sheet1!BJ198-AVERAGE(Sheet1!$BS198:$BU198) -> 0.4308 | BH198: =Sheet1!BK198-AVERAGE(Sheet1!$BS198:$BU198) -> 0.0502 | BI198: =Sheet1!BL198-AVERAGE(Sheet1!$BS198:$BU198) -> 0.481 | BJ198: =Sheet1!BM198-AVERAGE(Sheet1!$BS198:$BU198) -> 0.3274 | BK198: =Sheet1!BN198-AVERAGE(Sheet1!$BS198:$BU198) -> 0.1219 | BL198: =Sheet1!BO198-AVERAGE(Sheet1!$BS198:$BU198) -> 0.1062 | BM198: =Sheet1!BP198-AVERAGE(Sheet1!$BS198:$BU198) -> 0.5072 | BN198: =Sheet1!BQ198-AVERAGE(Sheet1!$BS198:$BU198) -> 0.4838 | BO198: =Sheet1!BR198-AVERAGE(Sheet1!$BS198:$BU198) -> 0.4475 | BP198: =Sheet1!BV198-AVERAGE(Sheet1!$CE198:$CG198) -> 0.53103333 | BQ198: =Sheet1!BW198-AVERAGE(Sheet1!$CE198:$CG198) -> 0.34883333 | BR198: =Sheet1!BX198-AVERAGE(Sheet1!$CE198:$CG198) -> 0.51083333 | BS198: =Sheet1!BY198-AVERAGE(Sheet1!$CE198:$CG198) -> 0.40053333 | BT198: =Sheet1!BZ198-AVERAGE(Sheet1!$CE198:$CG198) -> 0.15783333 | BU198: =Sheet1!CA198-AVERAGE(Sheet1!$CE198:$CG198) -> 0.092733333 | BV198: =Sheet1!CB198-AVERAGE(Sheet1!$CE198:$CG198) -> 0.54053333 | BW198: =Sheet1!CC198-AVERAGE(Sheet1!$CE198:$CG198) -> 0.46903333 | BX198: =Sheet1!CD198-AVERAGE(Sheet1!$CE198:$CG198) -> 0.46183333 | BY198: =Sheet1!CH198-AVERAGE(Sheet1!$CQ198:$CS198) -> 0.089733333 | BZ198: =Sheet1!CI198-AVERAGE(Sheet1!$CQ198:$CS198) -> 0.028533333 | CA198: =Sheet1!CJ198-AVERAGE(Sheet1!$CQ198:$CS198) -> 0.86283333 | CB198: =Sheet1!CK198-AVERAGE(Sheet1!$CQ198:$CS198) -> 0.24893333 | CC198: =Sheet1!CL198-AVERAGE(Sheet1!$CQ198:$CS198) -> 0.14793333 | CD198: =Sheet1!CM198-AVERAGE(Sheet1!$CQ198:$CS198) -> 0.068933333 | CE198: =Sheet1!CN198-AVERAGE(Sheet1!$CQ198:$CS198) -> 0.72193333 | CF198: =Sheet1!CO198-AVERAGE(Sheet1!$CQ198:$CS198) -> 0.55933333 | CG198: =Sheet1!CP198-AVERAGE(Sheet1!$CQ198:$CS198) -> 0.71123333
A199: =HOUR(Sheet1!A199) + MINUTE(Sheet1!A199)/60 + SECOND(Sheet1!A199)/3600 + 4*24 -> 98.997222 | B199: =Sheet1!B199-AVERAGE(Sheet1!$BG199:$BI199) -> 0.031433333 | C199: =Sheet1!C199-AVERAGE(Sheet1!$BG199:$BI199) -> 0.11183333 | D199: =Sheet1!D199-AVERAGE(Sheet1!$BG199:$BI199) -> 0.0015333333 | E199: =Sheet1!E199-AVERAGE(Sheet1!$BG199:$BI199) -> 0.66863333 | F199: =Sheet1!F199-AVERAGE(Sheet1!$BG199:$BI199) -> 0.67583333 | G199: =Sheet1!G199-AVERAGE(Sheet1!$BG199:$BI199) -> 1.1557333 | H199: =Sheet1!H199-AVERAGE(Sheet1!$BG199:$BI199) -> 1.1001333 | I199: =Sheet1!I199-AVERAGE(Sheet1!$BG199:$BI199) -> 0.67723333 | ... BF199: =Sheet1!BF199-AVERAGE(Sheet1!$BG199:$BI199) -> 0.41973333 | BG199: =Sheet1!BJ199-AVERAGE(Sheet1!$BS199:$BU199) -> 0.43246667 | BH199: =Sheet1!BK199-AVERAGE(Sheet1!$BS199:$BU199) -> 0.048966667 | BI199: =Sheet1!BL199-AVERAGE(Sheet1!$BS199:$BU199) -> 0.48176667 | BJ199: =Sheet1!BM199-AVERAGE(Sheet1!$BS199:$BU199) -> 0.32666667 | BK199: =Sheet1!BN199-AVERAGE(Sheet1!$BS199:$BU199) -> 0.12256667 | BL199: =Sheet1!BO199-AVERAGE(Sheet1!$BS199:$BU199) -> 0.10576667 | BM199: =Sheet1!BP199-AVERAGE(Sheet1!$BS199:$BU199) -> 0.50616667 | BN199: =Sheet1!BQ199-AVERAGE(Sheet1!$BS199:$BU199) -> 0.48536667 | BO199: =Sheet1!BR199-AVERAGE(Sheet1!$BS199:$BU199) -> 0.44706667 | BP199: =Sheet1!BV199-AVERAGE(Sheet1!$CE199:$CG199) -> 0.5355 | BQ199: =Sheet1!BW199-AVERAGE(Sheet1!$CE199:$CG199) -> 0.3476 | BR199: =Sheet1!BX199-AVERAGE(Sheet1!$CE199:$CG199) -> 0.5076 | BS199: =Sheet1!BY199-AVERAGE(Sheet1!$CE199:$CG199) -> 0.3993 | BT199: =Sheet1!BZ199-AVERAGE(Sheet1!$CE199:$CG199) -> 0.1579 | BU199: =Sheet1!CA199-AVERAGE(Sheet1!$CE199:$CG199) -> 0.0935 | BV199: =Sheet1!CB199-AVERAGE(Sheet1!$CE199:$CG199) -> 0.5393 | BW199: =Sheet1!CC199-AVERAGE(Sheet1!$CE199:$CG199) -> 0.469 | BX199: =Sheet1!CD199-AVERAGE(Sheet1!$CE199:$CG199) -> 0.4608 | BY199: =Sheet1!CH199-AVERAGE(Sheet1!$CQ199:$CS199) -> 0.088 | BZ199: =Sheet1!CI199-AVERAGE(Sheet1!$CQ199:$CS199) -> 0.0284 | CA199: =Sheet1!CJ199-AVERAGE(Sheet1!$CQ199:$CS199) -> 0.8624 | CB199: =Sheet1!CK199-AVERAGE(Sheet1!$CQ199:$CS199) -> 0.2467 | CC199: =Sheet1!CL199-AVERAGE(Sheet1!$CQ199:$CS199) -> 0.138 | CD199: =Sheet1!CM199-AVERAGE(Sheet1!$CQ199:$CS199) -> 0.0687 | CE199: =Sheet1!CN199-AVERAGE(Sheet1!$CQ199:$CS199) -> 0.7236 | CF199: =Sheet1!CO199-AVERAGE(Sheet1!$CQ199:$CS199) -> 0.5616 | CG199: =Sheet1!CP199-AVERAGE(Sheet1!$CQ199:$CS199) -> 0.6557
A200: =HOUR(Sheet1!A200) + MINUTE(Sheet1!A200)/60 + SECOND(Sheet1!A200)/3600 + 4*24 -> 99.497222 | B200: =Sheet1!B200-AVERAGE(Sheet1!$BG200:$BI200) -> 0.019666667 | C200: =Sheet1!C200-AVERAGE(Sheet1!$BG200:$BI200) -> 0.10736667 | D200: =Sheet1!D200-AVERAGE(Sheet1!$BG200:$BI200) -> 0.0019666667 | E200: =Sheet1!E200-AVERAGE(Sheet1!$BG200:$BI200) -> 0.66676667 | F200: =Sheet1!F200-AVERAGE(Sheet1!$BG200:$BI200) -> 0.61676667 | G200: =Sheet1!G200-AVERAGE(Sheet1!$BG200:$BI200) -> 1.1707667 | H200: =Sheet1!H200-AVERAGE(Sheet1!$BG200:$BI200) -> 1.1101667 | I200: =Sheet1!I200-AVERAGE(Sheet1!$BG200:$BI200) -> 0.67716667 | ... BF200: =Sheet1!BF200-AVERAGE(Sheet1!$BG200:$BI200) -> 0.42076667 | BG200: =Sheet1!BJ200-AVERAGE(Sheet1!$BS200:$BU200) -> 0.43423333 | BH200: =Sheet1!BK200-AVERAGE(Sheet1!$BS200:$BU200) -> 0.049633333 | BI200: =Sheet1!BL200-AVERAGE(Sheet1!$BS200:$BU200) -> 0.48183333 | BJ200: =Sheet1!BM200-AVERAGE(Sheet1!$BS200:$BU200) -> 0.32583333 | BK200: =Sheet1!BN200-AVERAGE(Sheet1!$BS200:$BU200) -> 0.12323333 | BL200: =Sheet1!BO200-AVERAGE(Sheet1!$BS200:$BU200) -> 0.10643333 | BM200: =Sheet1!BP200-AVERAGE(Sheet1!$BS200:$BU200) -> 0.50453333 | BN200: =Sheet1!BQ200-AVERAGE(Sheet1!$BS200:$BU200) -> 0.48823333 | BO200: =Sheet1!BR200-AVERAGE(Sheet1!$BS200:$BU200) -> 0.44703333 | BP200: =Sheet1!BV200-AVERAGE(Sheet1!$CE200:$CG200) -> 0.53966667 | BQ200: =Sheet1!BW200-AVERAGE(Sheet1!$CE200:$CG200) -> 0.34936667 | BR200: =Sheet1!BX200-AVERAGE(Sheet1!$CE200:$CG200) -> 0.50396667 | BS200: =Sheet1!BY200-AVERAGE(Sheet1!$CE200:$CG200) -> 0.39796667 | BT200: =Sheet1!BZ200-AVERAGE(Sheet1!$CE200:$CG200) -> 0.15896667 | BU200: =Sheet1!CA200-AVERAGE(Sheet1!$CE200:$CG200) -> 0.092766667 | BV200: =Sheet1!CB200-AVERAGE(Sheet1!$CE200:$CG200) -> 0.53906667 | BW200: =Sheet1!CC200-AVERAGE(Sheet1!$CE200:$CG200) -> 0.47006667 | BX200: =Sheet1!CD200-AVERAGE(Sheet1!$CE200:$CG200) -> 0.46226667 | BY200: =Sheet1!CH200-AVERAGE(Sheet1!$CQ200:$CS200) -> 0.085733333 | BZ200: =Sheet1!CI200-AVERAGE(Sheet1!$CQ200:$CS200) -> 0.028333333 | CA200: =Sheet1!CJ200-AVERAGE(Sheet1!$CQ200:$CS200) -> 0.85543333 | CB200: =Sheet1!CK200-AVERAGE(Sheet1!$CQ200:$CS200) -> 0.24423333 | CC200: =Sheet1!CL200-AVERAGE(Sheet1!$CQ200:$CS200) -> 0.12693333 | CD200: =Sheet1!CM200-AVERAGE(Sheet1!$CQ200:$CS200) -> 0.068733333 | CE200: =Sheet1!CN200-AVERAGE(Sheet1!$CQ200:$CS200) -> 0.72563333 | CF200: =Sheet1!CO200-AVERAGE(Sheet1!$CQ200:$CS200) -> 0.56683333 | CG200: =Sheet1!CP200-AVERAGE(Sheet1!$CQ200:$CS200) -> 0.64563333
A201: =HOUR(Sheet1!A201) + MINUTE(Sheet1!A201)/60 + SECOND(Sheet1!A201)/3600 + 4*24 -> 99.997222 | B201: =Sheet1!B201-AVERAGE(Sheet1!$BG201:$BI201) -> 0.0282 | C201: =Sheet1!C201-AVERAGE(Sheet1!$BG201:$BI201) -> 0.1073 | D201: =Sheet1!D201-AVERAGE(Sheet1!$BG201:$BI201) -> 0.0017 | E201: =Sheet1!E201-AVERAGE(Sheet1!$BG201:$BI201) -> 0.6659 | F201: =Sheet1!F201-AVERAGE(Sheet1!$BG201:$BI201) -> 0.584 | G201: =Sheet1!G201-AVERAGE(Sheet1!$BG201:$BI201) -> 1.1762 | H201: =Sheet1!H201-AVERAGE(Sheet1!$BG201:$BI201) -> 1.1176 | I201: =Sheet1!I201-AVERAGE(Sheet1!$BG201:$BI201) -> 0.6767 | ... BF201: =Sheet1!BF201-AVERAGE(Sheet1!$BG201:$BI201) -> 0.4212 | BG201: =Sheet1!BJ201-AVERAGE(Sheet1!$BS201:$BU201) -> 0.4338 | BH201: =Sheet1!BK201-AVERAGE(Sheet1!$BS201:$BU201) -> 0.0499 | BI201: =Sheet1!BL201-AVERAGE(Sheet1!$BS201:$BU201) -> 0.4817 | BJ201: =Sheet1!BM201-AVERAGE(Sheet1!$BS201:$BU201) -> 0.3254 | BK201: =Sheet1!BN201-AVERAGE(Sheet1!$BS201:$BU201) -> 0.1254 | BL201: =Sheet1!BO201-AVERAGE(Sheet1!$BS201:$BU201) -> 0.1067 | BM201: =Sheet1!BP201-AVERAGE(Sheet1!$BS201:$BU201) -> 0.5043 | BN201: =Sheet1!BQ201-AVERAGE(Sheet1!$BS201:$BU201) -> 0.4863 | BO201: =Sheet1!BR201-AVERAGE(Sheet1!$BS201:$BU201) -> 0.4473 | BP201: =Sheet1!BV201-AVERAGE(Sheet1!$CE201:$CG201) -> 0.54173333 | BQ201: =Sheet1!BW201-AVERAGE(Sheet1!$CE201:$CG201) -> 0.34943333 | BR201: =Sheet1!BX201-AVERAGE(Sheet1!$CE201:$CG201) -> 0.49993333 | BS201: =Sheet1!BY201-AVERAGE(Sheet1!$CE201:$CG201) -> 0.39703333 | BT201: =Sheet1!BZ201-AVERAGE(Sheet1!$CE201:$CG201) -> 0.15923333 | BU201: =Sheet1!CA201-AVERAGE(Sheet1!$CE201:$CG201) -> 0.092333333 | BV201: =Sheet1!CB201-AVERAGE(Sheet1!$CE201:$CG201) -> 0.53783333 | BW201: =Sheet1!CC201-AVERAGE(Sheet1!$CE201:$CG201) -> 0.46813333 | BX201: =Sheet1!CD201-AVERAGE(Sheet1!$CE201:$CG201) -> 0.46173333 | BY201: =Sheet1!CH201-AVERAGE(Sheet1!$CQ201:$CS201) -> 0.084066667 | BZ201: =Sheet1!CI201-AVERAGE(Sheet1!$CQ201:$CS201) -> 0.028066667 | CA201: =Sheet1!CJ201-AVERAGE(Sheet1!$CQ201:$CS201) -> 0.85416667 | CB201: =Sheet1!CK201-AVERAGE(Sheet1!$CQ201:$CS201) -> 0.24176667 | CC201: =Sheet1!CL201-AVERAGE(Sheet1!$CQ201:$CS201) -> 0.12026667 | CD201: =Sheet1!CM201-AVERAGE(Sheet1!$CQ201:$CS201) -> 0.068366667 | CE201: =Sheet1!CN201-AVERAGE(Sheet1!$CQ201:$CS201) -> 0.72646667 | CF201: =Sheet1!CO201-AVERAGE(Sheet1!$CQ201:$CS201) -> 0.56716667 | CG201: =Sheet1!CP201-AVERAGE(Sheet1!$CQ201:$CS201) -> 0.64666667
A202: =HOUR(Sheet1!A202) + MINUTE(Sheet1!A202)/60 + SECOND(Sheet1!A202)/3600 + 4*24 -> 100.49722 | B202: =Sheet1!B202-AVERAGE(Sheet1!$BG202:$BI202) -> 0.046633333 | C202: =Sheet1!C202-AVERAGE(Sheet1!$BG202:$BI202) -> 0.096133333 | D202: =Sheet1!D202-AVERAGE(Sheet1!$BG202:$BI202) -> 0.0014333333 | E202: =Sheet1!E202-AVERAGE(Sheet1!$BG202:$BI202) -> 0.67863333 | F202: =Sheet1!F202-AVERAGE(Sheet1!$BG202:$BI202) -> 0.59253333 | G202: =Sheet1!G202-AVERAGE(Sheet1!$BG202:$BI202) -> 1.1674333 | H202: =Sheet1!H202-AVERAGE(Sheet1!$BG202:$BI202) -> 1.1150333 | I202: =Sheet1!I202-AVERAGE(Sheet1!$BG202:$BI202) -> 0.67753333 | ... BF202: =Sheet1!BF202-AVERAGE(Sheet1!$BG202:$BI202) -> 0.42023333 | BG202: =Sheet1!BJ202-AVERAGE(Sheet1!$BS202:$BU202) -> 0.43166667 | BH202: =Sheet1!BK202-AVERAGE(Sheet1!$BS202:$BU202) -> 0.050466667 | BI202: =Sheet1!BL202-AVERAGE(Sheet1!$BS202:$BU202) -> 0.47886667 | BJ202: =Sheet1!BM202-AVERAGE(Sheet1!$BS202:$BU202) -> 0.32516667 | BK202: =Sheet1!BN202-AVERAGE(Sheet1!$BS202:$BU202) -> 0.12586667 | BL202: =Sheet1!BO202-AVERAGE(Sheet1!$BS202:$BU202) -> 0.10636667 | BM202: =Sheet1!BP202-AVERAGE(Sheet1!$BS202:$BU202) -> 0.50286667 | BN202: =Sheet1!BQ202-AVERAGE(Sheet1!$BS202:$BU202) -> 0.48006667 | BO202: =Sheet1!BR202-AVERAGE(Sheet1!$BS202:$BU202) -> 0.44506667 | BP202: =Sheet1!BV202-AVERAGE(Sheet1!$CE202:$CG202) -> 0.5369 | BQ202: =Sheet1!BW202-AVERAGE(Sheet1!$CE202:$CG202) -> 0.3474 | BR202: =Sheet1!BX202-AVERAGE(Sheet1!$CE202:$CG202) -> 0.4956 | BS202: =Sheet1!BY202-AVERAGE(Sheet1!$CE202:$CG202) -> 0.3967 | BT202: =Sheet1!BZ202-AVERAGE(Sheet1!$CE202:$CG202) -> 0.1593 | BU202: =Sheet1!CA202-AVERAGE(Sheet1!$CE202:$CG202) -> 0.0925 | BV202: =Sheet1!CB202-AVERAGE(Sheet1!$CE202:$CG202) -> 0.5364 | BW202: =Sheet1!CC202-AVERAGE(Sheet1!$CE202:$CG202) -> 0.4599 | BX202: =Sheet1!CD202-AVERAGE(Sheet1!$CE202:$CG202) -> 0.4612 | BY202: =Sheet1!CH202-AVERAGE(Sheet1!$CQ202:$CS202) -> 0.083333333 | BZ202: =Sheet1!CI202-AVERAGE(Sheet1!$CQ202:$CS202) -> 0.028133333 | CA202: =Sheet1!CJ202-AVERAGE(Sheet1!$CQ202:$CS202) -> 0.85303333 | CB202: =Sheet1!CK202-AVERAGE(Sheet1!$CQ202:$CS202) -> 0.24243333 | CC202: =Sheet1!CL202-AVERAGE(Sheet1!$CQ202:$CS202) -> 0.11863333 | CD202: =Sheet1!CM202-AVERAGE(Sheet1!$CQ202:$CS202) -> 0.068533333 | CE202: =Sheet1!CN202-AVERAGE(Sheet1!$CQ202:$CS202) -> 0.71893333 | CF202: =Sheet1!CO202-AVERAGE(Sheet1!$CQ202:$CS202) -> 0.56223333 | CG202: =Sheet1!CP202-AVERAGE(Sheet1!$CQ202:$CS202) -> 0.63643333
A203: =HOUR(Sheet1!A203) + MINUTE(Sheet1!A203)/60 + SECOND(Sheet1!A203)/3600 + 4*24 -> 100.99722 | B203: =Sheet1!B203-AVERAGE(Sheet1!$BG203:$BI203) -> 0.019 | C203: =Sheet1!C203-AVERAGE(Sheet1!$BG203:$BI203) -> 0.0969 | D203: =Sheet1!D203-AVERAGE(Sheet1!$BG203:$BI203) -> 0.0014 | E203: =Sheet1!E203-AVERAGE(Sheet1!$BG203:$BI203) -> 0.6755 | F203: =Sheet1!F203-AVERAGE(Sheet1!$BG203:$BI203) -> 0.5964 | G203: =Sheet1!G203-AVERAGE(Sheet1!$BG203:$BI203) -> 1.2059 | H203: =Sheet1!H203-AVERAGE(Sheet1!$BG203:$BI203) -> 1.1567 | I203: =Sheet1!I203-AVERAGE(Sheet1!$BG203:$BI203) -> 0.6773 | ... BF203: =Sheet1!BF203-AVERAGE(Sheet1!$BG203:$BI203) -> 0.4214 | BG203: =Sheet1!BJ203-AVERAGE(Sheet1!$BS203:$BU203) -> 0.44246667 | BH203: =Sheet1!BK203-AVERAGE(Sheet1!$BS203:$BU203) -> 0.049166667 | BI203: =Sheet1!BL203-AVERAGE(Sheet1!$BS203:$BU203) -> 0.48486667 | BJ203: =Sheet1!BM203-AVERAGE(Sheet1!$BS203:$BU203) -> 0.32566667 | BK203: =Sheet1!BN203-AVERAGE(Sheet1!$BS203:$BU203) -> 0.12726667 | BL203: =Sheet1!BO203-AVERAGE(Sheet1!$BS203:$BU203) -> 0.10586667 | BM203: =Sheet1!BP203-AVERAGE(Sheet1!$BS203:$BU203) -> 0.50236667 | BN203: =Sheet1!BQ203-AVERAGE(Sheet1!$BS203:$BU203) -> 0.49196667 | BO203: =Sheet1!BR203-AVERAGE(Sheet1!$BS203:$BU203) -> 0.44786667 | BP203: =Sheet1!BV203-AVERAGE(Sheet1!$CE203:$CG203) -> 0.55193333 | BQ203: =Sheet1!BW203-AVERAGE(Sheet1!$CE203:$CG203) -> 0.35223333 | BR203: =Sheet1!BX203-AVERAGE(Sheet1!$CE203:$CG203) -> 0.49573333 | BS203: =Sheet1!BY203-AVERAGE(Sheet1!$CE203:$CG203) -> 0.39643333 | BT203: =Sheet1!BZ203-AVERAGE(Sheet1!$CE203:$CG203) -> 0.16043333 | BU203: =Sheet1!CA203-AVERAGE(Sheet1!$CE203:$CG203) -> 0.093133333 | BV203: =Sheet1!CB203-AVERAGE(Sheet1!$CE203:$CG203) -> 0.53783333 | BW203: =Sheet1!CC203-AVERAGE(Sheet1!$CE203:$CG203) -> 0.47203333 | BX203: =Sheet1!CD203-AVERAGE(Sheet1!$CE203:$CG203) -> 0.46153333 | BY203: =Sheet1!CH203-AVERAGE(Sheet1!$CQ203:$CS203) -> 0.080066667 | BZ203: =Sheet1!CI203-AVERAGE(Sheet1!$CQ203:$CS203) -> 0.028166667 | CA203: =Sheet1!CJ203-AVERAGE(Sheet1!$CQ203:$CS203) -> 0.85136667 | CB203: =Sheet1!CK203-AVERAGE(Sheet1!$CQ203:$CS203) -> 0.24236667 | CC203: =Sheet1!CL203-AVERAGE(Sheet1!$CQ203:$CS203) -> 0.11536667 | CD203: =Sheet1!CM203-AVERAGE(Sheet1!$CQ203:$CS203) -> 0.068866667 | CE203: =Sheet1!CN203-AVERAGE(Sheet1!$CQ203:$CS203) -> 0.72816667 | CF203: =Sheet1!CO203-AVERAGE(Sheet1!$CQ203:$CS203) -> 0.58316667 | CG203: =Sheet1!CP203-AVERAGE(Sheet1!$CQ203:$CS203) -> 0.62636667
A204: =HOUR(Sheet1!A204) + MINUTE(Sheet1!A204)/60 + SECOND(Sheet1!A204)/3600 + 4*24 -> 101.49722 | B204: =Sheet1!B204-AVERAGE(Sheet1!$BG204:$BI204) -> 0.017566667 | C204: =Sheet1!C204-AVERAGE(Sheet1!$BG204:$BI204) -> 0.099166667 | D204: =Sheet1!D204-AVERAGE(Sheet1!$BG204:$BI204) -> 0.0017666667 | E204: =Sheet1!E204-AVERAGE(Sheet1!$BG204:$BI204) -> 0.66966667 | F204: =Sheet1!F204-AVERAGE(Sheet1!$BG204:$BI204) -> 0.58746667 | G204: =Sheet1!G204-AVERAGE(Sheet1!$BG204:$BI204) -> 1.1981667 | H204: =Sheet1!H204-AVERAGE(Sheet1!$BG204:$BI204) -> 1.1442667 | I204: =Sheet1!I204-AVERAGE(Sheet1!$BG204:$BI204) -> 0.67756667 | ... BF204: =Sheet1!BF204-AVERAGE(Sheet1!$BG204:$BI204) -> 0.42176667 | BG204: =Sheet1!BJ204-AVERAGE(Sheet1!$BS204:$BU204) -> 0.4423 | BH204: =Sheet1!BK204-AVERAGE(Sheet1!$BS204:$BU204) -> 0.0528 | BI204: =Sheet1!BL204-AVERAGE(Sheet1!$BS204:$BU204) -> 0.4841 | BJ204: =Sheet1!BM204-AVERAGE(Sheet1!$BS204:$BU204) -> 0.325 | BK204: =Sheet1!BN204-AVERAGE(Sheet1!$BS204:$BU204) -> 0.1279 | BL204: =Sheet1!BO204-AVERAGE(Sheet1!$BS204:$BU204) -> 0.1059 | BM204: =Sheet1!BP204-AVERAGE(Sheet1!$BS204:$BU204) -> 0.5042 | BN204: =Sheet1!BQ204-AVERAGE(Sheet1!$BS204:$BU204) -> 0.4888 | BO204: =Sheet1!BR204-AVERAGE(Sheet1!$BS204:$BU204) -> 0.4486 | BP204: =Sheet1!BV204-AVERAGE(Sheet1!$CE204:$CG204) -> 0.54743333 | BQ204: =Sheet1!BW204-AVERAGE(Sheet1!$CE204:$CG204) -> 0.35103333 | BR204: =Sheet1!BX204-AVERAGE(Sheet1!$CE204:$CG204) -> 0.49423333 | BS204: =Sheet1!BY204-AVERAGE(Sheet1!$CE204:$CG204) -> 0.39743333 | BT204: =Sheet1!BZ204-AVERAGE(Sheet1!$CE204:$CG204) -> 0.16013333 | BU204: =Sheet1!CA204-AVERAGE(Sheet1!$CE204:$CG204) -> 0.093033333 | BV204: =Sheet1!CB204-AVERAGE(Sheet1!$CE204:$CG204) -> 0.53713333 | BW204: =Sheet1!CC204-AVERAGE(Sheet1!$CE204:$CG204) -> 0.47053333 | BX204: =Sheet1!CD204-AVERAGE(Sheet1!$CE204:$CG204) -> 0.46293333 | BY204: =Sheet1!CH204-AVERAGE(Sheet1!$CQ204:$CS204) -> 0.0774 | BZ204: =Sheet1!CI204-AVERAGE(Sheet1!$CQ204:$CS204) -> 0.0279 | CA204: =Sheet1!CJ204-AVERAGE(Sheet1!$CQ204:$CS204) -> 0.8464 | CB204: =Sheet1!CK204-AVERAGE(Sheet1!$CQ204:$CS204) -> 0.2388 | CC204: =Sheet1!CL204-AVERAGE(Sheet1!$CQ204:$CS204) -> 0.1085 | CD204: =Sheet1!CM204-AVERAGE(Sheet1!$CQ204:$CS204) -> 0.0685 | CE204: =Sheet1!CN204-AVERAGE(Sheet1!$CQ204:$CS204) -> 0.7314 | CF204: =Sheet1!CO204-AVERAGE(Sheet1!$CQ204:$CS204) -> 0.5824 | CG204: =Sheet1!CP204-AVERAGE(Sheet1!$CQ204:$CS204) -> 0.6311
A205: =HOUR(Sheet1!A205) + MINUTE(Sheet1!A205)/60 + SECOND(Sheet1!A205)/3600 + 4*24 -> 101.99722 | B205: =Sheet1!B205-AVERAGE(Sheet1!$BG205:$BI205) -> 0.037533333 | C205: =Sheet1!C205-AVERAGE(Sheet1!$BG205:$BI205) -> 0.091433333 | D205: =Sheet1!D205-AVERAGE(Sheet1!$BG205:$BI205) -> 0.0012333333 | E205: =Sheet1!E205-AVERAGE(Sheet1!$BG205:$BI205) -> 0.66793333 | F205: =Sheet1!F205-AVERAGE(Sheet1!$BG205:$BI205) -> 0.57453333 | G205: =Sheet1!G205-AVERAGE(Sheet1!$BG205:$BI205) -> 1.2039333 | H205: =Sheet1!H205-AVERAGE(Sheet1!$BG205:$BI205) -> 1.1524333 | I205: =Sheet1!I205-AVERAGE(Sheet1!$BG205:$BI205) -> 0.67933333 | ... BF205: =Sheet1!BF205-AVERAGE(Sheet1!$BG205:$BI205) -> 0.42183333 | BG205: =Sheet1!BJ205-AVERAGE(Sheet1!$BS205:$BU205) -> 0.44606667 | BH205: =Sheet1!BK205-AVERAGE(Sheet1!$BS205:$BU205) -> 0.053866667 | BI205: =Sheet1!BL205-AVERAGE(Sheet1!$BS205:$BU205) -> 0.48396667 | BJ205: =Sheet1!BM205-AVERAGE(Sheet1!$BS205:$BU205) -> 0.32556667 | BK205: =Sheet1!BN205-AVERAGE(Sheet1!$BS205:$BU205) -> 0.12826667 | BL205: =Sheet1!BO205-AVERAGE(Sheet1!$BS205:$BU205) -> 0.10596667 | BM205: =Sheet1!BP205-AVERAGE(Sheet1!$BS205:$BU205) -> 0.50256667 | BN205: =Sheet1!BQ205-AVERAGE(Sheet1!$BS205:$BU205) -> 0.49086667 | BO205: =Sheet1!BR205-AVERAGE(Sheet1!$BS205:$BU205) -> 0.44876667 | BP205: =Sheet1!BV205-AVERAGE(Sheet1!$CE205:$CG205) -> 0.55286667 | BQ205: =Sheet1!BW205-AVERAGE(Sheet1!$CE205:$CG205) -> 0.35326667 | BR205: =Sheet1!BX205-AVERAGE(Sheet1!$CE205:$CG205) -> 0.49486667 | BS205: =Sheet1!BY205-AVERAGE(Sheet1!$CE205:$CG205) -> 0.39676667 | BT205: =Sheet1!BZ205-AVERAGE(Sheet1!$CE205:$CG205) -> 0.16056667 | BU205: =Sheet1!CA205-AVERAGE(Sheet1!$CE205:$CG205) -> 0.092566667 | BV205: =Sheet1!CB205-AVERAGE(Sheet1!$CE205:$CG205) -> 0.53766667 | BW205: =Sheet1!CC205-AVERAGE(Sheet1!$CE205:$CG205) -> 0.47206667 | BX205: =Sheet1!CD205-AVERAGE(Sheet1!$CE205:$CG205) -> 0.46356667 | BY205: =Sheet1!CH205-AVERAGE(Sheet1!$CQ205:$CS205) -> 0.0743 | BZ205: =Sheet1!CI205-AVERAGE(Sheet1!$CQ205:$CS205) -> 0.0276 | CA205: =Sheet1!CJ205-AVERAGE(Sheet1!$CQ205:$CS205) -> 0.8387 | CB205: =Sheet1!CK205-AVERAGE(Sheet1!$CQ205:$CS205) -> 0.2364 | CC205: =Sheet1!CL205-AVERAGE(Sheet1!$CQ205:$CS205) -> 0.1065 | CD205: =Sheet1!CM205-AVERAGE(Sheet1!$CQ205:$CS205) -> 0.0681 | CE205: =Sheet1!CN205-AVERAGE(Sheet1!$CQ205:$CS205) -> 0.7353 | CF205: =Sheet1!CO205-AVERAGE(Sheet1!$CQ205:$CS205) -> 0.5879 | CG205: =Sheet1!CP205-AVERAGE(Sheet1!$CQ205:$CS205) -> 0.6364
... A233: =HOUR(Sheet1!A233) + MINUTE(Sheet1!A233)/60 + SECOND(Sheet1!A233)/3600 + 4*24 -> 115.99722 | B233: =Sheet1!B233-AVERAGE(Sheet1!$BG233:$BI233) -> 0.0107 | C233: =Sheet1!C233-AVERAGE(Sheet1!$BG233:$BI233) -> 0.0924 | D233: =Sheet1!D233-AVERAGE(Sheet1!$BG233:$BI233) -> 0.0014 | E233: =Sheet1!E233-AVERAGE(Sheet1!$BG233:$BI233) -> 0.5866 | F233: =Sheet1!F233-AVERAGE(Sheet1!$BG233:$BI233) -> 0.1783 | G233: =Sheet1!G233-AVERAGE(Sheet1!$BG233:$BI233) -> 1.2803 | H233: =Sheet1!H233-AVERAGE(Sheet1!$BG233:$BI233) -> 1.246 | I233: =Sheet1!I233-AVERAGE(Sheet1!$BG233:$BI233) -> 0.6482 | ... BF233: =Sheet1!BF233-AVERAGE(Sheet1!$BG233:$BI233) -> 0.4116 | BG233: =Sheet1!BJ233-AVERAGE(Sheet1!$BS233:$BU233) -> 0.46626667 | BH233: =Sheet1!BK233-AVERAGE(Sheet1!$BS233:$BU233) -> 0.064066667 | BI233: =Sheet1!BL233-AVERAGE(Sheet1!$BS233:$BU233) -> 0.45576667 | BJ233: =Sheet1!BM233-AVERAGE(Sheet1!$BS233:$BU233) -> 0.31156667 | BK233: =Sheet1!BN233-AVERAGE(Sheet1!$BS233:$BU233) -> 0.14196667 | BL233: =Sheet1!BO233-AVERAGE(Sheet1!$BS233:$BU233) -> 0.10496667 | BM233: =Sheet1!BP233-AVERAGE(Sheet1!$BS233:$BU233) -> 0.48606667 | BN233: =Sheet1!BQ233-AVERAGE(Sheet1!$BS233:$BU233) -> 0.46226667 | BO233: =Sheet1!BR233-AVERAGE(Sheet1!$BS233:$BU233) -> 0.42786667 | BP233: =Sheet1!BV233-AVERAGE(Sheet1!$CE233:$CG233) -> 0.509 | BQ233: =Sheet1!BW233-AVERAGE(Sheet1!$CE233:$CG233) -> 0.3418 | BR233: =Sheet1!BX233-AVERAGE(Sheet1!$CE233:$CG233) -> 0.4539 | BS233: =Sheet1!BY233-AVERAGE(Sheet1!$CE233:$CG233) -> 0.3812 | BT233: =Sheet1!BZ233-AVERAGE(Sheet1!$CE233:$CG233) -> 0.176 | BU233: =Sheet1!CA233-AVERAGE(Sheet1!$CE233:$CG233) -> 0.0927 | BV233: =Sheet1!CB233-AVERAGE(Sheet1!$CE233:$CG233) -> 0.5157 | BW233: =Sheet1!CC233-AVERAGE(Sheet1!$CE233:$CG233) -> 0.4359 | BX233: =Sheet1!CD233-AVERAGE(Sheet1!$CE233:$CG233) -> 0.4346 | BY233: =Sheet1!CH233-AVERAGE(Sheet1!$CQ233:$CS233) -> 0.039466667 | BZ233: =Sheet1!CI233-AVERAGE(Sheet1!$CQ233:$CS233) -> 0.025366667 | CA233: =Sheet1!CJ233-AVERAGE(Sheet1!$CQ233:$CS233) -> 0.71096667 | CB233: =Sheet1!CK233-AVERAGE(Sheet1!$CQ233:$CS233) -> 0.20786667 | CC233: =Sheet1!CL233-AVERAGE(Sheet1!$CQ233:$CS233) -> 0.094266667 | CD233: =Sheet1!CM233-AVERAGE(Sheet1!$CQ233:$CS233) -> 0.066366667 | CE233: =Sheet1!CN233-AVERAGE(Sheet1!$CQ233:$CS233) -> 0.75646667 | CF233: =Sheet1!CO233-AVERAGE(Sheet1!$CQ233:$CS233) -> 0.61656667 | CG233: =Sheet1!CP233-AVERAGE(Sheet1!$CQ233:$CS233) -> 0.63426667

Sheet Parameters estimation
A1: Name | B1: Mu_max wo LT | C1: Mu_max with LT | D1: Lag time | F1: Name | G1: Rep 1 | H1: Rep 2 | I1: Rep 3 | J1: Rep 4 | K1: Name | L1: Rep 1 | M1: Rep 2 | N1: Rep 3 | O1: Rep 4 | P1: Name | Q1: Rep 1 | R1: Rep 2 | S1: Rep 3 | T1: Rep 4
A2: Variovorax_6146 | B2: 0.75090405 | C2: 1.3444673 | D2: 2.3274805 | F2: Variovorax | G2: 0.75090405 | H2: 0.61428866 | I2: 0.50538429 | J2: 0.49586494 | K2: Variovorax | L2: 1.3444673 | M2: 0.92875154 | N2: 0.76003219 | O2: 0.78946764 | P2: Variovorax | Q2: 2.3274805 | R2: 2.1606177 | S2: 2.4004421 | T2: 2.6485595
A3: Flavobacterium_6147 | B3: 0.41525393 | C3: 0.56756857 | D3: 2.3368106 | F3: Flavobacterium | G3: 0.41525393 | H3: 0.39368809 | I3: 0.41759404 | J3: 0.41997822 | K3: Flavobacterium | L3: 0.56756857 | M3: 0.45426718 | N3: 0.53061796 | O3: 0.48641206 | P3: Flavobacterium | Q3: 2.3368106 | R3: 1.4891193 | S3: 1.9216004 | T3: 1.4595032
A4: Microbacterium_6150 | B4: 0.83017632 | C4: 0 | D4: 0 | F4: Microbacterium | G4: 0.83017632 | H4: 0.51238312 | I4: 0.50674539 | J4: 0.50018458 | K4: Microbacterium | L4: 0 | M4: 0.5123833 | N4: 0.50674549 | O4: 0.50018493 | P4: Microbacterium | Q4: 0 | R4: 0.39391143 | S4: 0.23982626 | T4: 0.27368876
A5: Mucilaginibacter_6152 | B5: 0.10781186 | C5: 0.1078118 | D5: 0.20461992 | F5: Mucilaginibacter | G5: 0.10781186 | H5: 0.15651447 | I5: 0.15745214 | J5: 0.16267151 | K5: Mucilaginibacter | L5: 0.1078118 | M5: 0.15651434 | N5: 0.15745073 | O5: 0.16267052 | P5: Mucilaginibacter | Q5: 0.20461992 | R5: 0.30203858 | S5: 0.35289485 | T5: 0.39277287
A6: Curtobacterium_6155 | B6: 0.19803885 | C6: 0.19800005 | D6: 0.25832707 | F6: Curtobacterium | G6: 0.19803885 | H6: 0.25237229 | I6: 0.24187365 | J6: 0.34359795 | K6: Curtobacterium | L6: 0.19800005 | M6: 0.32771584 | N6: 0.30118834 | O6: 0.40667593 | P6: Curtobacterium | Q6: 0.25832707 | R6: 3.0802591 | S6: 2.7974628 | T6: 1.7496187
A7: Rhodococcus_6477 | B7: 0.083593578 | C7: 0.083593959 | D7: 0.26855209 | F7: Rhodococcus | G7: 0.083593578 | H7: 0.14073738 | I7: 0.15107249 | J7: 0.298052 | K7: Rhodococcus | L7: 0.083593959 | M7: 0.14073599 | N7: 0.15107346 | O7: 0.29805525 | P7: Rhodococcus | Q7: 0.26855209 | R7: 0.19137584 | S7: 0.21537914 | T7: 0.2252879
A8: Bradyrhizobium_6478 | B8: 0.058389703 | C8: 0.058389603 | D8: 0.38364054 | F8: Bradyrhizobium | G8: 0.058389703 | H8: 0.077577839 | I8: 0.08421385 | J8: 0.087416368 | K8: Bradyrhizobium | L8: 0.058389603 | M8: 0.077577745 | N8: 0.084213853 | O8: 0.087416537 | P8: Bradyrhizobium | Q8: 0.38364054 | R8: 0.27322903 | S8: 0.17323501 | T8: 0.29826562
A9: Cellulomonas_6483 | B9: 0.039320177 | C9: 0.042382083 | D9: 4.6141362 | F9: Cellulomonas | G9: 0.039320177 | H9: 0.052972676 | I9: 0.039703767 | J9: 0.044881045 | K9: Cellulomonas | L9: 0.042382083 | M9: 0.052972017 | N9: 0.03970295 | O9: 0.044881045 | P9: Cellulomonas | Q9: 4.6141362 | R9: 0.20098049 | S9: 0.42968388 | T9: 0.30255728
A10: Luteibacter_6500 | B10: 0.25120217 | C10: 0.25120222 | D10: 0.19809138 | F10: Luteibacter | G10: 0.25120217 | H10: 0.31879992 | I10: 0.32229553 | J10: 0.30486664 | K10: Luteibacter | L10: 0.25120222 | M10: 0.42190688 | N10: 0.42018578 | O10: 0.40546842 | P10: Luteibacter | Q10: 0.19809138 | R10: 2.9568365 | S10: 2.8778056 | T10: 3.1150711
A11: Phenylobacterium_6508 | B11: 0.11580112 | C11: 0.11579646 | D11: 0.23139979 | F11: Phenylobacterium | G11: 0.11580112 | H11: 0.17742377 | I11: 0.1913393 | J11: 0.18332205 | K11: Phenylobacterium | L11: 0.11579646 | M11: 0.17742417 | N11: 0.19133894 | O11: 0.18332239 | P11: Phenylobacterium | Q11: 0.23139979 | R11: 0.32757887 | S11: 0.23654055 | T11: 0.2073948
A12: Mesorhizobium_6519 | B12: 0.14613829 | C12: 0.14613811 | D12: 0.21778165 | F12: Mesorhizobium | G12: 0.14613829 | H12: 0.19444758 | I12: 0.18587564 | J12: 0.19974604 | K12: Mesorhizobium | L12: 0.14613811 | M12: 0.27839552 | N12: 0.33516887 | O12: 0.22994415 | P12: Mesorhizobium | Q12: 0.21778165 | R12: 6.9206139 | S12: 10.607246 | T12: 3.1990755
A13: Lysobacter_6525 | B13: 0.52600153 | C13: 0.8587093 | D13: 2.9277288 | F13: Lysobacter | G13: 0.52600153 | H13: 0.51459428 | I13: 0.53350371 | J13: 0.45972713 | K13: Lysobacter | L13: 0.8587093 | M13: 0.76361643 | N13: 0.7601006 | O13: 0.59876734 | P13: Lysobacter | Q13: 2.9277288 | R13: 2.5947181 | S13: 2.355902 | T13: 2.0641149
... A22: Luteibacter_6500 | B22: 0.31879992 | C22: 0.42190688 | D22: 2.9568365 | F22: Chitinophaga | G22: 0.10893273 | H22: 0.10129534 | I22: 0.10804079 | J22: 0.073099365 | K22: Chitinophaga | L22: 0.10892945 | M22: 0.10129483 | N22: 0.10804012 | O22: 0.073098941 | P22: Chitinophaga | Q22: 0.22907313 | R22: 0.26064135 | S22: 0.15110197 | T22: 0.25234371
A23: Phenylobacterium_6508 | B23: 0.17742377 | C23: 0.17742417 | D23: 0.32757887
A24: Mesorhizobium_6519 | B24: 0.19444758 | C24: 0.27839552 | D24: 6.9206139
A25: Lysobacter_6525 | B25: 0.51459428 | C25: 0.76361643 | D25: 2.5947181 | F25: Sorted
A26: Variovorax_6146 | B26: 0.50538429 | C26: 0.76003219 | D26: 2.4004421 | F26: Cellulomonas | G26: =VLOOKUP(F26,$F$1:$J$22,2,0) -> 0.039320177 | H26: =VLOOKUP(F26,$F$1:$J$22,3,0) -> 0.052972676 | I26: =VLOOKUP(F26,$F$1:$J$22,4,0) -> 0.039703767 | J26: =VLOOKUP(F26,$F$1:$J$22,5,0) -> 0.044881045 | L26: =VLOOKUP(F26,$K$1:$O$22,2,0) -> 0.042382083 | M26: =VLOOKUP(F26,$K$1:$O$22,3,0) -> 0.052972017 | N26: =VLOOKUP(F26,$K$1:$O$22,4,0) -> 0.03970295 | O26: =VLOOKUP(F26,$K$1:$O$22,5,0) -> 0.044881045 | Q26: =VLOOKUP(F26,$P$1:$T$22,2,0) -> 4.6141362 | R26: =VLOOKUP(F26,$P$1:$T$22,3,0) -> 0.20098049 | S26: =VLOOKUP(F26,$P$1:$T$22,4,0) -> 0.42968388 | T26: =VLOOKUP(F26,$P$1:$T$22,5,0) -> 0.30255728
A27: Flavobacterium_6147 | B27: 0.41759404 | C27: 0.53061796 | D27: 1.9216004 | F27: Bradyrhizobium | G27: =VLOOKUP(F27,$F$1:$J$22,2,0) -> 0.058389703 | H27: =VLOOKUP(F27,$F$1:$J$22,3,0) -> 0.077577839 | I27: =VLOOKUP(F27,$F$1:$J$22,4,0) -> 0.08421385 | J27: =VLOOKUP(F27,$F$1:$J$22,5,0) -> 0.087416368 | L27: =VLOOKUP(F27,$K$1:$O$22,2,0) -> 0.058389603 | M27: =VLOOKUP(F27,$K$1:$O$22,3,0) -> 0.077577745 | N27: =VLOOKUP(F27,$K$1:$O$22,4,0) -> 0.084213853 | O27: =VLOOKUP(F27,$K$1:$O$22,5,0) -> 0.087416537 | Q27: =VLOOKUP(F27,$P$1:$T$22,2,0) -> 0.38364054 | R27: =VLOOKUP(F27,$P$1:$T$22,3,0) -> 0.27322903 | S27: =VLOOKUP(F27,$P$1:$T$22,4,0) -> 0.17323501 | T27: =VLOOKUP(F27,$P$1:$T$22,5,0) -> 0.29826562
A28: Microbacterium_6150 | B28: 0.50674539 | C28: 0.50674549 | D28: 0.23982626 | F28: Luteibacter | G28: =VLOOKUP(F28,$F$1:$J$22,2,0) -> 0.25120217 | H28: =VLOOKUP(F28,$F$1:$J$22,3,0) -> 0.31879992 | I28: =VLOOKUP(F28,$F$1:$J$22,4,0) -> 0.32229553 | J28: =VLOOKUP(F28,$F$1:$J$22,5,0) -> 0.30486664 | L28: =VLOOKUP(F28,$K$1:$O$22,2,0) -> 0.25120222 | M28: =VLOOKUP(F28,$K$1:$O$22,3,0) -> 0.42190688 | N28: =VLOOKUP(F28,$K$1:$O$22,4,0) -> 0.42018578 | O28: =VLOOKUP(F28,$K$1:$O$22,5,0) -> 0.40546842 | Q28: =VLOOKUP(F28,$P$1:$T$22,2,0) -> 0.19809138 | R28: =VLOOKUP(F28,$P$1:$T$22,3,0) -> 2.9568365 | S28: =VLOOKUP(F28,$P$1:$T$22,4,0) -> 2.8778056 | T28: =VLOOKUP(F28,$P$1:$T$22,5,0) -> 3.1150711
A29: Mucilaginibacter_6152 | B29: 0.15745214 | C29: 0.15745073 | D29: 0.35289485 | F29: Phenylobacterium | G29: =VLOOKUP(F29,$F$1:$J$22,2,0) -> 0.11580112 | H29: =VLOOKUP(F29,$F$1:$J$22,3,0) -> 0.17742377 | I29: =VLOOKUP(F29,$F$1:$J$22,4,0) -> 0.1913393 | J29: =VLOOKUP(F29,$F$1:$J$22,5,0) -> 0.18332205 | L29: =VLOOKUP(F29,$K$1:$O$22,2,0) -> 0.11579646 | M29: =VLOOKUP(F29,$K$1:$O$22,3,0) -> 0.17742417 | N29: =VLOOKUP(F29,$K$1:$O$22,4,0) -> 0.19133894 | O29: =VLOOKUP(F29,$K$1:$O$22,5,0) -> 0.18332239 | Q29: =VLOOKUP(F29,$P$1:$T$22,2,0) -> 0.23139979 | R29: =VLOOKUP(F29,$P$1:$T$22,3,0) -> 0.32757887 | S29: =VLOOKUP(F29,$P$1:$T$22,4,0) -> 0.23654055 | T29: =VLOOKUP(F29,$P$1:$T$22,5,0) -> 0.2073948
A30: Curtobacterium_6155 | B30: 0.24187365 | C30: 0.30118834 | D30: 2.7974628 | F30: Mesorhizobium | G30: =VLOOKUP(F30,$F$1:$J$22,2,0) -> 0.14613829 | H30: =VLOOKUP(F30,$F$1:$J$22,3,0) -> 0.19444758 | I30: =VLOOKUP(F30,$F$1:$J$22,4,0) -> 0.18587564 | J30: =VLOOKUP(F30,$F$1:$J$22,5,0) -> 0.19974604 | L30: =VLOOKUP(F30,$K$1:$O$22,2,0) -> 0.14613811 | M30: =VLOOKUP(F30,$K$1:$O$22,3,0) -> 0.27839552 | N30: =VLOOKUP(F30,$K$1:$O$22,4,0) -> 0.33516887 | O30: =VLOOKUP(F30,$K$1:$O$22,5,0) -> 0.22994415 | Q30: =VLOOKUP(F30,$P$1:$T$22,2,0) -> 0.21778165 | R30: =VLOOKUP(F30,$P$1:$T$22,3,0) -> 6.9206139 | S30: =VLOOKUP(F30,$P$1:$T$22,4,0) -> 10.607246 | T30: =VLOOKUP(F30,$P$1:$T$22,5,0) -> 3.1990755
A31: Rhodococcus_6477 | B31: 0.15107249 | C31: 0.15107346 | D31: 0.21537914 | F31: Caulobacter | G31: =VLOOKUP(F31,$F$1:$J$22,2,0) -> 0.143713 | H31: =VLOOKUP(F31,$F$1:$J$22,3,0) -> 0.083212583 | I31: =VLOOKUP(F31,$F$1:$J$22,4,0) -> 0.17961046 | J31: =VLOOKUP(F31,$F$1:$J$22,5,0) -> 0.32125613 | L31: =VLOOKUP(F31,$K$1:$O$22,2,0) -> 0 | M31: =VLOOKUP(F31,$K$1:$O$22,3,0) -> 0 | N31: =VLOOKUP(F31,$K$1:$O$22,4,0) -> 0.39183473 | O31: =VLOOKUP(F31,$K$1:$O$22,5,0) -> 0 | Q31: =VLOOKUP(F31,$P$1:$T$22,2,0) -> 0 | R31: =VLOOKUP(F31,$P$1:$T$22,3,0) -> 0 | S31: =VLOOKUP(F31,$P$1:$T$22,4,0) -> 11.313208 | T31: =VLOOKUP(F31,$P$1:$T$22,5,0) -> 0
A32: Bradyrhizobium_6478 | B32: 0.08421385 | C32: 0.084213853 | D32: 0.17323501 | F32: Devosia | G32: =VLOOKUP(F32,$F$1:$J$22,2,0) -> 0.01672835 | H32: =VLOOKUP(F32,$F$1:$J$22,3,0) -> 0.032750058 | I32: =VLOOKUP(F32,$F$1:$J$22,4,0) -> 0.034952338 | J32: =VLOOKUP(F32,$F$1:$J$22,5,0) -> 0.065168674 | L32: =VLOOKUP(F32,$K$1:$O$22,2,0) -> 0 | M32: =VLOOKUP(F32,$K$1:$O$22,3,0) -> 0 | N32: =VLOOKUP(F32,$K$1:$O$22,4,0) -> 0 | O32: =VLOOKUP(F32,$K$1:$O$22,5,0) -> 0 | Q32: =VLOOKUP(F32,$P$1:$T$22,2,0) -> 0 | R32: =VLOOKUP(F32,$P$1:$T$22,3,0) -> 0 | S32: =VLOOKUP(F32,$P$1:$T$22,4,0) -> 0 | T32: =VLOOKUP(F32,$P$1:$T$22,5,0) -> 0
A33: Cellulomonas_6483 | B33: 0.039703767 | C33: 0.03970295 | D33: 0.42968388 | F33: Cohnella | G33: =VLOOKUP(F33,$F$1:$J$22,2,0) -> 0.15040096 | H33: =VLOOKUP(F33,$F$1:$J$22,3,0) -> 0.16982626 | I33: =VLOOKUP(F33,$F$1:$J$22,4,0) -> 0.14660295 | J33: =VLOOKUP(F33,$F$1:$J$22,5,0) -> 0.1365753 | L33: =VLOOKUP(F33,$K$1:$O$22,2,0) -> 0.15674809 | M33: =VLOOKUP(F33,$K$1:$O$22,3,0) -> 0.17110342 | N33: =VLOOKUP(F33,$K$1:$O$22,4,0) -> 0.14660222 | O33: =VLOOKUP(F33,$K$1:$O$22,5,0) -> 0.17729446 | Q33: =VLOOKUP(F33,$P$1:$T$22,2,0) -> 1.2737944 | R33: =VLOOKUP(F33,$P$1:$T$22,3,0) -> 0.63158122 | S33: =VLOOKUP(F33,$P$1:$T$22,4,0) -> 0.35393502 | T33: =VLOOKUP(F33,$P$1:$T$22,5,0) -> 4.9803851
A34: Luteibacter_6500 | B34: 0.32229553 | C34: 0.42018578 | D34: 2.8778056 | F34: Tardiphaga | G34: =VLOOKUP(F34,$F$1:$J$22,2,0) -> 0.066283944 | H34: =VLOOKUP(F34,$F$1:$J$22,3,0) -> 0.078700025 | I34: =VLOOKUP(F34,$F$1:$J$22,4,0) -> 0.087222851 | J34: =VLOOKUP(F34,$F$1:$J$22,5,0) -> 0.075537368 | L34: =VLOOKUP(F34,$K$1:$O$22,2,0) -> 0 | M34: =VLOOKUP(F34,$K$1:$O$22,3,0) -> 0 | N34: =VLOOKUP(F34,$K$1:$O$22,4,0) -> 0 | O34: =VLOOKUP(F34,$K$1:$O$22,5,0) -> 0 | Q34: =VLOOKUP(F34,$P$1:$T$22,2,0) -> 0 | R34: =VLOOKUP(F34,$P$1:$T$22,3,0) -> 0 | S34: =VLOOKUP(F34,$P$1:$T$22,4,0) -> 0 | T34: =VLOOKUP(F34,$P$1:$T$22,5,0) -> 0
A35: Phenylobacterium_6508 | B35: 0.1913393 | C35: 0.19133894 | D35: 0.23654055 | F35: Rahnella | G35: =VLOOKUP(F35,$F$1:$J$22,2,0) -> 0.43318994 | H35: =VLOOKUP(F35,$F$1:$J$22,3,0) -> 0.5096908 | I35: =VLOOKUP(F35,$F$1:$J$22,4,0) -> 0.41201303 | J35: =VLOOKUP(F35,$F$1:$J$22,5,0) -> 0.43449922 | L35: =VLOOKUP(F35,$K$1:$O$22,2,0) -> 0.43318918 | M35: =VLOOKUP(F35,$K$1:$O$22,3,0) -> 0.50969193 | N35: =VLOOKUP(F35,$K$1:$O$22,4,0) -> 0.41200856 | O35: =VLOOKUP(F35,$K$1:$O$22,5,0) -> 0.43450062 | Q35: =VLOOKUP(F35,$P$1:$T$22,2,0) -> 0.15512745 | R35: =VLOOKUP(F35,$P$1:$T$22,3,0) -> 0.27121755 | S35: =VLOOKUP(F35,$P$1:$T$22,4,0) -> 0.24569316 | T35: =VLOOKUP(F35,$P$1:$T$22,5,0) -> 0.21367806
A36: Mesorhizobium_6519 | B36: 0.18587564 | C36: 0.33516887 | D36: 10.607246 | F36: Rhodococcus | G36: =VLOOKUP(F36,$F$1:$J$22,2,0) -> 0.083593578 | H36: =VLOOKUP(F36,$F$1:$J$22,3,0) -> 0.14073738 | I36: =VLOOKUP(F36,$F$1:$J$22,4,0) -> 0.15107249 | J36: =VLOOKUP(F36,$F$1:$J$22,5,0) -> 0.298052 | L36: =VLOOKUP(F36,$K$1:$O$22,2,0) -> 0.083593959 | M36: =VLOOKUP(F36,$K$1:$O$22,3,0) -> 0.14073599 | N36: =VLOOKUP(F36,$K$1:$O$22,4,0) -> 0.15107346 | O36: =VLOOKUP(F36,$K$1:$O$22,5,0) -> 0.29805525 | Q36: =VLOOKUP(F36,$P$1:$T$22,2,0) -> 0.26855209 | R36: =VLOOKUP(F36,$P$1:$T$22,3,0) -> 0.19137584 | S36: =VLOOKUP(F36,$P$1:$T$22,4,0) -> 0.21537914 | T36: =VLOOKUP(F36,$P$1:$T$22,5,0) -> 0.2252879
A37: Lysobacter_6525 | B37: 0.53350371 | C37: 0.7601006 | D37: 2.355902 | F37: Burkholderia | G37: =VLOOKUP(F37,$F$1:$J$22,2,0) -> 0.46056151 | H37: =VLOOKUP(F37,$F$1:$J$22,3,0) -> 0.46989917 | I37: =VLOOKUP(F37,$F$1:$J$22,4,0) -> 0.48488689 | J37: =VLOOKUP(F37,$F$1:$J$22,5,0) -> 0.40233621 | L37: =VLOOKUP(F37,$K$1:$O$22,2,0) -> 0.56953361 | M37: =VLOOKUP(F37,$K$1:$O$22,3,0) -> 0.55835864 | N37: =VLOOKUP(F37,$K$1:$O$22,4,0) -> 0.60022617 | O37: =VLOOKUP(F37,$K$1:$O$22,5,0) -> 0.4133498 | Q37: =VLOOKUP(F37,$P$1:$T$22,2,0) -> 1.7106403 | R37: =VLOOKUP(F37,$P$1:$T$22,3,0) -> 1.5797179 | S37: =VLOOKUP(F37,$P$1:$T$22,4,0) -> 1.7753739 | T37: =VLOOKUP(F37,$P$1:$T$22,5,0) -> 0.70498801
... A45: Cellulomonas_6483 | B45: 0.044881045 | C45: 0.044881045 | D45: 0.30255728 | F45: Pseudomonas2 | G45: =VLOOKUP(F45,$F$1:$J$22,2,0) -> 0.42955318 | H45: =VLOOKUP(F45,$F$1:$J$22,3,0) -> 0.42041084 | I45: =VLOOKUP(F45,$F$1:$J$22,4,0) -> 0.41526779 | J45: =VLOOKUP(F45,$F$1:$J$22,5,0) -> 0.54135964 | L45: =VLOOKUP(F45,$K$1:$O$22,2,0) -> 0.42953309 | M45: =VLOOKUP(F45,$K$1:$O$22,3,0) -> 0.68789012 | N45: =VLOOKUP(F45,$K$1:$O$22,4,0) -> 0.63377549 | O45: =VLOOKUP(F45,$K$1:$O$22,5,0) -> 0.80275102 | Q45: =VLOOKUP(F45,$P$1:$T$22,2,0) -> 0.26278288 | R45: =VLOOKUP(F45,$P$1:$T$22,3,0) -> 3.1614338 | S45: =VLOOKUP(F45,$P$1:$T$22,4,0) -> 3.0535426 | T45: =VLOOKUP(F45,$P$1:$T$22,5,0) -> 2.4460694
A46: Luteibacter_6500 | B46: 0.30486664 | C46: 0.40546842 | D46: 3.1150711
A47: Phenylobacterium_6508 | B47: 0.18332205 | C47: 0.18332239 | D47: 0.2073948
A48: Mesorhizobium_6519 | B48: 0.19974604 | C48: 0.22994415 | D48: 3.1990755
A49: Lysobacter_6525 | B49: 0.45972713 | C49: 0.59876734 | D49: 2.0641149
A50: Pseudomonas2_6533 | B50: 0.42955318 | C50: 0.42953309 | D50: 0.26278288
A51: Caulobacter_6537 | B51: 0.143713 | C51: 0 | D51: 0
A52: Pseudomonas1_6551 | B52: 0.17464952 | C52: 0.17464406 | D52: 0.27072093
A53: Cohnella_6695 | B53: 0.15040096 | C53: 0.15674809 | D53: 1.2737944
A54: Devosia_6593 | B54: 0.01672835 | C54: 0 | D54: 0
A55: Tardiphaga_6697 | B55: 0.066283944 | C55: 0 | D55: 0
A56: Burkholderia_6699 | B56: 0.46056151 | C56: 0.56953361 | D56: 1.7106403
A57: Rahnella_6700 | B57: 0.43318994 | C57: 0.43318918 | D57: 0.15512745
... A85: Chitinophaga_spread | B85: 0.073099365 | C85: 0.073098941 | D85: 0.25234371

Sheet Sorted parameters
A1: Names | B1: Rep 1 | C1: Rep 2 | D1: Rep 3 | E1: Rep 4 | G1: Rep 1 | H1: Rep 2 | I1: Rep 3 | J1: Rep 4 | L1: Rep 1 | M1: Rep 2 | N1: Rep 3 | O1: Rep 4
A2: Cellulomonas | B2: =VLOOKUP(A2,'Parameters estimation'!$F:$T,2,0) -> 0.039320177 | C2: =VLOOKUP(A2,'Parameters estimation'!$F:$T,3,0) -> 0.052972676 | D2: =VLOOKUP(A2,'Parameters estimation'!$F:$T,4,0) -> 0.039703767 | E2: =VLOOKUP(A2,'Parameters estimation'!$F:$T,5,0) -> 0.044881045 | G2: =VLOOKUP(A2,'Parameters estimation'!$F:$T,7,0) -> 0.042382083 | H2: =VLOOKUP(A2,'Parameters estimation'!$F:$T,8,0) -> 0.052972017 | I2: =VLOOKUP(A2,'Parameters estimation'!$F:$T,9,0) -> 0.03970295 | J2: =VLOOKUP(A2,'Parameters estimation'!$F:$T,10,0) -> 0.044881045 | L2: =VLOOKUP(A2,'Parameters estimation'!$F:$T,12,0) -> 4.6141362 | M2: =VLOOKUP(A2,'Parameters estimation'!$F:$T,13,0) -> 0.20098049 | N2: =VLOOKUP(A2,'Parameters estimation'!$F:$T,14,0) -> 0.42968388 | O2: =VLOOKUP(A2,'Parameters estimation'!$F:$T,15,0) -> 0.30255728
A3: Bradyrhizobium | B3: =VLOOKUP(A3,'Parameters estimation'!$F:$T,2,0) -> 0.058389703 | C3: =VLOOKUP(A3,'Parameters estimation'!$F:$T,3,0) -> 0.077577839 | D3: =VLOOKUP(A3,'Parameters estimation'!$F:$T,4,0) -> 0.08421385 | E3: =VLOOKUP(A3,'Parameters estimation'!$F:$T,5,0) -> 0.087416368 | G3: =VLOOKUP(A3,'Parameters estimation'!$F:$T,7,0) -> 0.058389603 | H3: =VLOOKUP(A3,'Parameters estimation'!$F:$T,8,0) -> 0.077577745 | I3: =VLOOKUP(A3,'Parameters estimation'!$F:$T,9,0) -> 0.084213853 | J3: =VLOOKUP(A3,'Parameters estimation'!$F:$T,10,0) -> 0.087416537 | L3: =VLOOKUP(A3,'Parameters estimation'!$F:$T,12,0) -> 0.38364054 | M3: =VLOOKUP(A3,'Parameters estimation'!$F:$T,13,0) -> 0.27322903 | N3: =VLOOKUP(A3,'Parameters estimation'!$F:$T,14,0) -> 0.17323501 | O3: =VLOOKUP(A3,'Parameters estimation'!$F:$T,15,0) -> 0.29826562
A4: Luteibacter | B4: =VLOOKUP(A4,'Parameters estimation'!$F:$T,2,0) -> 0.25120217 | C4: =VLOOKUP(A4,'Parameters estimation'!$F:$T,3,0) -> 0.31879992 | D4: =VLOOKUP(A4,'Parameters estimation'!$F:$T,4,0) -> 0.32229553 | E4: =VLOOKUP(A4,'Parameters estimation'!$F:$T,5,0) -> 0.30486664 | G4: =VLOOKUP(A4,'Parameters estimation'!$F:$T,7,0) -> 0.25120222 | H4: =VLOOKUP(A4,'Parameters estimation'!$F:$T,8,0) -> 0.42190688 | I4: =VLOOKUP(A4,'Parameters estimation'!$F:$T,9,0) -> 0.42018578 | J4: =VLOOKUP(A4,'Parameters estimation'!$F:$T,10,0) -> 0.40546842 | L4: =VLOOKUP(A4,'Parameters estimation'!$F:$T,12,0) -> 0.19809138 | M4: =VLOOKUP(A4,'Parameters estimation'!$F:$T,13,0) -> 2.9568365 | N4: =VLOOKUP(A4,'Parameters estimation'!$F:$T,14,0) -> 2.8778056 | O4: =VLOOKUP(A4,'Parameters estimation'!$F:$T,15,0) -> 3.1150711
A5: Phenylobacterium | B5: =VLOOKUP(A5,'Parameters estimation'!$F:$T,2,0) -> 0.11580112 | C5: =VLOOKUP(A5,'Parameters estimation'!$F:$T,3,0) -> 0.17742377 | D5: =VLOOKUP(A5,'Parameters estimation'!$F:$T,4,0) -> 0.1913393 | E5: =VLOOKUP(A5,'Parameters estimation'!$F:$T,5,0) -> 0.18332205 | G5: =VLOOKUP(A5,'Parameters estimation'!$F:$T,7,0) -> 0.11579646 | H5: =VLOOKUP(A5,'Parameters estimation'!$F:$T,8,0) -> 0.17742417 | I5: =VLOOKUP(A5,'Parameters estimation'!$F:$T,9,0) -> 0.19133894 | J5: =VLOOKUP(A5,'Parameters estimation'!$F:$T,10,0) -> 0.18332239 | L5: =VLOOKUP(A5,'Parameters estimation'!$F:$T,12,0) -> 0.23139979 | M5: =VLOOKUP(A5,'Parameters estimation'!$F:$T,13,0) -> 0.32757887 | N5: =VLOOKUP(A5,'Parameters estimation'!$F:$T,14,0) -> 0.23654055 | O5: =VLOOKUP(A5,'Parameters estimation'!$F:$T,15,0) -> 0.2073948
A6: Mesorhizobium | B6: =VLOOKUP(A6,'Parameters estimation'!$F:$T,2,0) -> 0.14613829 | C6: =VLOOKUP(A6,'Parameters estimation'!$F:$T,3,0) -> 0.19444758 | D6: =VLOOKUP(A6,'Parameters estimation'!$F:$T,4,0) -> 0.18587564 | E6: =VLOOKUP(A6,'Parameters estimation'!$F:$T,5,0) -> 0.19974604 | G6: =VLOOKUP(A6,'Parameters estimation'!$F:$T,7,0) -> 0.14613811 | H6: =VLOOKUP(A6,'Parameters estimation'!$F:$T,8,0) -> 0.27839552 | I6: =VLOOKUP(A6,'Parameters estimation'!$F:$T,9,0) -> 0.33516887 | J6: =VLOOKUP(A6,'Parameters estimation'!$F:$T,10,0) -> 0.22994415 | L6: =VLOOKUP(A6,'Parameters estimation'!$F:$T,12,0) -> 0.21778165 | M6: =VLOOKUP(A6,'Parameters estimation'!$F:$T,13,0) -> 6.9206139 | N6: =VLOOKUP(A6,'Parameters estimation'!$F:$T,14,0) -> 10.607246 | O6: =VLOOKUP(A6,'Parameters estimation'!$F:$T,15,0) -> 3.1990755
A7: Caulobacter | B7: =VLOOKUP(A7,'Parameters estimation'!$F:$T,2,0) -> 0.143713 | C7: =VLOOKUP(A7,'Parameters estimation'!$F:$T,3,0) -> 0.083212583 | D7: =VLOOKUP(A7,'Parameters estimation'!$F:$T,4,0) -> 0.17961046 | E7: =VLOOKUP(A7,'Parameters estimation'!$F:$T,5,0) -> 0.32125613 | G7: =VLOOKUP(A7,'Parameters estimation'!$F:$T,7,0) -> 0 | H7: =VLOOKUP(A7,'Parameters estimation'!$F:$T,8,0) -> 0 | I7: =VLOOKUP(A7,'Parameters estimation'!$F:$T,9,0) -> 0.39183473 | J7: =VLOOKUP(A7,'Parameters estimation'!$F:$T,10,0) -> 0 | L7: =VLOOKUP(A7,'Parameters estimation'!$F:$T,12,0) -> 0 | M7: =VLOOKUP(A7,'Parameters estimation'!$F:$T,13,0) -> 0 | N7: =VLOOKUP(A7,'Parameters estimation'!$F:$T,14,0) -> 11.313208 | O7: =VLOOKUP(A7,'Parameters estimation'!$F:$T,15,0) -> 0
A8: Devosia | B8: =VLOOKUP(A8,'Parameters estimation'!$F:$T,2,0) -> 0.01672835 | C8: =VLOOKUP(A8,'Parameters estimation'!$F:$T,3,0) -> 0.032750058 | D8: =VLOOKUP(A8,'Parameters estimation'!$F:$T,4,0) -> 0.034952338 | E8: =VLOOKUP(A8,'Parameters estimation'!$F:$T,5,0) -> 0.065168674 | G8: =VLOOKUP(A8,'Parameters estimation'!$F:$T,7,0) -> 0 | H8: =VLOOKUP(A8,'Parameters estimation'!$F:$T,8,0) -> 0 | I8: =VLOOKUP(A8,'Parameters estimation'!$F:$T,9,0) -> 0 | J8: =VLOOKUP(A8,'Parameters estimation'!$F:$T,10,0) -> 0 | L8: =VLOOKUP(A8,'Parameters estimation'!$F:$T,12,0) -> 0 | M8: =VLOOKUP(A8,'Parameters estimation'!$F:$T,13,0) -> 0 | N8: =VLOOKUP(A8,'Parameters estimation'!$F:$T,14,0) -> 0 | O8: =VLOOKUP(A8,'Parameters estimation'!$F:$T,15,0) -> 0
A9: Cohnella | B9: =VLOOKUP(A9,'Parameters estimation'!$F:$T,2,0) -> 0.15040096 | C9: =VLOOKUP(A9,'Parameters estimation'!$F:$T,3,0) -> 0.16982626 | D9: =VLOOKUP(A9,'Parameters estimation'!$F:$T,4,0) -> 0.14660295 | E9: =VLOOKUP(A9,'Parameters estimation'!$F:$T,5,0) -> 0.1365753 | G9: =VLOOKUP(A9,'Parameters estimation'!$F:$T,7,0) -> 0.15674809 | H9: =VLOOKUP(A9,'Parameters estimation'!$F:$T,8,0) -> 0.17110342 | I9: =VLOOKUP(A9,'Parameters estimation'!$F:$T,9,0) -> 0.14660222 | J9: =VLOOKUP(A9,'Parameters estimation'!$F:$T,10,0) -> 0.17729446 | L9: =VLOOKUP(A9,'Parameters estimation'!$F:$T,12,0) -> 1.2737944 | M9: =VLOOKUP(A9,'Parameters estimation'!$F:$T,13,0) -> 0.63158122 | N9: =VLOOKUP(A9,'Parameters estimation'!$F:$T,14,0) -> 0.35393502 | O9: =VLOOKUP(A9,'Parameters estimation'!$F:$T,15,0) -> 4.9803851
A10: Tardiphaga | B10: =VLOOKUP(A10,'Parameters estimation'!$F:$T,2,0) -> 0.066283944 | C10: =VLOOKUP(A10,'Parameters estimation'!$F:$T,3,0) -> 0.078700025 | D10: =VLOOKUP(A10,'Parameters estimation'!$F:$T,4,0) -> 0.087222851 | E10: =VLOOKUP(A10,'Parameters estimation'!$F:$T,5,0) -> 0.075537368 | G10: =VLOOKUP(A10,'Parameters estimation'!$F:$T,7,0) -> 0 | H10: =VLOOKUP(A10,'Parameters estimation'!$F:$T,8,0) -> 0 | I10: =VLOOKUP(A10,'Parameters estimation'!$F:$T,9,0) -> 0 | J10: =VLOOKUP(A10,'Parameters estimation'!$F:$T,10,0) -> 0 | L10: =VLOOKUP(A10,'Parameters estimation'!$F:$T,12,0) -> 0 | M10: =VLOOKUP(A10,'Parameters estimation'!$F:$T,13,0) -> 0 | N10: =VLOOKUP(A10,'Parameters estimation'!$F:$T,14,0) -> 0 | O10: =VLOOKUP(A10,'Parameters estimation'!$F:$T,15,0) -> 0
A11: Rahnella | B11: =VLOOKUP(A11,'Parameters estimation'!$F:$T,2,0) -> 0.43318994 | C11: =VLOOKUP(A11,'Parameters estimation'!$F:$T,3,0) -> 0.5096908 | D11: =VLOOKUP(A11,'Parameters estimation'!$F:$T,4,0) -> 0.41201303 | E11: =VLOOKUP(A11,'Parameters estimation'!$F:$T,5,0) -> 0.43449922 | G11: =VLOOKUP(A11,'Parameters estimation'!$F:$T,7,0) -> 0.43318918 | H11: =VLOOKUP(A11,'Parameters estimation'!$F:$T,8,0) -> 0.50969193 | I11: =VLOOKUP(A11,'Parameters estimation'!$F:$T,9,0) -> 0.41200856 | J11: =VLOOKUP(A11,'Parameters estimation'!$F:$T,10,0) -> 0.43450062 | L11: =VLOOKUP(A11,'Parameters estimation'!$F:$T,12,0) -> 0.15512745 | M11: =VLOOKUP(A11,'Parameters estimation'!$F:$T,13,0) -> 0.27121755 | N11: =VLOOKUP(A11,'Parameters estimation'!$F:$T,14,0) -> 0.24569316 | O11: =VLOOKUP(A11,'Parameters estimation'!$F:$T,15,0) -> 0.21367806
