Workbook

Sheet OD590
A1: strain | B1: time | C1: timepoint | D1: water_1 | E1: Beta-Methyl-D-Glucoside_1 | F1: D-Galactonic-Acid-Gamma-Lactone_1 | G1: L-Arginine_1 | H1: water_2 | I1: Beta-Methyl-D-Glucoside_2 | J1: D-Galactonic-Acid-Gamma-Lactone_2 | K1: L-Arginine_2 | L1: water_3 | M1: Beta-Methyl-D-Glucoside_3 | N1: D-Galactonic-Acid-Gamma-Lactone_3 | O1: L-Arginine_3 | P1: Pyruvic-Acid-Methyl-Ester_1 | Q1: D-Xylose_1 | R1: D-Galacturonic-Acid_1 | S1: L-Asparagine_1 | T1: Pyruvic-Acid-Methyl-Ester_2 | U1: D-Xylose_2 | V1: D-Galacturonic-Acid_2 | W1: L-Asparagine_2 | X1: Pyruvic-Acid-Methyl-Ester_3 | Y1: D-Xylose_3 | Z1: D-Galacturonic-Acid_3 | AA1: L-Asparagine_3 | AB1: Tween-40_1 | AC1: I-Erythriol_1 | AD1: 2-Hydroxy-Benzoic-Acid_1 | AE1: Phenylalanine_1 | AF1: Tween-40_2 | AG1: I-Erythriol_2 | AH1: 2-Hydroxy-Benzoic-Acid_2 | AI1: Phenylalanine_2 | AJ1: Tween-40_3 | AK1: I-Erythriol_3 | AL1: 2-Hydroxy-Benzoic-Acid_3 | AM1: Phenylalanine_3 | AN1: Tween-80_1 | AO1: D-Mannitol_1 | AP1: 4-Hydroxy-Benzoic-Acid_1 | AQ1: L-Serine_1 | AR1: Tween-80_2 | AS1: D-Mannitol_2 | AT1: 4-Hydroxy-Benzoic-Acid_2 | AU1: L-Serine_2 | AV1: Tween-80_3 | AW1: D-Mannitol_3 | AX1: 4-Hydroxy-Benzoic-Acid_3 | AY1: L-Serine_3 | AZ1: Cyclodextrin_1 | BA1: N-Acetyl-D-Glucosamine_1 | BB1: Gamma-Amino-Butyric-Acid_1 | BC1: L-Threonine_1 | BD1: Cyclodextrin_2 | BE1: N-Acetyl-D-Glucosamine_2 | BF1: Gamma-Hydroxybutyric-Acid_2 | BG1: L-Threonine_2 | BH1: Cyclodextrin_3 | BI1: N-Acetyl-D-Glucosamine_3 | BJ1: Gamma-Hydroxybutyric-Acid_3 | BK1: L-Threonine_3 | BL1: Glycogen_1 | BM1: D-Glucosaminic-Acid_1 | BN1: Itaconic-Acid_1 | BO1: Glycyl-L-Glutamic-Acid_1 | BP1: Glycogen_2 | BQ1: D-Glucosaminic-Acid_2 | BR1: Itaconic-Acid_2 | BS1: Glycyl-L-Glutamic-Acid_2 | BT1: Glycogen_3 | BU1: D-Glucosaminic-Acid_3 | BV1: Itaconic-Acid_3 | BW1: Glycyl-L-Glutamic-Acid_3 | BX1: D-Cellobiose_1 | BY1: Glucose-1-Phosphate_1 | BZ1: Alpha-Ketobutyric-Acid_1 | CA1: Phenylethyl-amine_1 | CB1: D-Cellobiose_2 | CC1: Glucose-1-Phosphate_2 | CD1: Alpha-Ketobutyric-Acid_2 | CE1: Phenylethyl-amine_2 | CF1: D-Cellobiose_3 | CG1: Glucose-1-Phosphate_3 | CH1: Alpha-Ketobutyric-Acid_3 | CI1: Phenylethyl-amine_3 | CJ1: Alpha-D-Lactose_1 | CK1: D,L-Alpha-Glycerol-Phosphate_1 | CL1: D-Malic-Acid_1 | CM1: Putrescine_1 | CN1: Alpha-D-Lactose_2 | CO1: D,L-Alpha-Glycerol-Phosphate_2 | CP1: D-Malic-Acid_2 | CQ1: Putrescine_2 | CR1: Alpha-D-Lactose_3 | CS1: D,L-Alpha-Glycerol-Phosphate_3 | CT1: D-Malic-Acid_3 | CU1: Putrescine_3
A2: 6146 | B2: 8.1018519e-05 | C2: T0 | D2: 0.117 | E2: 0.125 | F2: 0.118 | G2: 0.116 | H2: 0.119 | I2: 0.119 | J2: 0.12 | K2: 0.116 | L2: 0.12 | M2: 0.206 | N2: 0.119 | O2: 0.122 | P2: 0.123 | Q2: 0.141 | R2: 0.118 | S2: 0.12 | T2: 0.117 | U2: 0.143 | V2: 0.116 | W2: 0.115 | X2: 0.119 | Y2: 0.146 | Z2: 0.115 | AA2: 0.115 | AB2: 0.169 | AC2: 0.117 | AD2: 0.12 | AE2: 0.119 | AF2: 0.191 | AG2: 0.117 | AH2: 0.121 | AI2: 0.115 | AJ2: 0.189 | AK2: 0.118 | AL2: 0.12 | AM2: 0.115 | AN2: 0.12 | AO2: 0.115 | AP2: 0.116 | AQ2: 0.115 | AR2: 0.12 | AS2: 0.117 | AT2: 0.114 | AU2: 0.182 | AV2: 0.123 | AW2: 0.113 | AX2: 0.115 | AY2: 0.171 | AZ2: 0.131 | BA2: 0.115 | BB2: 0.117 | BC2: 0.155 | BD2: 0.131 | BE2: 0.116 | BF2: 0.214 | BG2: 0.114 | BH2: 0.124 | BI2: 0.118 | BJ2: 0.186 | BK2: 0.115 | BL2: 0.121 | BM2: 0.119 | BN2: 0.118 | BO2: 0.121 | BP2: 0.122 | BQ2: 0.12 | BR2: 0.177 | BS2: 0.122 | BT2: 0.121 | BU2: 0.118 | BV2: 0.116 | BW2: 0.153 | BX2: 0.121 | BY2: 0.117 | BZ2: 0.114 | CA2: 0.119 | CB2: 0.118 | CC2: 0.116 | CD2: 0.116 | CE2: 0.134 | CF2: 0.117 | CG2: 0.116 | CH2: 0.116 | CI2: 0.124 | CJ2: 0.117 | CK2: 0.116 | CL2: 0.116 | CM2: 0.116 | CN2: 0.12 | CO2: 0.159 | CP2: 0.121 | CQ2: 0.118 | CR2: 0.116 | CS2: 0.118 | CT2: 0.118 | CU2: 0.118
A3: 6146 | B3: 0.78423611 | C3: T1 | D3: 0.151 | E3: 0.145 | F3: 0.2 | G3: 0.145 | H3: 0.14 | I3: 0.14 | J3: 0.182 | K3: 0.139 | L3: 0.154 | M3: 0.149 | N3: 0.164 | O3: 0.14 | P3: 0.256 | Q3: 0.151 | R3: 0.156 | S3: 0.251 | T3: 0.254 | U3: 0.151 | V3: 0.149 | W3: 0.292 | X3: 0.34 | Y3: 0.19 | Z3: 0.157 | AA3: 0.255 | AB3: 0.401 | AC3: 0.138 | AD3: 0.108 | AE3: 0.174 | AF3: 0.362 | AG3: 0.136 | AH3: 0.109 | AI3: 0.177 | AJ3: 0.402 | AK3: 0.154 | AL3: 0.145 | AM3: 0.165 | AN3: 0.277 | AO3: 0.325 | AP3: 0.172 | AQ3: 0.138 | AR3: 0.283 | AS3: 0.32 | AT3: 0.148 | AU3: 0.138 | AV3: 0.285 | AW3: 0.445 | AX3: 0.18 | AY3: 0.144 | AZ3: 0.144 | BA3: 0.157 | BB3: 0.179 | BC3: 0.138 | BD3: 0.147 | BE3: 0.172 | BF3: 0.187 | BG3: 0.129 | BH3: 0.149 | BI3: 0.186 | BJ3: 0.259 | BK3: 0.132 | BL3: 0.148 | BM3: 0.165 | BN3: 0.154 | BO3: 0.461 | BP3: 0.159 | BQ3: 0.165 | BR3: 0.147 | BS3: 0.473 | BT3: 0.158 | BU3: 0.148 | BV3: 0.158 | BW3: 0.308 | BX3: 0.152 | BY3: 0.138 | BZ3: 0.136 | CA3: 0.141 | CB3: 0.149 | CC3: 0.16 | CD3: 0.138 | CE3: 0.147 | CF3: 0.167 | CG3: 0.162 | CH3: 0.136 | CI3: 0.13 | CJ3: 0.137 | CK3: 0.142 | CL3: 0.187 | CM3: 0.167 | CN3: 0.139 | CO3: 0.146 | CP3: 0.184 | CQ3: 0.173 | CR3: 0.151 | CS3: 0.149 | CT3: 0.208 | CU3: 0.137
A4: 6146 | B4: 1.0240509 | C4: T2 | D4: 0.138 | E4: 0.144 | F4: 0.187 | G4: 0.138 | H4: 0.142 | I4: 0.141 | J4: 0.189 | K4: 0.138 | L4: 0.163 | M4: 0.14 | N4: 0.182 | O4: 0.142 | P4: 0.339 | Q4: 0.152 | R4: 0.154 | S4: 0.396 | T4: 0.359 | U4: 0.154 | V4: 0.156 | W4: 0.422 | X4: 0.366 | Y4: 0.174 | Z4: 0.153 | AA4: 0.362 | AB4: 0.483 | AC4: 0.136 | AD4: 0.107 | AE4: 0.202 | AF4: 0.486 | AG4: 0.136 | AH4: 0.109 | AI4: 0.192 | AJ4: 0.459 | AK4: 0.145 | AL4: 0.147 | AM4: 0.199 | AN4: 0.347 | AO4: 0.481 | AP4: 0.24 | AQ4: 0.141 | AR4: 0.377 | AS4: 0.482 | AT4: 0.171 | AU4: 0.147 | AV4: 0.379 | AW4: 0.446 | AX4: 0.223 | AY4: 0.139 | AZ4: 0.144 | BA4: 0.178 | BB4: 0.236 | BC4: 0.161 | BD4: 0.146 | BE4: 0.172 | BF4: 0.245 | BG4: 0.136 | BH4: 0.149 | BI4: 0.179 | BJ4: 0.235 | BK4: 0.136 | BL4: 0.149 | BM4: 0.147 | BN4: 0.149 | BO4: 0.499 | BP4: 0.154 | BQ4: 0.151 | BR4: 0.146 | BS4: 0.51 | BT4: 0.152 | BU4: 0.192 | BV4: 0.145 | BW4: 0.431 | BX4: 0.149 | BY4: 0.136 | BZ4: 0.144 | CA4: 0.133 | CB4: 0.15 | CC4: 0.135 | CD4: 0.149 | CE4: 0.134 | CF4: 0.195 | CG4: 0.177 | CH4: 0.147 | CI4: 0.129 | CJ4: 0.137 | CK4: 0.143 | CL4: 0.223 | CM4: 0.137 | CN4: 0.142 | CO4: 0.142 | CP4: 0.217 | CQ4: 0.14 | CR4: 0.138 | CS4: 0.14 | CT4: 0.216 | CU4: 0.138
A5: 6146 | B5: 1.7511806 | C5: T3 | D5: 0.143 | E5: 0.146 | F5: 0.263 | G5: 0.144 | H5: 0.145 | I5: 0.144 | J5: 0.269 | K5: 0.14 | L5: 0.173 | M5: 0.146 | N5: 0.263 | O5: 0.145 | P5: 0.929 | Q5: 0.198 | R5: 0.184 | S5: 0.811 | T5: 0.85 | U5: 0.165 | V5: 0.178 | W5: 0.837 | X5: 0.834 | Y5: 0.243 | Z5: 0.166 | AA5: 0.897 | AB5: 0.948 | AC5: 0.158 | AD5: 0.132 | AE5: 0.491 | AF5: 0.893 | AG5: 0.163 | AH5: 0.136 | AI5: 0.481 | AJ5: 0.875 | AK5: 0.163 | AL5: 0.159 | AM5: 0.479 | AN5: 0.668 | AO5: 0.968 | AP5: 0.333 | AQ5: 0.177 | AR5: 0.638 | AS5: 0.953 | AT5: 0.295 | AU5: 0.171 | AV5: 0.635 | AW5: 0.91 | AX5: 0.288 | AY5: 0.153 | AZ5: 0.147 | BA5: 0.463 | BB5: 0.697 | BC5: 0.164 | BD5: 0.179 | BE5: 0.504 | BF5: 0.716 | BG5: 0.187 | BH5: 0.186 | BI5: 0.517 | BJ5: 0.787 | BK5: 0.153 | BL5: 0.151 | BM5: 0.158 | BN5: 0.173 | BO5: 0.882 | BP5: 0.171 | BQ5: 0.193 | BR5: 0.205 | BS5: 0.914 | BT5: 0.19 | BU5: 0.206 | BV5: 0.217 | BW5: 0.886 | BX5: 0.151 | BY5: 0.14 | BZ5: 0.225 | CA5: 0.13 | CB5: 0.152 | CC5: 0.138 | CD5: 0.29 | CE5: 0.137 | CF5: 0.182 | CG5: 0.196 | CH5: 0.308 | CI5: 0.128 | CJ5: 0.142 | CK5: 0.148 | CL5: 0.646 | CM5: 0.142 | CN5: 0.145 | CO5: 0.147 | CP5: 0.641 | CQ5: 0.143 | CR5: 0.14 | CS5: 0.146 | CT5: 0.66 | CU5: 0.14
A6: 6146 | B6: 2.0846181 | C6: T4 | D6: 0.145 | E6: 0.146 | F6: 0.305 | G6: 0.142 | H6: 0.144 | I6: 0.143 | J6: 0.304 | K6: 0.141 | L6: 0.171 | M6: 0.144 | N6: 0.295 | O6: 0.143 | P6: 0.996 | Q6: 0.156 | R6: 0.16 | S6: 0.898 | T6: 0.942 | U6: 0.16 | V6: 0.166 | W6: 0.914 | X6: 0.898 | Y6: 0.227 | Z6: 0.159 | AA6: 0.999 | AB6: 1.016 | AC6: 0.142 | AD6: 0.104 | AE6: 0.582 | AF6: 1.125 | AG6: 0.142 | AH6: 0.105 | AI6: 0.531 | AJ6: 1.106 | AK6: 0.143 | AL6: 0.147 | AM6: 0.542 | AN6: 0.664 | AO6: 1.02 | AP6: 0.564 | AQ6: 0.154 | AR6: 0.669 | AS6: 0.996 | AT6: 0.318 | AU6: 0.156 | AV6: 0.673 | AW6: 0.942 | AX6: 0.357 | AY6: 0.153 | AZ6: 0.147 | BA6: 0.581 | BB6: 0.805 | BC6: 0.179 | BD6: 0.151 | BE6: 0.614 | BF6: 0.804 | BG6: 0.169 | BH6: 0.154 | BI6: 0.606 | BJ6: 0.857 | BK6: 0.165 | BL6: 0.154 | BM6: 0.163 | BN6: 0.19 | BO6: 0.923 | BP6: 0.154 | BQ6: 0.167 | BR6: 0.196 | BS6: 0.939 | BT6: 0.154 | BU6: 0.168 | BV6: 0.184 | BW6: 0.936 | BX6: 0.151 | BY6: 0.139 | BZ6: 0.301 | CA6: 0.128 | CB6: 0.153 | CC6: 0.138 | CD6: 0.378 | CE6: 0.13 | CF6: 0.149 | CG6: 0.14 | CH6: 0.32 | CI6: 0.127 | CJ6: 0.144 | CK6: 0.148 | CL6: 0.698 | CM6: 0.142 | CN6: 0.147 | CO6: 0.15 | CP6: 0.703 | CQ6: 0.145 | CR6: 0.142 | CS6: 0.148 | CT6: 0.718 | CU6: 0.14
A7: 6146 | B7: 2.7766898 | C7: T5 | D7: 0.146 | E7: 0.147 | F7: 0.648 | G7: 0.141 | H7: 0.149 | I7: 0.15 | J7: 0.629 | K7: 0.141 | L7: 0.176 | M7: 0.15 | N7: 0.579 | O7: 0.146 | P7: 1.257 | Q7: 0.156 | R7: 0.164 | S7: 1.062 | T7: 1.151 | U7: 0.159 | V7: 0.167 | W7: 1.052 | X7: 1.113 | Y7: 0.306 | Z7: 0.166 | AA7: 1.189 | AB7: 1.542 | AC7: 0.152 | AD7: 0.104 | AE7: 0.806 | AF7: 1.436 | AG7: 0.148 | AH7: 0.104 | AI7: 0.731 | AJ7: 1.41 | AK7: 0.149 | AL7: 0.143 | AM7: 0.857 | AN7: 0.669 | AO7: 1.118 | AP7: 0.626 | AQ7: 0.163 | AR7: 0.574 | AS7: 1.059 | AT7: 0.574 | AU7: 0.166 | AV7: 0.576 | AW7: 1.015 | AX7: 0.578 | AY7: 0.163 | AZ7: 0.193 | BA7: 0.767 | BB7: 0.987 | BC7: 0.213 | BD7: 0.157 | BE7: 0.772 | BF7: 0.993 | BG7: 0.222 | BH7: 0.155 | BI7: 0.765 | BJ7: 1.029 | BK7: 0.206 | BL7: 0.155 | BM7: 0.173 | BN7: 0.258 | BO7: 0.983 | BP7: 0.162 | BQ7: 0.179 | BR7: 0.257 | BS7: 0.996 | BT7: 0.159 | BU7: 0.184 | BV7: 0.247 | BW7: 1.077 | BX7: 0.155 | BY7: 0.143 | BZ7: 0.654 | CA7: 0.13 | CB7: 0.157 | CC7: 0.142 | CD7: 0.679 | CE7: 0.13 | CF7: 0.15 | CG7: 0.144 | CH7: 0.663 | CI7: 0.127 | CJ7: 0.161 | CK7: 0.157 | CL7: 1.028 | CM7: 0.147 | CN7: 0.155 | CO7: 0.152 | CP7: 1.027 | CQ7: 0.147 | CR7: 0.148 | CS7: 0.153 | CT7: 1.035 | CU7: 0.141
A8: 6146 | B8: 3.0177199 | C8: T6 | D8: 0.147 | E8: 0.147 | F8: 0.706 | G8: 0.143 | H8: 0.15 | I8: 0.15 | J8: 0.695 | K8: 0.144 | L8: 0.175 | M8: 0.15 | N8: 0.649 | O8: 0.156 | P8: 1.274 | Q8: 0.15 | R8: 0.164 | S8: 1.111 | T8: 1.173 | U8: 0.156 | V8: 0.171 | W8: 1.116 | X8: 1.142 | Y8: 0.358 | Z8: 0.169 | AA8: 1.249 | AB8: 1.667 | AC8: 0.152 | AD8: 0.103 | AE8: 0.839 | AF8: 1.639 | AG8: 0.149 | AH8: 0.103 | AI8: 0.765 | AJ8: 1.615 | AK8: 0.15 | AL8: 0.144 | AM8: 0.879 | AN8: 0.665 | AO8: 1.102 | AP8: 0.715 | AQ8: 0.167 | AR8: 0.568 | AS8: 1.064 | AT8: 0.653 | AU8: 0.166 | AV8: 0.593 | AW8: 1.096 | AX8: 0.659 | AY8: 0.168 | AZ8: 0.203 | BA8: 0.788 | BB8: 1.022 | BC8: 0.251 | BD8: 0.158 | BE8: 0.796 | BF8: 1.029 | BG8: 0.246 | BH8: 0.158 | BI8: 0.793 | BJ8: 1.053 | BK8: 0.226 | BL8: 0.154 | BM8: 0.176 | BN8: 0.287 | BO8: 0.981 | BP8: 0.161 | BQ8: 0.181 | BR8: 0.288 | BS8: 0.992 | BT8: 0.159 | BU8: 0.186 | BV8: 0.275 | BW8: 1.069 | BX8: 0.155 | BY8: 0.143 | BZ8: 0.678 | CA8: 0.13 | CB8: 0.159 | CC8: 0.144 | CD8: 0.695 | CE8: 0.13 | CF8: 0.157 | CG8: 0.146 | CH8: 0.685 | CI8: 0.128 | CJ8: 0.171 | CK8: 0.156 | CL8: 1.037 | CM8: 0.148 | CN8: 0.158 | CO8: 0.152 | CP8: 1.028 | CQ8: 0.147 | CR8: 0.152 | CS8: 0.155 | CT8: 1.045 | CU8: 0.154
A9: 6146 | B9: 5.9726157 | C9: T7 | D9: 0.159 | E9: 0.162 | F9: 1.161 | G9: 0.157 | H9: 0.168 | I9: 0.169 | J9: 1.286 | K9: 0.157 | L9: 0.183 | M9: 0.171 | N9: 1.157 | O9: 0.161 | P9: 1.143 | Q9: 0.142 | R9: 0.195 | S9: 1.754 | T9: 1.405 | U9: 0.177 | V9: 0.209 | W9: 1.331 | X9: 1.672 | Y9: 1.625 | Z9: 0.203 | AA9: 1.986 | AB9: 1.403 | AC9: 0.176 | AD9: 0.101 | AE9: 1.066 | AF9: 1.79 | AG9: 0.17 | AH9: 0.1 | AI9: 0.964 | AJ9: 2.42 | AK9: 0.181 | AL9: 0.134 | AM9: 1.044 | AN9: 0.641 | AO9: 0.817 | AP9: 0.789 | AQ9: 0.235 | AR9: 0.618 | AS9: 0.822 | AT9: 0.763 | AU9: 0.23 | AV9: 0.585 | AW9: 0.798 | AX9: 0.798 | AY9: 0.22 | AZ9: 0.256 | BA9: 0.839 | BB9: 1.148 | BC9: 1.313 | BD9: 0.187 | BE9: 0.817 | BF9: 1.108 | BG9: 1.321 | BH9: 0.183 | BI9: 0.846 | BJ9: 1.195 | BK9: 1.28 | BL9: 0.17 | BM9: 0.228 | BN9: 1.122 | BO9: 0.95 | BP9: 0.175 | BQ9: 0.234 | BR9: 1.135 | BS9: 0.796 | BT9: 0.173 | BU9: 0.239 | BV9: 1.182 | BW9: 0.674 | BX9: 0.179 | BY9: 0.156 | BZ9: 0.837 | CA9: 0.13 | CB9: 0.192 | CC9: 0.157 | CD9: 0.758 | CE9: 0.13 | CF9: 0.18 | CG9: 0.161 | CH9: 0.746 | CI9: 0.128 | CJ9: 1.395 | CK9: 0.176 | CL9: 1.424 | CM9: 0.161 | CN9: 1.143 | CO9: 0.172 | CP9: 1.47 | CQ9: 0.165 | CR9: 1.235 | CS9: 0.177 | CT9: 1.466 | CU9: 0.166
A10: 6146 | B10: 7.8131134 | C10: T8 | D10: 0.167 | E10: 0.168 | F10: 1.752 | G10: 0.163 | H10: 0.178 | I10: 0.18 | J10: 1.363 | K10: 0.162 | L10: 0.182 | M10: 0.187 | N10: 1.315 | O10: 0.195 | P10: 1.44 | Q10: 0.136 | R10: 0.234 | S10: 2.286 | T10: 1.131 | U10: 0.473 | V10: 0.247 | W10: 1.641 | X10: 1.256 | Y10: 2.096 | Z10: 0.238 | AA10: 1.79 | AB10: 1.814 | AC10: 0.182 | AD10: 0.1 | AE10: 1.26 | AF10: 2.52 | AG10: 0.177 | AH10: 0.099 | AI10: 1.241 | AJ10: 2.478 | AK10: 0.189 | AL10: 0.122 | AM10: 1.313 | AN10: 1.018 | AO10: 0.902 | AP10: 0.671 | AQ10: 0.297 | AR10: 0.61 | AS10: 0.827 | AT10: 0.727 | AU10: 0.288 | AV10: 0.715 | AW10: 0.837 | AX10: 0.769 | AY10: 0.262 | AZ10: 0.3 | BA10: 0.838 | BB10: 1.29 | BC10: 1.482 | BD10: 0.188 | BE10: 1.827 | BF10: 1.341 | BG10: 1.335 | BH10: 0.183 | BI10: 1.073 | BJ10: 1.408 | BK10: 1.556 | BL10: 0.168 | BM10: 0.27 | BN10: 1.227 | BO10: 0.59 | BP10: 0.173 | BQ10: 0.275 | BR10: 1.243 | BS10: 0.783 | BT10: 0.171 | BU10: 0.274 | BV10: 1.304 | BW10: 1.01 | BX10: 0.198 | BY10: 0.161 | BZ10: 0.765 | CA10: 0.142 | CB10: 0.211 | CC10: 0.159 | CD10: 1.052 | CE10: 0.123 | CF10: 0.195 | CG10: 0.162 | CH10: 0.785 | CI10: 0.121 | CJ10: 2.062 | CK10: 0.184 | CL10: 1.399 | CM10: 0.166 | CN10: 2.113 | CO10: 0.177 | CP10: 1.413 | CQ10: 0.165 | CR10: 1.849 | CS10: 0.18 | CT10: 1.49 | CU10: 0.191
A11: 6147 | B11: 8.1018519e-05 | C11: T0 | D11: 0.118 | E11: 0.115 | F11: 0.112 | G11: 0.113 | H11: 0.112 | I11: 0.116 | J11: 0.115 | K11: 0.118 | L11: 0.115 | M11: 0.116 | N11: 0.117 | O11: 0.114 | P11: 0.114 | Q11: 0.129 | R11: 0.117 | S11: 0.114 | T11: 0.116 | U11: 0.139 | V11: 0.119 | W11: 0.115 | X11: 0.112 | Y11: 0.139 | Z11: 0.117 | AA11: 0.118 | AB11: 0.194 | AC11: 0.111 | AD11: 0.12 | AE11: 0.125 | AF11: 0.206 | AG11: 0.111 | AH11: 0.12 | AI11: 0.115 | AJ11: 0.207 | AK11: 0.114 | AL11: 0.113 | AM11: 0.172 | AN11: 0.118 | AO11: 0.449 | AP11: 0.11 | AQ11: 0.113 | AR11: 0.119 | AS11: 0.114 | AT11: 0.117 | AU11: 0.117 | AV11: 0.121 | AW11: 0.17 | AX11: 0.115 | AY11: 0.113 | AZ11: 0.118 | BA11: 0.116 | BB11: 0.112 | BC11: 0.113 | BD11: 0.123 | BE11: 0.121 | BF11: 0.119 | BG11: 0.119 | BH11: 0.129 | BI11: 0.121 | BJ11: 0.114 | BK11: 0.119 | BL11: 0.12 | BM11: 0.113 | BN11: 0.111 | BO11: 0.116 | BP11: 0.121 | BQ11: 0.113 | BR11: 0.112 | BS11: 0.117 | BT11: 0.118 | BU11: 0.123 | BV11: 0.112 | BW11: 0.184 | BX11: 0.124 | BY11: 0.121 | BZ11: 0.113 | CA11: 0.136 | CB11: 0.116 | CC11: 0.117 | CD11: 0.112 | CE11: 0.12 | CF11: 0.118 | CG11: 0.115 | CH11: 0.112 | CI11: 0.122 | CJ11: 0.19 | CK11: 0.119 | CL11: 0.113 | CM11: 0.112 | CN11: 0.117 | CO11: 0.121 | CP11: 0.114 | CQ11: 0.728 | CR11: 0.117 | CS11: 0.122 | CT11: 0.119 | CU11: 0.115
A12: 6147 | B12: 0.78394676 | C12: T1 | D12: 0.135 | E12: 0.164 | F12: 0.118 | G12: 0.129 | H12: 0.129 | I12: 0.162 | J12: 0.125 | K12: 0.132 | L12: 0.126 | M12: 0.169 | N12: 0.127 | O12: 0.127 | P12: 0.121 | Q12: 0.135 | R12: 0.28 | S12: 0.116 | T12: 0.126 | U12: 0.147 | V12: 0.335 | W12: 0.124 | X12: 0.12 | Y12: 0.149 | Z12: 0.352 | AA12: 0.121 | AB12: 0.176 | AC12: 0.133 | AD12: 0.108 | AE12: 0.141 | AF12: 0.207 | AG12: 0.124 | AH12: 0.112 | AI12: 0.129 | AJ12: 0.2 | AK12: 0.128 | AL12: 0.11 | AM12: 0.128 | AN12: 0.136 | AO12: 0.149 | AP12: 0.119 | AQ12: 0.128 | AR12: 0.139 | AS12: 0.127 | AT12: 0.126 | AU12: 0.132 | AV12: 0.138 | AW12: 0.127 | AX12: 0.127 | AY12: 0.13 | AZ12: 0.208 | BA12: 0.159 | BB12: 0.124 | BC12: 0.117 | BD12: 0.211 | BE12: 0.172 | BF12: 0.127 | BG12: 0.129 | BH12: 0.223 | BI12: 0.161 | BJ12: 0.126 | BK12: 0.128 | BL12: 0.239 | BM12: 0.122 | BN12: 0.121 | BO12: 0.18 | BP12: 0.214 | BQ12: 0.132 | BR12: 0.123 | BS12: 0.208 | BT12: 0.214 | BU12: 0.136 | BV12: 0.129 | BW12: 0.181 | BX12: 0.168 | BY12: 0.138 | BZ12: 0.127 | CA12: 0.137 | CB12: 0.154 | CC12: 0.14 | CD12: 0.126 | CE12: 0.133 | CF12: 0.167 | CG12: 0.142 | CH12: 0.127 | CI12: 0.136 | CJ12: 0.147 | CK12: 0.141 | CL12: 0.121 | CM12: 0.127 | CN12: 0.146 | CO12: 0.146 | CP12: 0.124 | CQ12: 0.253 | CR12: 0.151 | CS12: 0.136 | CT12: 0.126 | CU12: 0.121
A13: 6147 | B13: 1.0233681 | C13: T2 | D13: 0.134 | E13: 0.164 | F13: 0.118 | G13: 0.133 | H13: 0.124 | I13: 0.156 | J13: 0.126 | K13: 0.136 | L13: 0.123 | M13: 0.164 | N13: 0.125 | O13: 0.129 | P13: 0.129 | Q13: 0.135 | R13: 0.286 | S13: 0.115 | T13: 0.122 | U13: 0.151 | V13: 0.288 | W13: 0.116 | X13: 0.12 | Y13: 0.145 | Z13: 0.336 | AA13: 0.121 | AB13: 0.187 | AC13: 0.127 | AD13: 0.108 | AE13: 0.139 | AF13: 0.22 | AG13: 0.124 | AH13: 0.113 | AI13: 0.129 | AJ13: 0.201 | AK13: 0.131 | AL13: 0.109 | AM13: 0.127 | AN13: 0.137 | AO13: 0.135 | AP13: 0.119 | AQ13: 0.124 | AR13: 0.14 | AS13: 0.123 | AT13: 0.127 | AU13: 0.132 | AV13: 0.139 | AW13: 0.129 | AX13: 0.122 | AY13: 0.121 | AZ13: 0.201 | BA13: 0.155 | BB13: 0.122 | BC13: 0.117 | BD13: 0.204 | BE13: 0.159 | BF13: 0.126 | BG13: 0.127 | BH13: 0.211 | BI13: 0.161 | BJ13: 0.122 | BK13: 0.121 | BL13: 0.229 | BM13: 0.135 | BN13: 0.122 | BO13: 0.172 | BP13: 0.21 | BQ13: 0.128 | BR13: 0.125 | BS13: 0.173 | BT13: 0.208 | BU13: 0.132 | BV13: 0.122 | BW13: 0.172 | BX13: 0.166 | BY13: 0.142 | BZ13: 0.129 | CA13: 0.133 | CB13: 0.149 | CC13: 0.146 | CD13: 0.132 | CE13: 0.13 | CF13: 0.158 | CG13: 0.138 | CH13: 0.126 | CI13: 0.131 | CJ13: 0.149 | CK13: 0.148 | CL13: 0.122 | CM13: 0.126 | CN13: 0.15 | CO13: 0.141 | CP13: 0.123 | CQ13: 0.194 | CR13: 0.142 | CS13: 0.137 | CT13: 0.125 | CU13: 0.121
... A127: 6551 | B127: 1.8000926 | C127: T3 | D127: 0.324 | E127: 0.352 | F127: 1.902 | G127: 1.163 | H127: 0.292 | I127: 0.144 | J127: 1.628 | K127: 1.188 | L127: 0.354 | M127: 0.38 | N127: 1.799 | O127: 1.167 | P127: 0.796 | Q127: 0.975 | R127: 1.424 | S127: 1.472 | T127: 2.006 | U127: 1.625 | V127: 1.321 | W127: 2.693 | X127: 2.124 | Y127: 1.282 | Z127: 1.565 | AA127: 3.005 | AB127: 1.32 | AC127: 0.345 | AD127: 0.342 | AE127: 0.362 | AF127: 1.702 | AG127: 0.342 | AH127: 0.31 | AI127: 0.352 | AJ127: 1.653 | AK127: 0.335 | AL127: 0.318 | AM127: 0.348 | AN127: 1.728 | AO127: 2.716 | AP127: 1.868 | AQ127: 0.358 | AR127: 1.699 | AS127: 3.443 | AT127: 2.278 | AU127: 0.365 | AV127: 1.801 | AW127: 3.479 | AX127: 1.442 | AY127: 0.296 | AZ127: 0.339 | BA127: 0.348 | BB127: 1.832 | BC127: 0.351 | BD127: 0.325 | BE127: 0.335 | BF127: 1.958 | BG127: 0.32 | BH127: 0.325 | BI127: 0.344 | BJ127: 1.955 | BK127: 0.282 | BL127: 0.343 | BM127: 1.286 | BN127: 2.655 | BO127: 0.354 | BP127: 0.353 | BQ127: 1.235 | BR127: 2.662 | BS127: 0.357 | BT127: 0.353 | BU127: 1.05 | BV127: 2.412 | BW127: 0.314 | BX127: 0.346 | BY127: 0.331 | BZ127: 0.341 | CA127: 0.344 | CB127: 0.351 | CC127: 0.341 | CD127: 0.339 | CE127: 0.349 | CF127: 0.356 | CG127: 0.337 | CH127: 0.333 | CI127: 0.298 | CJ127: 0.314 | CK127: 0.918 | CL127: 1.54 | CM127: 0.439 | CN127: 0.344 | CO127: 1.009 | CP127: 2.03 | CQ127: 0.517 | CR127: 0.349 | CS127: 0.805 | CT127: 1.503 | CU127: 0.266
A128: 6551 | B128: 2.0807986 | C128: T4 | D128: 0.132 | E128: 0.135 | F128: 1.685 | G128: 0.966 | H128: 0.135 | I128: 0.135 | J128: 1.599 | K128: 1.065 | L128: 0.122 | M128: 0.129 | N128: 1.546 | O128: 0.949 | P128: 1.229 | Q128: 0.98 | R128: 1.27 | S128: 1.21 | T128: 1.869 | U128: 1.491 | V128: 1.167 | W128: 2.83 | X128: 1.957 | Y128: 1.106 | Z128: 1.4 | AA128: 1.575 | AB128: 1.432 | AC128: 0.202 | AD128: 0.214 | AE128: 0.301 | AF128: 1.809 | AG128: 0.202 | AH128: 0.109 | AI128: 0.273 | AJ128: 1.819 | AK128: 0.242 | AL128: 0.106 | AM128: 0.134 | AN128: 1.719 | AO128: OVRFLW | AP128: 1.958 | AQ128: 0.295 | AR128: 1.891 | AS128: 3.64 | AT128: 2.336 | AU128: 0.303 | AV128: 1.922 | AW128: 3.669 | AX128: 1.383 | AY128: 0.151 | AZ128: 0.13 | BA128: 0.232 | BB128: 2.181 | BC128: 0.13 | BD128: 0.244 | BE128: 0.28 | BF128: 2.058 | BG128: 0.247 | BH128: 0.27 | BI128: 0.273 | BJ128: 1.894 | BK128: 0.12 | BL128: 0.14 | BM128: 1.222 | BN128: 2.572 | BO128: 0.289 | BP128: 0.279 | BQ128: 1.087 | BR128: 2.434 | BS128: 0.279 | BT128: 0.304 | BU128: 1.101 | BV128: 2.278 | BW128: 0.139 | BX128: 0.132 | BY128: 0.143 | BZ128: 0.219 | CA128: 0.177 | CB128: 0.165 | CC128: 0.249 | CD128: 0.198 | CE128: 0.18 | CF128: 0.216 | CG128: 0.141 | CH128: 0.132 | CI128: 0.125 | CJ128: 0.127 | CK128: 0.604 | CL128: 1.111 | CM128: 0.27 | CN128: 0.124 | CO128: 0.838 | CP128: 1.783 | CQ128: 0.293 | CR128: 0.125 | CS128: 0.561 | CT128: 1.273 | CU128: 0.348
A129: 6551 | B129: 2.7838657 | C129: T5 | D129: 0.15 | E129: 0.155 | F129: 1.645 | G129: 1.246 | H129: 0.133 | I129: 0.127 | J129: 1.555 | K129: 1.319 | L129: 0.119 | M129: 0.122 | N129: 1.52 | O129: 0.908 | P129: 1.304 | Q129: 2.162 | R129: 1.55 | S129: 1.248 | T129: 1.806 | U129: 2.005 | V129: 1.806 | W129: 3.006 | X129: 1.826 | Y129: 1.452 | Z129: 1.521 | AA129: 1.981 | AB129: 1.395 | AC129: 0.141 | AD129: 0.115 | AE129: 0.151 | AF129: 1.609 | AG129: 0.141 | AH129: 0.109 | AI129: 0.143 | AJ129: 1.431 | AK129: 0.138 | AL129: 0.107 | AM129: 0.13 | AN129: 1.652 | AO129: OVRFLW | AP129: 1.879 | AQ129: 0.166 | AR129: 1.781 | AS129: 3.781 | AT129: 2.571 | AU129: 0.168 | AV129: 1.871 | AW129: 3.827 | AX129: 1.426 | AY129: 0.153 | AZ129: 0.13 | BA129: 0.143 | BB129: 3.387 | BC129: 0.133 | BD129: 0.145 | BE129: 0.142 | BF129: 2.307 | BG129: 0.134 | BH129: 0.141 | BI129: 0.136 | BJ129: 2.814 | BK129: 0.116 | BL129: 0.14 | BM129: 1.454 | BN129: 2.329 | BO129: 0.154 | BP129: 0.164 | BQ129: 1.365 | BR129: 2.215 | BS129: 0.172 | BT129: 0.154 | BU129: 1.277 | BV129: 2.219 | BW129: 0.144 | BX129: 0.132 | BY129: 0.149 | BZ129: 0.137 | CA129: 0.144 | CB129: 0.143 | CC129: 0.144 | CD129: 0.124 | CE129: 0.127 | CF129: 0.144 | CG129: 0.137 | CH129: 0.142 | CI129: 0.124 | CJ129: 0.127 | CK129: 0.621 | CL129: 1.798 | CM129: 0.433 | CN129: 0.129 | CO129: 0.841 | CP129: 1.819 | CQ129: 0.373 | CR129: 0.122 | CS129: 0.573 | CT129: 1.372 | CU129: 0.566
A130: 6551 | B130: 3.0349074 | C130: T6 | D130: 0.196 | E130: 0.229 | F130: 1.722 | G130: 1.04 | H130: 0.17 | I130: 0.132 | J130: 1.576 | K130: 1.468 | L130: 0.191 | M130: 0.217 | N130: 1.629 | O130: 0.967 | P130: 1.536 | Q130: 1.948 | R130: 1.616 | S130: 1.389 | T130: 1.809 | U130: 2.327 | V130: 1.893 | W130: 2.917 | X130: 1.831 | Y130: 1.658 | Z130: 1.662 | AA130: 1.406 | AB130: 1.586 | AC130: 0.212 | AD130: 0.186 | AE130: 0.214 | AF130: 1.65 | AG130: 0.196 | AH130: 0.18 | AI130: 0.208 | AJ130: 1.533 | AK130: 0.193 | AL130: 0.196 | AM130: 0.138 | AN130: 1.594 | AO130: OVRFLW | AP130: 1.948 | AQ130: 0.238 | AR130: 1.869 | AS130: 3.818 | AT130: 2.543 | AU130: 0.25 | AV130: 1.924 | AW130: 3.882 | AX130: 1.904 | AY130: 0.167 | AZ130: 0.193 | BA130: 0.21 | BB130: 2.492 | BC130: 0.197 | BD130: 0.193 | BE130: 0.204 | BF130: 2.433 | BG130: 0.197 | BH130: 0.206 | BI130: 0.208 | BJ130: 3.061 | BK130: 0.119 | BL130: 0.197 | BM130: 1.151 | BN130: 2.34 | BO130: 0.225 | BP130: 0.243 | BQ130: 1.551 | BR130: 2.264 | BS130: 0.237 | BT130: 0.216 | BU130: 1.416 | BV130: 2.316 | BW130: 0.222 | BX130: 0.195 | BY130: 0.221 | BZ130: 0.209 | CA130: 0.211 | CB130: 0.215 | CC130: 0.207 | CD130: 0.206 | CE130: 0.205 | CF130: 0.222 | CG130: 0.239 | CH130: 0.25 | CI130: 0.255 | CJ130: 0.17 | CK130: 0.729 | CL130: 1.917 | CM130: 0.667 | CN130: 0.194 | CO130: 0.627 | CP130: 1.8 | CQ130: 0.633 | CR130: 0.221 | CS130: 0.743 | CT130: 1.271 | CU130: 1.125
A131: 6551 | B131: 5.9722338 | C131: T7 | D131: 0.139 | E131: 0.283 | F131: 1.569 | G131: 3.461 | H131: 0.138 | I131: 0.134 | J131: 1.446 | K131: 2.994 | L131: 0.19 | M131: 0.23 | N131: 1.589 | O131: 1.376 | P131: 1.368 | Q131: 2.553 | R131: 2.062 | S131: 2.221 | T131: 1.79 | U131: 2.963 | V131: 2.405 | W131: 2.646 | X131: 1.738 | Y131: 2.363 | Z131: 1.165 | AA131: 1.646 | AB131: 0.941 | AC131: 0.291 | AD131: 0.258 | AE131: 0.291 | AF131: 1.167 | AG131: 0.281 | AH131: 0.261 | AI131: 0.285 | AJ131: 1.583 | AK131: 0.268 | AL131: 0.257 | AM131: 0.138 | AN131: 0.998 | AO131: OVRFLW | AP131: 2.039 | AQ131: 0.396 | AR131: 1.559 | AS131: 3.669 | AT131: 2.805 | AU131: 0.446 | AV131: 1.427 | AW131: 3.775 | AX131: 0.888 | AY131: 0.252 | AZ131: 0.257 | BA131: 0.288 | BB131: 1.902 | BC131: 0.284 | BD131: 0.27 | BE131: 0.308 | BF131: 2.492 | BG131: 0.285 | BH131: 0.281 | BI131: 0.284 | BJ131: 1.969 | BK131: 0.117 | BL131: 0.245 | BM131: 0.859 | BN131: 2.718 | BO131: 0.337 | BP131: 0.291 | BQ131: 2.106 | BR131: 2.301 | BS131: 0.421 | BT131: 0.283 | BU131: 1.44 | BV131: 2.146 | BW131: 0.289 | BX131: 0.208 | BY131: 0.301 | BZ131: 0.287 | CA131: 0.274 | CB131: 0.284 | CC131: 0.325 | CD131: 0.293 | CE131: 0.281 | CF131: 0.308 | CG131: 0.311 | CH131: 0.329 | CI131: 0.294 | CJ131: 0.127 | CK131: 0.717 | CL131: 1.021 | CM131: 1.317 | CN131: 0.131 | CO131: 0.615 | CP131: 1.847 | CQ131: 1.268 | CR131: 0.178 | CS131: 0.729 | CT131: 0.93 | CU131: 0.888
A132: 6551 | B132: 7.8262269 | C132: T8 | D132: 0.22 | E132: 0.274 | F132: 1.593 | G132: OVRFLW | H132: 0.248 | I132: 0.157 | J132: 1.454 | K132: 2.984 | L132: 0.257 | M132: 0.262 | N132: 1.876 | O132: 1.285 | P132: 1.354 | Q132: 2.708 | R132: 2.015 | S132: 2.136 | T132: 1.613 | U132: 3.183 | V132: 2.332 | W132: 2.631 | X132: 1.673 | Y132: 2.497 | Z132: 1.304 | AA132: 1.7 | AB132: 1.011 | AC132: 0.266 | AD132: 0.235 | AE132: 0.269 | AF132: 1.734 | AG132: 0.271 | AH132: 0.228 | AI132: 0.252 | AJ132: 1.391 | AK132: 0.283 | AL132: 0.241 | AM132: 0.212 | AN132: 1.006 | AO132: 3.522 | AP132: 2.016 | AQ132: 0.459 | AR132: 2.511 | AS132: 3.558 | AT132: 1.911 | AU132: 0.555 | AV132: 2.375 | AW132: 3.663 | AX132: 2.103 | AY132: 0.438 | AZ132: 0.225 | BA132: 0.253 | BB132: 1.929 | BC132: 0.242 | BD132: 0.235 | BE132: 0.249 | BF132: 2.401 | BG132: 0.25 | BH132: 0.26 | BI132: 0.253 | BJ132: 1.67 | BK132: 0.171 | BL132: 0.267 | BM132: 0.976 | BN132: 0.622 | BO132: 0.333 | BP132: 0.253 | BQ132: 1.983 | BR132: 1.942 | BS132: 0.348 | BT132: 0.257 | BU132: 1.422 | BV132: 2.699 | BW132: 0.406 | BX132: 0.235 | BY132: 0.276 | BZ132: 0.26 | CA132: 0.244 | CB132: 0.253 | CC132: 0.268 | CD132: 0.257 | CE132: 0.242 | CF132: 0.256 | CG132: 0.268 | CH132: 0.275 | CI132: 0.27 | CJ132: 0.219 | CK132: 0.624 | CL132: 1.777 | CM132: 1.438 | CN132: 0.273 | CO132: 0.733 | CP132: 1.897 | CQ132: 1.375 | CR132: 0.288 | CS132: 0.738 | CT132: 1.057 | CU132: 0.758
A133: 6593 | B133: 8.1018519e-05 | C133: T0 | D133: 0.109 | E133: 0.22 | F133: 0.192 | G133: 0.161 | H133: 0.132 | I133: 0.11 | J133: 0.111 | K133: 0.114 | L133: 0.163 | M133: 0.114 | N133: 0.15 | O133: 0.115 | P133: 0.142 | Q133: 0.317 | R133: 0.265 | S133: 0.3 | T133: 0.21 | U133: 0.33 | V133: 0.273 | W133: 0.294 | X133: 0.286 | Y133: 0.32 | Z133: 0.267 | AA133: 0.108 | AB133: 0.163 | AC133: 0.293 | AD133: 0.213 | AE133: 0.298 | AF133: 0.32 | AG133: 0.316 | AH133: 0.309 | AI133: 0.309 | AJ133: 0.302 | AK133: 0.292 | AL133: 0.174 | AM133: 0.131 | AN133: 0.137 | AO133: 0.293 | AP133: 0.232 | AQ133: 0.265 | AR133: 0.319 | AS133: 0.309 | AT133: 0.309 | AU133: 0.299 | AV133: 0.314 | AW133: 0.283 | AX133: 0.227 | AY133: 0.109 | AZ133: 0.141 | BA133: 0.285 | BB133: 0.272 | BC133: 0.241 | BD133: 0.301 | BE133: 0.302 | BF133: 0.292 | BG133: 0.309 | BH133: 0.314 | BI133: 0.292 | BJ133: 0.297 | BK133: 0.11 | BL133: 0.113 | BM133: 0.28 | BN133: 0.292 | BO133: 0.267 | BP133: 0.28 | BQ133: 0.274 | BR133: 0.289 | BS133: 0.338 | BT133: 0.289 | BU133: 0.284 | BV133: 0.268 | BW133: 0.109 | BX133: 0.114 | BY133: 0.258 | BZ133: 0.269 | CA133: 0.228 | CB133: 0.26 | CC133: 0.269 | CD133: 0.263 | CE133: 0.289 | CF133: 0.284 | CG133: 0.274 | CH133: 0.241 | CI133: 0.122 | CJ133: 0.11 | CK133: 0.198 | CL133: 0.215 | CM133: 0.185 | CN133: 0.187 | CO133: 0.157 | CP133: 0.249 | CQ133: 0.209 | CR133: 0.226 | CS133: 0.211 | CT133: 0.219 | CU133: 0.113
A134: 6593 | B134: 0.78861111 | C134: T1 | D134: 0.108 | E134: 0.135 | F134: 0.118 | G134: 0.108 | H134: 0.112 | I134: 0.111 | J134: 0.112 | K134: 0.108 | L134: 0.107 | M134: 0.111 | N134: 0.141 | O134: 0.112 | P134: 0.114 | Q134: 0.156 | R134: 0.124 | S134: 0.113 | T134: 0.11 | U134: 0.133 | V134: 0.109 | W134: 0.119 | X134: 0.123 | Y134: 0.147 | Z134: 0.121 | AA134: 0.108 | AB134: 0.124 | AC134: 0.125 | AD134: 0.113 | AE134: 0.128 | AF134: 0.119 | AG134: 0.125 | AH134: 0.122 | AI134: 0.12 | AJ134: 0.129 | AK134: 0.118 | AL134: 0.115 | AM134: 0.105 | AN134: 0.119 | AO134: 0.138 | AP134: 0.115 | AQ134: 0.126 | AR134: 0.13 | AS134: 0.128 | AT134: 0.128 | AU134: 0.126 | AV134: 0.131 | AW134: 0.129 | AX134: 0.118 | AY134: 0.11 | AZ134: 0.117 | BA134: 0.134 | BB134: 0.128 | BC134: 0.126 | BD134: 0.132 | BE134: 0.122 | BF134: 0.129 | BG134: 0.121 | BH134: 0.132 | BI134: 0.122 | BJ134: 0.118 | BK134: 0.11 | BL134: 0.121 | BM134: 0.127 | BN134: 0.13 | BO134: 0.128 | BP134: 0.129 | BQ134: 0.121 | BR134: 0.126 | BS134: 0.134 | BT134: 0.133 | BU134: 0.127 | BV134: 0.131 | BW134: 0.11 | BX134: 0.119 | BY134: 0.129 | BZ134: 0.123 | CA134: 0.127 | CB134: 0.118 | CC134: 0.121 | CD134: 0.117 | CE134: 0.119 | CF134: 0.122 | CG134: 0.131 | CH134: 0.139 | CI134: 0.118 | CJ134: 0.116 | CK134: 0.131 | CL134: 0.124 | CM134: 0.113 | CN134: 0.11 | CO134: 0.111 | CP134: 0.111 | CQ134: 0.111 | CR134: 0.113 | CS134: 0.112 | CT134: 0.124 | CU134: 0.121
A135: 6593 | B135: 1.0293866 | C135: T2 | D135: 0.111 | E135: 0.106 | F135: 0.108 | G135: 0.104 | H135: 0.112 | I135: 0.111 | J135: 0.115 | K135: 0.104 | L135: 0.111 | M135: 0.116 | N135: 0.151 | O135: 0.112 | P135: 0.108 | Q135: 0.15 | R135: 0.115 | S135: 0.133 | T135: 0.116 | U135: 0.138 | V135: 0.113 | W135: 0.125 | X135: 0.131 | Y135: 0.156 | Z135: 0.142 | AA135: 0.11 | AB135: 0.112 | AC135: 0.126 | AD135: 0.126 | AE135: 0.134 | AF135: 0.141 | AG135: 0.128 | AH135: 0.14 | AI135: 0.135 | AJ135: 0.138 | AK135: 0.129 | AL135: 0.131 | AM135: 0.106 | AN135: 0.114 | AO135: 0.132 | AP135: 0.119 | AQ135: 0.135 | AR135: 0.135 | AS135: 0.135 | AT135: 0.131 | AU135: 0.129 | AV135: 0.134 | AW135: 0.134 | AX135: 0.122 | AY135: 0.104 | AZ135: 0.115 | BA135: 0.136 | BB135: 0.133 | BC135: 0.133 | BD135: 0.135 | BE135: 0.129 | BF135: 0.133 | BG135: 0.131 | BH135: 0.139 | BI135: 0.134 | BJ135: 0.129 | BK135: 0.112 | BL135: 0.123 | BM135: 0.144 | BN135: 0.136 | BO135: 0.132 | BP135: 0.137 | BQ135: 0.128 | BR135: 0.133 | BS135: 0.135 | BT135: 0.139 | BU135: 0.13 | BV135: 0.128 | BW135: 0.11 | BX135: 0.111 | BY135: 0.141 | BZ135: 0.136 | CA135: 0.13 | CB135: 0.133 | CC135: 0.134 | CD135: 0.142 | CE135: 0.133 | CF135: 0.125 | CG135: 0.125 | CH135: 0.12 | CI135: 0.113 | CJ135: 0.105 | CK135: 0.105 | CL135: 0.108 | CM135: 0.103 | CN135: 0.111 | CO135: 0.105 | CP135: 0.105 | CQ135: 0.103 | CR135: 0.104 | CS135: 0.102 | CT135: 0.109 | CU135: 0.112
A136: 6593 | B136: 1.8021065 | C136: T3 | D136: 0.212 | E136: 0.245 | F136: 0.234 | G136: 0.244 | H136: 0.222 | I136: 0.145 | J136: 0.173 | K136: 0.244 | L136: 0.281 | M136: 0.314 | N136: 0.366 | O136: 0.346 | P136: 0.214 | Q136: 0.284 | R136: 0.246 | S136: 0.253 | T136: 0.25 | U136: 0.259 | V136: 0.236 | W136: 0.253 | X136: 0.287 | Y136: 0.292 | Z136: 0.298 | AA136: 0.338 | AB136: 0.259 | AC136: 0.25 | AD136: 0.262 | AE136: 0.235 | AF136: 0.266 | AG136: 0.231 | AH136: 0.243 | AI136: 0.241 | AJ136: 0.283 | AK136: 0.242 | AL136: 0.315 | AM136: 0.33 | AN136: 0.281 | AO136: 0.244 | AP136: 0.229 | AQ136: 0.244 | AR136: 0.267 | AS136: 0.236 | AT136: 0.226 | AU136: 0.245 | AV136: 0.273 | AW136: 0.246 | AX136: 0.275 | AY136: 0.329 | AZ136: 0.145 | BA136: 0.245 | BB136: 0.234 | BC136: 0.23 | BD136: 0.269 | BE136: 0.238 | BF136: 0.219 | BG136: 0.23 | BH136: 0.236 | BI136: 0.235 | BJ136: 0.268 | BK136: 0.309 | BL136: 0.21 | BM136: 0.261 | BN136: 0.236 | BO136: 0.225 | BP136: 0.239 | BQ136: 0.207 | BR136: 0.229 | BS136: 0.222 | BT136: 0.263 | BU136: 0.254 | BV136: 0.247 | BW136: 0.258 | BX136: 0.244 | BY136: 0.257 | BZ136: 0.254 | CA136: 0.231 | CB136: 0.239 | CC136: 0.23 | CD136: 0.244 | CE136: 0.236 | CF136: 0.232 | CG136: 0.23 | CH136: 0.239 | CI136: 0.256 | CJ136: 0.249 | CK136: 0.259 | CL136: 0.252 | CM136: 0.273 | CN136: 0.274 | CO136: 0.243 | CP136: 0.238 | CQ136: 0.228 | CR136: 0.229 | CS136: 0.217 | CT136: 0.241 | CU136: 0.242
A137: 6593 | B137: 2.0800116 | C137: T4 | D137: 0.111 | E137: 0.111 | F137: 0.107 | G137: 0.105 | H137: 0.11 | I137: 0.112 | J137: 0.119 | K137: 0.099 | L137: 0.104 | M137: 0.113 | N137: 0.12 | O137: 0.112 | P137: 0.109 | Q137: 0.142 | R137: 0.106 | S137: 0.115 | T137: 0.101 | U137: 0.126 | V137: 0.102 | W137: 0.111 | X137: 0.113 | Y137: 0.13 | Z137: 0.11 | AA137: 0.105 | AB137: 0.115 | AC137: 0.125 | AD137: 0.112 | AE137: 0.12 | AF137: 0.125 | AG137: 0.121 | AH137: 0.114 | AI137: 0.122 | AJ137: 0.122 | AK137: 0.125 | AL137: 0.121 | AM137: 0.111 | AN137: 0.114 | AO137: 0.124 | AP137: 0.11 | AQ137: 0.13 | AR137: 0.122 | AS137: 0.126 | AT137: 0.118 | AU137: 0.119 | AV137: 0.122 | AW137: 0.131 | AX137: 0.105 | AY137: 0.109 | AZ137: 0.112 | BA137: 0.12 | BB137: 0.123 | BC137: 0.123 | BD137: 0.151 | BE137: 0.118 | BF137: 0.122 | BG137: 0.123 | BH137: 0.123 | BI137: 0.131 | BJ137: 0.12 | BK137: 0.107 | BL137: 0.154 | BM137: 0.114 | BN137: 0.125 | BO137: 0.126 | BP137: 0.134 | BQ137: 0.111 | BR137: 0.126 | BS137: 0.122 | BT137: 0.142 | BU137: 0.124 | BV137: 0.125 | BW137: 0.104 | BX137: 0.114 | BY137: 0.12 | BZ137: 0.118 | CA137: 0.116 | CB137: 0.114 | CC137: 0.108 | CD137: 0.114 | CE137: 0.113 | CF137: 0.116 | CG137: 0.116 | CH137: 0.116 | CI137: 0.106 | CJ137: 0.11 | CK137: 0.11 | CL137: 0.099 | CM137: 0.108 | CN137: 0.109 | CO137: 0.104 | CP137: 0.099 | CQ137: 0.112 | CR137: 0.107 | CS137: 0.102 | CT137: 0.115 | CU137: 0.118
A138: 6593 | B138: 2.7859375 | C138: T5 | D138: 0.13 | E138: 0.149 | F138: 0.15 | G138: 0.138 | H138: 0.122 | I138: 0.118 | J138: 0.119 | K138: 0.111 | L138: 0.135 | M138: 0.166 | N138: 0.155 | O138: 0.116 | P138: 0.134 | Q138: 0.179 | R138: 0.159 | S138: 0.143 | T138: 0.129 | U138: 0.175 | V138: 0.136 | W138: 0.141 | X138: 0.167 | Y138: 0.181 | Z138: 0.149 | AA138: 0.114 | AB138: 0.152 | AC138: 0.172 | AD138: 0.146 | AE138: 0.142 | AF138: 0.158 | AG138: 0.144 | AH138: 0.143 | AI138: 0.144 | AJ138: 0.157 | AK138: 0.156 | AL138: 0.162 | AM138: 0.118 | AN138: 0.138 | AO138: 0.17 | AP138: 0.141 | AQ138: 0.152 | AR138: 0.155 | AS138: 0.149 | AT138: 0.143 | AU138: 0.15 | AV138: 0.158 | AW138: 0.152 | AX138: 0.158 | AY138: 0.135 | AZ138: 0.121 | BA138: 0.144 | BB138: 0.153 | BC138: 0.147 | BD138: 0.151 | BE138: 0.147 | BF138: 0.156 | BG138: 0.147 | BH138: 0.153 | BI138: 0.159 | BJ138: 0.153 | BK138: 0.146 | BL138: 0.159 | BM138: 0.15 | BN138: 0.147 | BO138: 0.148 | BP138: 0.168 | BQ138: 0.138 | BR138: 0.144 | BS138: 0.159 | BT138: 0.171 | BU138: 0.162 | BV138: 0.161 | BW138: 0.15 | BX138: 0.151 | BY138: 0.172 | BZ138: 0.152 | CA138: 0.145 | CB138: 0.152 | CC138: 0.146 | CD138: 0.153 | CE138: 0.14 | CF138: 0.152 | CG138: 0.169 | CH138: 0.161 | CI138: 0.168 | CJ138: 0.12 | CK138: 0.148 | CL138: 0.131 | CM138: 0.138 | CN138: 0.132 | CO138: 0.124 | CP138: 0.109 | CQ138: 0.136 | CR138: 0.146 | CS138: 0.153 | CT138: 0.183 | CU138: 0.21
A139: 6593 | B139: 3.043588 | C139: T6 | D139: 0.308 | E139: 0.291 | F139: 0.259 | G139: 0.215 | H139: 0.188 | I139: 0.164 | J139: 0.137 | K139: 0.19 | L139: 0.191 | M139: 0.227 | N139: 0.213 | O139: 0.153 | P139: 0.287 | Q139: 0.286 | R139: 0.242 | S139: 0.228 | T139: 0.22 | U139: 0.232 | V139: 0.222 | W139: 0.207 | X139: 0.232 | Y139: 0.207 | Z139: 0.224 | AA139: 0.158 | AB139: 0.289 | AC139: 0.227 | AD139: 0.239 | AE139: 0.233 | AF139: 0.235 | AG139: 0.213 | AH139: 0.212 | AI139: 0.218 | AJ139: 0.22 | AK139: 0.22 | AL139: 0.224 | AM139: 0.157 | AN139: 0.286 | AO139: 0.222 | AP139: 0.207 | AQ139: 0.202 | AR139: 0.241 | AS139: 0.203 | AT139: 0.206 | AU139: 0.206 | AV139: 0.23 | AW139: 0.207 | AX139: 0.197 | AY139: 0.186 | AZ139: 0.213 | BA139: 0.21 | BB139: 0.208 | BC139: 0.209 | BD139: 0.203 | BE139: 0.208 | BF139: 0.195 | BG139: 0.202 | BH139: 0.216 | BI139: 0.214 | BJ139: 0.213 | BK139: 0.205 | BL139: 0.224 | BM139: 0.233 | BN139: 0.222 | BO139: 0.225 | BP139: 0.252 | BQ139: 0.185 | BR139: 0.227 | BS139: 0.202 | BT139: 0.232 | BU139: 0.213 | BV139: 0.223 | BW139: 0.21 | BX139: 0.234 | BY139: 0.229 | BZ139: 0.231 | CA139: 0.193 | CB139: 0.206 | CC139: 0.198 | CD139: 0.207 | CE139: 0.192 | CF139: 0.204 | CG139: 0.231 | CH139: 0.232 | CI139: 0.209 | CJ139: 0.216 | CK139: 0.235 | CL139: 0.23 | CM139: 0.233 | CN139: 0.239 | CO139: 0.238 | CP139: 0.231 | CQ139: 0.213 | CR139: 0.232 | CS139: 0.222 | CT139: 0.22 | CU139: 0.208
A140: 6593 | B140: 5.9715394 | C140: T7 | D140: 0.137 | E140: 0.231 | F140: 0.132 | G140: 0.101 | H140: 0.108 | I140: 0.108 | J140: 0.107 | K140: 0.093 | L140: 0.101 | M140: 0.168 | N140: 0.156 | O140: 0.11 | P140: 0.179 | Q140: 0.265 | R140: 0.236 | S140: 0.234 | T140: 0.213 | U140: 0.222 | V140: 0.197 | W140: 0.204 | X140: 0.202 | Y140: 0.208 | Z140: 0.191 | AA140: 0.096 | AB140: 0.178 | AC140: 0.263 | AD140: 0.23 | AE140: 0.237 | AF140: 0.231 | AG140: 0.224 | AH140: 0.265 | AI140: 0.211 | AJ140: 0.219 | AK140: 0.206 | AL140: 0.212 | AM140: 0.099 | AN140: 0.137 | AO140: 0.226 | AP140: 0.206 | AQ140: 0.245 | AR140: 0.241 | AS140: 0.221 | AT140: 0.224 | AU140: 0.218 | AV140: 0.234 | AW140: 0.248 | AX140: 0.212 | AY140: 0.104 | AZ140: 0.114 | BA140: 0.249 | BB140: 0.232 | BC140: 0.234 | BD140: 0.223 | BE140: 0.228 | BF140: 0.23 | BG140: 0.217 | BH140: 0.235 | BI140: 0.249 | BJ140: 0.223 | BK140: 0.1 | BL140: 0.111 | BM140: 0.244 | BN140: 0.233 | BO140: 0.232 | BP140: 0.236 | BQ140: 0.214 | BR140: 0.217 | BS140: 0.211 | BT140: 0.241 | BU140: 0.233 | BV140: 0.244 | BW140: 0.177 | BX140: 0.112 | BY140: 0.234 | BZ140: 0.24 | CA140: 0.205 | CB140: 0.223 | CC140: 0.228 | CD140: 0.227 | CE140: 0.208 | CF140: 0.236 | CG140: 0.242 | CH140: 0.237 | CI140: 0.102 | CJ140: 0.108 | CK140: 0.182 | CL140: 0.175 | CM140: 0.166 | CN140: 0.173 | CO140: 0.154 | CP140: 0.134 | CQ140: 0.137 | CR140: 0.162 | CS140: 0.145 | CT140: 0.153 | CU140: 0.108
A141: 6593 | B141: 7.8257176 | C141: T8 | D141: 0.148 | E141: 0.162 | F141: 0.154 | G141: 0.133 | H141: 0.136 | I141: 0.109 | J141: 0.117 | K141: 0.114 | L141: 0.124 | M141: 0.161 | N141: 0.168 | O141: 0.109 | P141: 0.183 | Q141: 0.187 | R141: 0.192 | S141: 0.161 | T141: 0.152 | U141: 0.174 | V141: 0.167 | W141: 0.19 | X141: 0.199 | Y141: 0.204 | Z141: 0.159 | AA141: 0.103 | AB141: 0.189 | AC141: 0.205 | AD141: 0.157 | AE141: 0.161 | AF141: 0.168 | AG141: 0.163 | AH141: 0.159 | AI141: 0.163 | AJ141: 0.169 | AK141: 0.176 | AL141: 0.176 | AM141: 0.107 | AN141: 0.187 | AO141: 0.189 | AP141: 0.161 | AQ141: 0.189 | AR141: 0.166 | AS141: 0.165 | AT141: 0.163 | AU141: 0.162 | AV141: 0.174 | AW141: 0.2 | AX141: 0.165 | AY141: 0.105 | AZ141: 0.155 | BA141: 0.193 | BB141: 0.191 | BC141: 0.167 | BD141: 0.152 | BE141: 0.162 | BF141: 0.171 | BG141: 0.169 | BH141: 0.158 | BI141: 0.199 | BJ141: 0.167 | BK141: 0.105 | BL141: 0.137 | BM141: 0.17 | BN141: 0.166 | BO141: 0.175 | BP141: 0.172 | BQ141: 0.159 | BR141: 0.161 | BS141: 0.165 | BT141: 0.176 | BU141: 0.174 | BV141: 0.179 | BW141: 0.162 | BX141: 0.141 | BY141: 0.164 | BZ141: 0.175 | CA141: 0.161 | CB141: 0.167 | CC141: 0.157 | CD141: 0.161 | CE141: 0.151 | CF141: 0.17 | CG141: 0.171 | CH141: 0.192 | CI141: 0.191 | CJ141: 0.112 | CK141: 0.162 | CL141: 0.152 | CM141: 0.14 | CN141: 0.118 | CO141: 0.106 | CP141: 0.108 | CQ141: 0.108 | CR141: 0.142 | CS141: 0.157 | CT141: 0.192 | CU141: 0.213
A142: 6695 | B142: 8.1018519e-05 | C142: T0 | D142: 0.115 | E142: 0.118 | F142: 0.111 | G142: 0.113 | H142: 0.111 | I142: 0.117 | J142: 0.128 | K142: 0.115 | L142: 0.114 | M142: 0.213 | N142: 0.299 | O142: 0.207 | P142: 0.113 | Q142: 0.127 | R142: 0.112 | S142: 0.189 | T142: 0.116 | U142: 0.167 | V142: 0.126 | W142: 0.17 | X142: 0.242 | Y142: 0.287 | Z142: 0.302 | AA142: 0.224 | AB142: 0.123 | AC142: 0.11 | AD142: 0.157 | AE142: 0.215 | AF142: 0.246 | AG142: 0.208 | AH142: 0.132 | AI142: 0.217 | AJ142: 0.266 | AK142: 0.248 | AL142: 0.114 | AM142: 0.126 | AN142: 0.115 | AO142: 0.191 | AP142: 0.109 | AQ142: 0.211 | AR142: 0.225 | AS142: 0.229 | AT142: 0.216 | AU142: 0.231 | AV142: 0.268 | AW142: 0.248 | AX142: 0.175 | AY142: 0.114 | AZ142: 0.132 | BA142: 0.212 | BB142: 0.212 | BC142: 0.303 | BD142: 0.231 | BE142: 0.221 | BF142: 0.211 | BG142: 0.221 | BH142: 0.242 | BI142: 0.216 | BJ142: 0.316 | BK142: 0.115 | BL142: 0.119 | BM142: 0.213 | BN142: 0.214 | BO142: 0.218 | BP142: 0.212 | BQ142: 0.214 | BR142: 0.118 | BS142: 0.214 | BT142: 0.18 | BU142: 0.235 | BV142: 0.233 | BW142: 0.113 | BX142: 0.115 | BY142: 0.285 | BZ142: 0.221 | CA142: 0.122 | CB142: 0.204 | CC142: 0.207 | CD142: 0.216 | CE142: 0.257 | CF142: 0.215 | CG142: 0.225 | CH142: 0.221 | CI142: 0.12 | CJ142: 0.115 | CK142: 0.112 | CL142: 0.116 | CM142: 0.116 | CN142: 0.115 | CO142: 0.112 | CP142: 0.113 | CQ142: 0.114 | CR142: 0.112 | CS142: 0.113 | CT142: 0.116 | CU142: 0.117
A143: 6695 | B143: 0.78829861 | C143: T1 | D143: 0.117 | E143: 0.127 | F143: 0.102 | G143: 0.102 | H143: 0.113 | I143: 0.123 | J143: 0.113 | K143: 0.118 | L143: 0.117 | M143: 0.125 | N143: 0.126 | O143: 0.21 | P143: 0.12 | Q143: 0.156 | R143: 0.113 | S143: 0.133 | T143: 0.137 | U143: 0.147 | V143: 0.12 | W143: 0.121 | X143: 0.136 | Y143: 0.152 | Z143: 0.114 | AA143: 0.103 | AB143: 0.113 | AC143: 0.131 | AD143: 0.128 | AE143: 0.142 | AF143: 0.147 | AG143: 0.125 | AH143: 0.115 | AI143: 0.12 | AJ143: 0.135 | AK143: 0.129 | AL143: 0.128 | AM143: 0.11 | AN143: 0.111 | AO143: 0.129 | AP143: 0.118 | AQ143: 0.126 | AR143: 0.119 | AS143: 0.127 | AT143: 0.128 | AU143: 0.128 | AV143: 0.132 | AW143: 0.135 | AX143: 0.122 | AY143: 0.12 | AZ143: 0.146 | BA143: 0.129 | BB143: 0.119 | BC143: 0.118 | BD143: 0.145 | BE143: 0.119 | BF143: 0.126 | BG143: 0.135 | BH143: 0.16 | BI143: 0.127 | BJ143: 0.124 | BK143: 0.098 | BL143: 0.127 | BM143: 0.126 | BN143: 0.139 | BO143: 0.12 | BP143: 0.132 | BQ143: 0.13 | BR143: 0.111 | BS143: 0.131 | BT143: 0.148 | BU143: 0.142 | BV143: 0.136 | BW143: 0.119 | BX143: 0.117 | BY143: 0.125 | BZ143: 0.135 | CA143: 0.124 | CB143: 0.121 | CC143: 0.123 | CD143: 0.136 | CE143: 0.121 | CF143: 0.143 | CG143: 0.143 | CH143: 0.168 | CI143: 0.109 | CJ143: 0.113 | CK143: 0.109 | CL143: 0.114 | CM143: 0.113 | CN143: 0.104 | CO143: 0.107 | CP143: 0.111 | CQ143: 0.117 | CR143: 0.122 | CS143: 0.148 | CT143: 0.207 | CU143: 0.14
A144: 6695 | B144: 1.0267708 | C144: T2 | D144: 0.117 | E144: 0.137 | F144: 0.118 | G144: 0.114 | H144: 0.124 | I144: 0.126 | J144: 0.129 | K144: 0.122 | L144: 0.129 | M144: 0.132 | N144: 0.111 | O144: 0.202 | P144: 0.125 | Q144: 0.164 | R144: 0.124 | S144: 0.14 | T144: 0.15 | U144: 0.167 | V144: 0.145 | W144: 0.147 | X144: 0.16 | Y144: 0.17 | Z144: 0.136 | AA144: 0.113 | AB144: 0.138 | AC144: 0.14 | AD144: 0.137 | AE144: 0.151 | AF144: 0.156 | AG144: 0.137 | AH144: 0.145 | AI144: 0.146 | AJ144: 0.156 | AK144: 0.141 | AL144: 0.14 | AM144: 0.11 | AN144: 0.14 | AO144: 0.141 | AP144: 0.129 | AQ144: 0.137 | AR144: 0.138 | AS144: 0.136 | AT144: 0.133 | AU144: 0.137 | AV144: 0.146 | AW144: 0.146 | AX144: 0.142 | AY144: 0.118 | AZ144: 0.145 | BA144: 0.143 | BB144: 0.124 | BC144: 0.133 | BD144: 0.16 | BE144: 0.125 | BF144: 0.134 | BG144: 0.142 | BH144: 0.171 | BI144: 0.133 | BJ144: 0.141 | BK144: 0.095 | BL144: 0.126 | BM144: 0.14 | BN144: 0.148 | BO144: 0.129 | BP144: 0.141 | BQ144: 0.137 | BR144: 0.133 | BS144: 0.131 | BT144: 0.156 | BU144: 0.148 | BV144: 0.146 | BW144: 0.125 | BX144: 0.117 | BY144: 0.143 | BZ144: 0.15 | CA144: 0.138 | CB144: 0.139 | CC144: 0.137 | CD144: 0.151 | CE144: 0.132 | CF144: 0.139 | CG144: 0.163 | CH144: 0.172 | CI144: 0.166 | CJ144: 0.112 | CK144: 0.109 | CL144: 0.113 | CM144: 0.113 | CN144: 0.102 | CO144: 0.104 | CP144: 0.104 | CQ144: 0.116 | CR144: 0.137 | CS144: 0.158 | CT144: 0.201 | CU144: 0.159
... A167: 6699 | B167: 5.970706 | C167: T7 | D167: 0.148 | E167: 0.28 | F167: 0.999 | G167: 3.25 | H167: 0.139 | I167: 0.29 | J167: 1.21 | K167: 1.585 | L167: 0.141 | M167: 0.298 | N167: 0.986 | O167: 1.197 | P167: 2.412 | Q167: 1.44 | R167: 1.317 | S167: 2.543 | T167: 1.775 | U167: 1.973 | V167: 1.034 | W167: 2.55 | X167: 1.888 | Y167: 1.257 | Z167: 1.095 | AA167: 1.732 | AB167: 1.702 | AC167: 1.045 | AD167: 0.167 | AE167: 2.568 | AF167: 2.506 | AG167: 1.306 | AH167: 0.18 | AI167: 2.555 | AJ167: 3.125 | AK167: 0.982 | AL167: 0.158 | AM167: 1.938 | AN167: 1.119 | AO167: 3.202 | AP167: 1.325 | AQ167: 1.081 | AR167: 1.642 | AS167: 3.508 | AT167: 2.709 | AU167: 0.969 | AV167: 1.85 | AW167: 3.408 | AX167: 1.162 | AY167: 0.822 | AZ167: 0.144 | BA167: 2.339 | BB167: 2.202 | BC167: 2.73 | BD167: 0.201 | BE167: 2.595 | BF167: 2.795 | BG167: 2.664 | BH167: 0.211 | BI167: 2.438 | BJ167: 2.231 | BK167: 1.976 | BL167: 0.151 | BM167: 2.221 | BN167: 0.164 | BO167: 1.321 | BP167: 0.188 | BQ167: 1.526 | BR167: 0.178 | BS167: 1.431 | BT167: 0.209 | BU167: 1.938 | BV167: 0.146 | BW167: 1.401 | BX167: 2.513 | BY167: 0.191 | BZ167: 0.862 | CA167: 0.122 | CB167: 2.597 | CC167: 0.171 | CD167: 1.54 | CE167: 0.193 | CF167: 2.249 | CG167: 0.156 | CH167: 0.592 | CI167: 0.142 | CJ167: 0.151 | CK167: 1.083 | CL167: 2.622 | CM167: 0.143 | CN167: 0.148 | CO167: 1.016 | CP167: 1.574 | CQ167: 0.144 | CR167: 0.147 | CS167: 1.113 | CT167: 1.814 | CU167: 0.149
A168: 6699 | B168: 7.8251968 | C168: T8 | D168: 0.145 | E168: 1.107 | F168: 1.036 | G168: 3.64 | H168: 0.188 | I168: 1.173 | J168: 1.454 | K168: 1.676 | L168: 0.177 | M168: 1.202 | N168: 1.267 | O168: 1.736 | P168: 3.613 | Q168: 2.329 | R168: 2.587 | S168: 2.065 | T168: 2.231 | U168: 2.433 | V168: 2.023 | W168: 2.121 | X168: 1.529 | Y168: 1.752 | Z168: 1.698 | AA168: 2.109 | AB168: 3.616 | AC168: 1.971 | AD168: 0.167 | AE168: 2.287 | AF168: 2.232 | AG168: 2.712 | AH168: 0.164 | AI168: 2.813 | AJ168: 1.958 | AK168: 2.002 | AL168: 0.178 | AM168: 3.371 | AN168: 1.151 | AO168: 3.779 | AP168: 1.564 | AQ168: 0.983 | AR168: 1.163 | AS168: 3.452 | AT168: 2.114 | AU168: 0.86 | AV168: 1.52 | AW168: OVRFLW | AX168: 1.789 | AY168: 2.485 | AZ168: 0.143 | BA168: 3.029 | BB168: 2.165 | BC168: 2.214 | BD168: 0.188 | BE168: 2.622 | BF168: 2.827 | BG168: 2.226 | BH168: 0.196 | BI168: 2.324 | BJ168: 1.975 | BK168: 2.582 | BL168: 0.128 | BM168: 1.284 | BN168: 0.206 | BO168: 1.853 | BP168: 0.198 | BQ168: 3.067 | BR168: 0.185 | BS168: 1.99 | BT168: 0.202 | BU168: 2.376 | BV168: 0.219 | BW168: 1.823 | BX168: 2.575 | BY168: 0.278 | BZ168: 1.51 | CA168: 0.197 | CB168: 2.619 | CC168: 0.205 | CD168: 1.357 | CE168: 0.384 | CF168: 2.262 | CG168: 0.235 | CH168: 1.118 | CI168: 0.294 | CJ168: 0.161 | CK168: 0.947 | CL168: 1.851 | CM168: 0.208 | CN168: 0.162 | CO168: 0.84 | CP168: 2.106 | CQ168: 0.16 | CR168: 0.219 | CS168: 0.939 | CT168: 1.388 | CU168: 0.251
A169: 6700 | B169: 8.1018519e-05 | C169: T0 | D169: 0.109 | E169: 0.107 | F169: 0.107 | G169: 0.11 | H169: 0.105 | I169: 0.109 | J169: 0.107 | K169: 0.107 | L169: 0.107 | M169: 0.109 | N169: 0.107 | O169: 0.11 | P169: 0.11 | Q169: 0.129 | R169: 0.107 | S169: 0.107 | T169: 0.11 | U169: 0.128 | V169: 0.107 | W169: 0.106 | X169: 0.111 | Y169: 0.129 | Z169: 0.108 | AA169: 0.123 | AB169: 0.156 | AC169: 0.11 | AD169: 0.114 | AE169: 0.124 | AF169: 0.172 | AG169: 0.107 | AH169: 0.114 | AI169: 0.111 | AJ169: 0.203 | AK169: 0.105 | AL169: 0.116 | AM169: 0.11 | AN169: 0.124 | AO169: 0.111 | AP169: 0.108 | AQ169: 0.113 | AR169: 0.117 | AS169: 0.138 | AT169: 0.116 | AU169: 0.111 | AV169: 0.122 | AW169: 0.11 | AX169: 0.107 | AY169: 0.106 | AZ169: 0.111 | BA169: 0.111 | BB169: 0.108 | BC169: 0.11 | BD169: 0.122 | BE169: 0.11 | BF169: 0.11 | BG169: 0.111 | BH169: 0.124 | BI169: 0.109 | BJ169: 0.109 | BK169: 0.107 | BL169: 0.113 | BM169: 0.106 | BN169: 0.11 | BO169: 0.108 | BP169: 0.111 | BQ169: 0.107 | BR169: 0.162 | BS169: 0.111 | BT169: 0.115 | BU169: 0.106 | BV169: 0.109 | BW169: 0.107 | BX169: 0.116 | BY169: 0.111 | BZ169: 0.111 | CA169: 0.12 | CB169: 0.112 | CC169: 0.108 | CD169: 0.114 | CE169: 0.125 | CF169: 0.108 | CG169: 0.105 | CH169: 0.11 | CI169: 0.138 | CJ169: 0.11 | CK169: 0.113 | CL169: 0.11 | CM169: 0.108 | CN169: 0.11 | CO169: 0.113 | CP169: 0.113 | CQ169: 0.111 | CR169: 0.107 | CS169: 0.11 | CT169: 0.107 | CU169: 0.111
A170: 6700 | B170: 0.78790509 | C170: T1 | D170: 0.121 | E170: 1.003 | F170: 0.121 | G170: 0.123 | H170: 0.119 | I170: 0.991 | J170: 0.12 | K170: 0.118 | L170: 0.124 | M170: 1.169 | N170: 0.121 | O170: 0.122 | P170: 0.235 | Q170: 0.531 | R170: 1.25 | S170: 0.134 | T170: 0.239 | U170: 0.544 | V170: 1.314 | W170: 0.127 | X170: 0.285 | Y170: 0.632 | Z170: 1.413 | AA170: 0.153 | AB170: 0.254 | AC170: 0.116 | AD170: 0.111 | AE170: 0.14 | AF170: 0.286 | AG170: 0.115 | AH170: 0.118 | AI170: 0.128 | AJ170: 0.288 | AK170: 0.119 | AL170: 0.11 | AM170: 0.119 | AN170: 0.182 | AO170: 1.222 | AP170: 0.117 | AQ170: 0.173 | AR170: 0.178 | AS170: 1.152 | AT170: 0.126 | AU170: 0.177 | AV170: 0.186 | AW170: 0.976 | AX170: 0.115 | AY170: 0.161 | AZ170: 0.124 | BA170: 1.525 | BB170: 0.129 | BC170: 0.124 | BD170: 0.134 | BE170: 1.562 | BF170: 0.124 | BG170: 0.137 | BH170: 0.136 | BI170: 1.602 | BJ170: 0.124 | BK170: 0.12 | BL170: 0.145 | BM170: 0.14 | BN170: 0.132 | BO170: 0.165 | BP170: 0.155 | BQ170: 0.13 | BR170: 0.136 | BS170: 0.146 | BT170: 0.154 | BU170: 0.128 | BV170: 0.123 | BW170: 0.142 | BX170: 0.247 | BY170: 0.356 | BZ170: 0.124 | CA170: 0.124 | CB170: 0.328 | CC170: 0.348 | CD170: 0.117 | CE170: 0.122 | CF170: 0.274 | CG170: 0.314 | CH170: 0.114 | CI170: 0.12 | CJ170: 1.17 | CK170: 0.843 | CL170: 0.118 | CM170: 0.119 | CN170: 1.098 | CO170: 0.825 | CP170: 0.121 | CQ170: 0.125 | CR170: 1.013 | CS170: 0.748 | CT170: 0.117 | CU170: 0.121
A171: 6700 | B171: 1.0177546 | C171: T2 | D171: 0.123 | E171: 1.764 | F171: 0.118 | G171: 0.115 | H171: 0.115 | I171: 1.693 | J171: 0.124 | K171: 0.126 | L171: 0.128 | M171: 1.932 | N171: 0.193 | O171: 0.137 | P171: 0.348 | Q171: 1.324 | R171: 1.754 | S171: 0.211 | T171: 0.413 | U171: 1.226 | V171: 1.834 | W171: 0.176 | X171: 0.455 | Y171: 1.287 | Z171: 2.038 | AA171: 0.208 | AB171: 0.444 | AC171: 0.141 | AD171: 0.137 | AE171: 0.177 | AF171: 0.408 | AG171: 0.143 | AH171: 0.146 | AI171: 0.152 | AJ171: 0.438 | AK171: 0.146 | AL171: 0.161 | AM171: 0.157 | AN171: 0.218 | AO171: 1.375 | AP171: 0.144 | AQ171: 0.227 | AR171: 0.261 | AS171: 1.484 | AT171: 0.145 | AU171: 0.226 | AV171: 0.248 | AW171: 1.826 | AX171: 0.148 | AY171: 0.207 | AZ171: 0.127 | BA171: 1.812 | BB171: 0.155 | BC171: 0.153 | BD171: 0.16 | BE171: 2.066 | BF171: 0.143 | BG171: 0.16 | BH171: 0.152 | BI171: 1.847 | BJ171: 0.157 | BK171: 0.133 | BL171: 0.151 | BM171: 0.144 | BN171: 0.154 | BO171: 0.206 | BP171: 0.182 | BQ171: 0.16 | BR171: 0.165 | BS171: 0.196 | BT171: 0.174 | BU171: 0.152 | BV171: 0.154 | BW171: 0.18 | BX171: 0.294 | BY171: 0.62 | BZ171: 0.153 | CA171: 0.153 | CB171: 0.553 | CC171: 0.706 | CD171: 0.123 | CE171: 0.143 | CF171: 0.485 | CG171: 0.66 | CH171: 0.14 | CI171: 0.146 | CJ171: 1.902 | CK171: 0.934 | CL171: 0.122 | CM171: 0.122 | CN171: 1.87 | CO171: 0.818 | CP171: 0.125 | CQ171: 0.128 | CR171: 1.996 | CS171: 0.781 | CT171: 0.123 | CU171: 0.125
A172: 6700 | B172: 1.8020486 | C172: T3 | D172: 0.184 | E172: 2.85 | F172: 0.256 | G172: 0.258 | H172: 0.284 | I172: 2.673 | J172: 0.304 | K172: 0.3 | L172: 0.301 | M172: 2.586 | N172: 0.296 | O172: 0.261 | P172: 1.306 | Q172: 2.822 | R172: 2.837 | S172: 0.355 | T172: 1.232 | U172: 2.74 | V172: 2.377 | W172: 0.343 | X172: 1.466 | Y172: 2.736 | Z172: 2.251 | AA172: 0.278 | AB172: 0.705 | AC172: 0.26 | AD172: 0.263 | AE172: 0.32 | AF172: 0.806 | AG172: 0.261 | AH172: 0.281 | AI172: 0.278 | AJ172: 0.76 | AK172: 0.265 | AL172: 0.285 | AM172: 0.307 | AN172: 0.773 | AO172: 2.719 | AP172: 0.257 | AQ172: 0.866 | AR172: 0.751 | AS172: 2.788 | AT172: 0.251 | AU172: 0.872 | AV172: 0.704 | AW172: 2.887 | AX172: 0.27 | AY172: 0.788 | AZ172: 0.243 | BA172: 2.671 | BB172: 0.268 | BC172: 0.288 | BD172: 0.291 | BE172: 2.754 | BF172: 0.235 | BG172: 0.275 | BH172: 0.256 | BI172: 2.422 | BJ172: 0.284 | BK172: 0.289 | BL172: 0.275 | BM172: 0.323 | BN172: 0.291 | BO172: 0.45 | BP172: 0.354 | BQ172: 0.311 | BR172: 0.318 | BS172: 0.509 | BT172: 0.295 | BU172: 0.277 | BV172: 0.271 | BW172: 0.418 | BX172: 1.228 | BY172: 1.674 | BZ172: 0.286 | CA172: 0.299 | CB172: 1.515 | CC172: 1.723 | CD172: 0.306 | CE172: 0.267 | CF172: 1.387 | CG172: 1.683 | CH172: 0.259 | CI172: 0.285 | CJ172: 2.831 | CK172: 1.308 | CL172: 0.287 | CM172: 0.21 | CN172: 2.753 | CO172: 0.936 | CP172: 0.137 | CQ172: 0.136 | CR172: 2.991 | CS172: 1.045 | CT172: 0.188 | CU172: 0.268
A173: 6700 | B173: 2.077338 | C173: T4 | D173: 0.119 | E173: 2.786 | F173: 0.128 | G173: 0.126 | H173: 0.126 | I173: 2.477 | J173: 0.139 | K173: 0.128 | L173: 0.132 | M173: 2.412 | N173: 0.13 | O173: 0.129 | P173: 1.167 | Q173: 2.744 | R173: 2.731 | S173: 0.192 | T173: 1.28 | U173: 2.772 | V173: 2.474 | W173: 0.223 | X173: 1.395 | Y173: 2.707 | Z173: 2.184 | AA173: 0.159 | AB173: 0.603 | AC173: 0.12 | AD173: 0.213 | AE173: 0.271 | AF173: 0.782 | AG173: 0.256 | AH173: 0.272 | AI173: 0.259 | AJ173: 0.772 | AK173: 0.212 | AL173: 0.114 | AM173: 0.127 | AN173: 0.655 | AO173: 2.743 | AP173: 0.159 | AQ173: 1.006 | AR173: 0.804 | AS173: 2.705 | AT173: 0.257 | AU173: 1.005 | AV173: 0.784 | AW173: 2.683 | AX173: 0.123 | AY173: 0.643 | AZ173: 0.131 | BA173: 2.633 | BB173: 0.241 | BC173: 0.265 | BD173: 0.171 | BE173: 3.111 | BF173: 0.24 | BG173: 0.274 | BH173: 0.249 | BI173: 2.44 | BJ173: 0.136 | BK173: 0.13 | BL173: 0.184 | BM173: 0.141 | BN173: 0.211 | BO173: 0.444 | BP173: 0.245 | BQ173: 0.264 | BR173: 0.159 | BS173: 0.471 | BT173: 0.27 | BU173: 0.156 | BV173: 0.14 | BW173: 0.286 | BX173: 1.359 | BY173: 1.483 | BZ173: 0.122 | CA173: 0.126 | CB173: 1.652 | CC173: 1.538 | CD173: 0.116 | CE173: 0.13 | CF173: 1.545 | CG173: 1.531 | CH173: 0.132 | CI173: 0.145 | CJ173: 2.663 | CK173: 1.141 | CL173: 0.14 | CM173: 0.128 | CN173: 2.749 | CO173: 0.937 | CP173: 0.14 | CQ173: 0.134 | CR173: 3.005 | CS173: 1.029 | CT173: 0.154 | CU173: 0.152
A174: 6700 | B174: 2.7833565 | C174: T5 | D174: 0.123 | E174: 2.923 | F174: 0.146 | G174: 0.138 | H174: 0.128 | I174: 2.912 | J174: 0.153 | K174: 0.131 | L174: 0.131 | M174: 2.509 | N174: 0.131 | O174: 0.133 | P174: 1.554 | Q174: 2.961 | R174: 2.965 | S174: 0.22 | T174: 1.713 | U174: 2.993 | V174: 2.771 | W174: 0.223 | X174: 1.572 | Y174: 2.732 | Z174: 2.228 | AA174: 0.184 | AB174: 0.957 | AC174: 0.128 | AD174: 0.113 | AE174: 0.158 | AF174: 1.046 | AG174: 0.128 | AH174: 0.115 | AI174: 0.139 | AJ174: 0.953 | AK174: 0.118 | AL174: 0.11 | AM174: 0.135 | AN174: 1.065 | AO174: 2.751 | AP174: 0.121 | AQ174: 1.281 | AR174: 0.926 | AS174: 2.844 | AT174: 0.134 | AU174: 1.281 | AV174: 0.935 | AW174: 2.758 | AX174: 0.121 | AY174: 1.157 | AZ174: 0.13 | BA174: 2.898 | BB174: 0.139 | BC174: 0.148 | BD174: 0.153 | BE174: 3.181 | BF174: 0.134 | BG174: 0.156 | BH174: 0.144 | BI174: 2.775 | BJ174: 0.136 | BK174: 0.141 | BL174: 0.173 | BM174: 0.142 | BN174: 0.136 | BO174: 0.496 | BP174: 0.16 | BQ174: 0.149 | BR174: 0.149 | BS174: 0.792 | BT174: 0.164 | BU174: 0.154 | BV174: 0.138 | BW174: 0.982 | BX174: 2.672 | BY174: 1.689 | BZ174: 0.113 | CA174: 0.125 | CB174: 2.542 | CC174: 1.577 | CD174: 0.117 | CE174: 0.129 | CF174: 2.398 | CG174: 1.612 | CH174: 0.131 | CI174: 0.133 | CJ174: 2.669 | CK174: 1.205 | CL174: 0.152 | CM174: 0.131 | CN174: 2.876 | CO174: 1.01 | CP174: 0.153 | CQ174: 0.135 | CR174: 2.704 | CS174: 1.095 | CT174: 0.15 | CU174: 0.149
A175: 6700 | B175: 3.0397917 | C175: T6 | D175: 0.125 | E175: 3.358 | F175: 0.164 | G175: 0.153 | H175: 0.157 | I175: 2.529 | J175: 0.204 | K175: 0.203 | L175: 0.232 | M175: 2.625 | N175: 0.266 | O175: 0.264 | P175: 1.536 | Q175: 2.995 | R175: 3.183 | S175: 0.328 | T175: 1.921 | U175: 3.084 | V175: 3.411 | W175: 0.267 | X175: 1.627 | Y175: 2.822 | Z175: 2.66 | AA175: 0.31 | AB175: 0.947 | AC175: 0.173 | AD175: 0.159 | AE175: 0.222 | AF175: 1.194 | AG175: 0.165 | AH175: 0.165 | AI175: 0.185 | AJ175: 1.183 | AK175: 0.169 | AL175: 0.18 | AM175: 0.222 | AN175: 1.071 | AO175: 2.92 | AP175: 0.178 | AQ175: 1.467 | AR175: 1.032 | AS175: 2.967 | AT175: 0.167 | AU175: 1.461 | AV175: 1.014 | AW175: 2.875 | AX175: 0.182 | AY175: 1.315 | AZ175: 0.132 | BA175: 3.121 | BB175: 0.193 | BC175: 0.186 | BD175: 0.18 | BE175: 3.296 | BF175: 0.158 | BG175: 0.198 | BH175: 0.178 | BI175: 2.613 | BJ175: 0.179 | BK175: 0.203 | BL175: 0.132 | BM175: 0.222 | BN175: 0.176 | BO175: 0.983 | BP175: 0.234 | BQ175: 0.188 | BR175: 0.19 | BS175: 1.027 | BT175: 0.199 | BU175: 0.196 | BV175: 0.182 | BW175: 1.048 | BX175: 2.385 | BY175: 1.914 | BZ175: 0.174 | CA175: 0.176 | CB175: 2.702 | CC175: 1.597 | CD175: 0.12 | CE175: 0.16 | CF175: 2.491 | CG175: 1.651 | CH175: 0.158 | CI175: 0.194 | CJ175: 2.725 | CK175: 1.25 | CL175: 0.174 | CM175: 0.132 | CN175: 2.728 | CO175: 1.015 | CP175: 0.159 | CQ175: 0.136 | CR175: 2.713 | CS175: 1.079 | CT175: 0.15 | CU175: 0.132
A176: 6700 | B176: 5.9687269 | C176: T7 | D176: 0.132 | E176: 3.028 | F176: 0.127 | G176: 0.157 | H176: 0.114 | I176: 3.151 | J176: 0.145 | K176: 0.138 | L176: 0.133 | M176: 2.641 | N176: 0.143 | O176: 0.146 | P176: 2.05 | Q176: 2.903 | R176: 3.143 | S176: 1.819 | T176: 2.417 | U176: 3.134 | V176: 3.206 | W176: 1.522 | X176: 2.187 | Y176: 2.809 | Z176: 2.941 | AA176: 1.309 | AB176: 1.697 | AC176: 0.155 | AD176: 0.162 | AE176: 0.229 | AF176: 1.925 | AG176: 0.17 | AH176: 0.193 | AI176: 0.206 | AJ176: 1.966 | AK176: 0.167 | AL176: 0.121 | AM176: 0.142 | AN176: 1.982 | AO176: 3.341 | AP176: 0.179 | AQ176: 2.793 | AR176: 1.87 | AS176: 3.272 | AT176: 0.175 | AU176: 2.774 | AV176: 1.841 | AW176: 3.027 | AX176: 0.119 | AY176: 2.475 | AZ176: 0.137 | BA176: 3.186 | BB176: 0.175 | BC176: 0.249 | BD176: 0.226 | BE176: 3.238 | BF176: 0.188 | BG176: 0.244 | BH176: 0.236 | BI176: 2.75 | BJ176: 0.195 | BK176: 0.177 | BL176: 0.133 | BM176: 0.223 | BN176: 0.192 | BO176: 2.499 | BP176: 0.241 | BQ176: 0.293 | BR176: 0.202 | BS176: 2.303 | BT176: 0.22 | BU176: 0.259 | BV176: 0.199 | BW176: 2.177 | BX176: 2.71 | BY176: 2.022 | BZ176: 0.145 | CA176: 0.138 | CB176: 2.682 | CC176: 1.635 | CD176: 0.121 | CE176: 0.178 | CF176: 2.559 | CG176: 1.771 | CH176: 0.162 | CI176: 0.126 | CJ176: 2.837 | CK176: 1.593 | CL176: 0.346 | CM176: 0.139 | CN176: 2.682 | CO176: 1.291 | CP176: 0.35 | CQ176: 0.139 | CR176: 2.809 | CS176: 1.482 | CT176: 0.519 | CU176: 0.138
A177: 6700 | B177: 7.8231944 | C177: T8 | D177: 0.137 | E177: 2.512 | F177: 0.124 | G177: 0.154 | H177: 0.132 | I177: 3.075 | J177: 0.144 | K177: 0.142 | L177: 0.133 | M177: 2.49 | N177: 0.145 | O177: 0.149 | P177: 1.923 | Q177: 2.828 | R177: 2.912 | S177: 2.697 | T177: 2.369 | U177: 2.96 | V177: 3.327 | W177: 2.444 | X177: 2.11 | Y177: 2.683 | Z177: 3.064 | AA177: 1.946 | AB177: 1.763 | AC177: 0.111 | AD177: 0.098 | AE177: 0.161 | AF177: 1.932 | AG177: 0.118 | AH177: 0.101 | AI177: 0.139 | AJ177: 1.944 | AK177: 0.107 | AL177: 0.098 | AM177: 0.141 | AN177: 2.113 | AO177: 3.161 | AP177: 0.114 | AQ177: 2.784 | AR177: 1.943 | AS177: 3.079 | AT177: 0.12 | AU177: 2.668 | AV177: 1.96 | AW177: 3.03 | AX177: 0.118 | AY177: 2.528 | AZ177: 0.142 | BA177: 2.889 | BB177: 0.132 | BC177: 0.192 | BD177: 0.139 | BE177: 3.093 | BF177: 0.138 | BG177: 0.194 | BH177: 0.169 | BI177: 2.663 | BJ177: 0.139 | BK177: 0.196 | BL177: 0.172 | BM177: 0.232 | BN177: 0.125 | BO177: 2.333 | BP177: 0.141 | BQ177: 0.238 | BR177: 0.145 | BS177: 3.079 | BT177: 0.156 | BU177: 0.219 | BV177: 0.121 | BW177: 2.497 | BX177: 2.399 | BY177: 2.034 | BZ177: 0.103 | CA177: 0.127 | CB177: 2.518 | CC177: 1.628 | CD177: 0.123 | CE177: 0.127 | CF177: 2.368 | CG177: 1.688 | CH177: 0.124 | CI177: 0.127 | CJ177: 2.978 | CK177: 1.594 | CL177: 0.517 | CM177: 0.14 | CN177: 2.755 | CO177: 1.296 | CP177: 0.518 | CQ177: 0.14 | CR177: 2.847 | CS177: 1.501 | CT177: 1.243 | CU177: 0.138
A178: spread | B178: 8.1018519e-05 | C178: T0 | D178: 0.119 | E178: 0.116 | F178: 0.116 | G178: 0.118 | H178: 0.118 | I178: 0.117 | J178: 0.116 | K178: 0.118 | L178: 0.117 | M178: 0.118 | N178: 0.117 | O178: 0.117 | P178: 0.117 | Q178: 0.149 | R178: 0.127 | S178: 0.136 | T178: 0.119 | U178: 0.158 | V178: 0.125 | W178: 0.143 | X178: 0.136 | Y178: 0.155 | Z178: 0.144 | AA178: 0.117 | AB178: 0.186 | AC178: 0.123 | AD178: 0.127 | AE178: 0.144 | AF178: 0.261 | AG178: 0.139 | AH178: 0.135 | AI178: 0.139 | AJ178: 0.238 | AK178: 0.141 | AL178: 0.139 | AM178: 0.115 | AN178: 0.115 | AO178: 0.133 | AP178: 0.125 | AQ178: 0.135 | AR178: 0.129 | AS178: 0.137 | AT178: 0.138 | AU178: 0.136 | AV178: 0.135 | AW178: 0.142 | AX178: 0.131 | AY178: 0.117 | AZ178: 0.126 | BA178: 0.133 | BB178: 0.133 | BC178: 0.135 | BD178: 0.142 | BE178: 0.148 | BF178: 0.145 | BG178: 0.14 | BH178: 0.146 | BI178: 0.14 | BJ178: 0.142 | BK178: 0.116 | BL178: 0.12 | BM178: 0.131 | BN178: 0.133 | BO178: 0.135 | BP178: 0.136 | BQ178: 0.135 | BR178: 0.13 | BS178: 0.14 | BT178: 0.142 | BU178: 0.14 | BV178: 0.135 | BW178: 0.123 | BX178: 0.122 | BY178: 0.134 | BZ178: 0.139 | CA178: 0.127 | CB178: 0.133 | CC178: 0.139 | CD178: 0.134 | CE178: 0.141 | CF178: 0.139 | CG178: 0.135 | CH178: 0.137 | CI178: 0.119 | CJ178: 0.119 | CK178: 0.12 | CL178: 0.117 | CM178: 0.116 | CN178: 0.117 | CO178: 0.119 | CP178: 0.116 | CQ178: 0.118 | CR178: 0.117 | CS178: 0.117 | CT178: 0.118 | CU178: 0.117
A179: spread | B179: 0.78768519 | C179: T1 | D179: 0.148 | E179: 0.168 | F179: 0.141 | G179: 0.131 | H179: 0.143 | I179: 0.128 | J179: 0.134 | K179: 0.155 | L179: 0.141 | M179: 0.131 | N179: 0.126 | O179: 0.136 | P179: 0.147 | Q179: 0.178 | R179: 0.172 | S179: 0.177 | T179: 0.142 | U179: 0.172 | V179: 0.172 | W179: 0.186 | X179: 0.164 | Y179: 0.167 | Z179: 0.168 | AA179: 0.137 | AB179: 0.241 | AC179: 0.171 | AD179: 0.134 | AE179: 0.164 | AF179: 0.196 | AG179: 0.151 | AH179: 0.134 | AI179: 0.171 | AJ179: 0.204 | AK179: 0.166 | AL179: 0.132 | AM179: 0.135 | AN179: 0.143 | AO179: 0.172 | AP179: 0.157 | AQ179: 0.179 | AR179: 0.146 | AS179: 0.173 | AT179: 0.166 | AU179: 0.164 | AV179: 0.15 | AW179: 0.168 | AX179: 0.153 | AY179: 0.138 | AZ179: 0.133 | BA179: 0.172 | BB179: 0.16 | BC179: 0.171 | BD179: 0.158 | BE179: 0.174 | BF179: 0.179 | BG179: 0.173 | BH179: 0.17 | BI179: 0.174 | BJ179: 0.167 | BK179: 0.137 | BL179: 0.162 | BM179: 0.181 | BN179: 0.165 | BO179: 0.172 | BP179: 0.174 | BQ179: 0.179 | BR179: 0.17 | BS179: 0.175 | BT179: 0.199 | BU179: 0.186 | BV179: 0.178 | BW179: 0.147 | BX179: 0.168 | BY179: 0.172 | BZ179: 0.163 | CA179: 0.165 | CB179: 0.181 | CC179: 0.157 | CD179: 0.168 | CE179: 0.184 | CF179: 0.19 | CG179: 0.196 | CH179: 0.204 | CI179: 0.182 | CJ179: 0.129 | CK179: 0.149 | CL179: 0.141 | CM179: 0.125 | CN179: 0.136 | CO179: 0.138 | CP179: 0.147 | CQ179: 0.159 | CR179: 0.196 | CS179: 0.214 | CT179: 0.236 | CU179: 0.198
A180: spread | B180: 1.0175694 | C180: T2 | D180: 0.142 | E180: 0.14 | F180: 0.145 | G180: 0.139 | H180: 0.144 | I180: 0.13 | J180: 0.131 | K180: 0.139 | L180: 0.143 | M180: 0.131 | N180: 0.126 | O180: 0.139 | P180: 0.125 | Q180: 0.175 | R180: 0.165 | S180: 0.171 | T180: 0.141 | U180: 0.167 | V180: 0.175 | W180: 0.175 | X180: 0.169 | Y180: 0.17 | Z180: 0.169 | AA180: 0.14 | AB180: 0.159 | AC180: 0.176 | AD180: 0.134 | AE180: 0.163 | AF180: 0.216 | AG180: 0.153 | AH180: 0.135 | AI180: 0.167 | AJ180: 0.202 | AK180: 0.169 | AL180: 0.135 | AM180: 0.138 | AN180: 0.109 | AO180: 0.159 | AP180: 0.156 | AQ180: 0.177 | AR180: 0.141 | AS180: 0.179 | AT180: 0.168 | AU180: 0.165 | AV180: 0.145 | AW180: 0.17 | AX180: 0.156 | AY180: 0.141 | AZ180: 0.139 | BA180: 0.167 | BB180: 0.156 | BC180: 0.179 | BD180: 0.156 | BE180: 0.175 | BF180: 0.19 | BG180: 0.169 | BH180: 0.167 | BI180: 0.171 | BJ180: 0.168 | BK180: 0.14 | BL180: 0.173 | BM180: 0.158 | BN180: 0.162 | BO180: 0.164 | BP180: 0.183 | BQ180: 0.197 | BR180: 0.171 | BS180: 0.16 | BT180: 0.186 | BU180: 0.179 | BV180: 0.172 | BW180: 0.146 | BX180: 0.134 | BY180: 0.164 | BZ180: 0.161 | CA180: 0.184 | CB180: 0.186 | CC180: 0.141 | CD180: 0.141 | CE180: 0.17 | CF180: 0.167 | CG180: 0.173 | CH180: 0.179 | CI180: 0.156 | CJ180: 0.129 | CK180: 0.139 | CL180: 0.132 | CM180: 0.125 | CN180: 0.137 | CO180: 0.133 | CP180: 0.14 | CQ180: 0.139 | CR180: 0.138 | CS180: 0.153 | CT180: 0.208 | CU180: 0.174
A181: spread | B181: 1.8017014 | C181: T3 | D181: 0.146 | E181: 0.139 | F181: 0.126 | G181: 0.137 | H181: 0.143 | I181: 0.131 | J181: 0.131 | K181: 0.138 | L181: 0.144 | M181: 0.138 | N181: 0.131 | O181: 0.142 | P181: 0.121 | Q181: 0.156 | R181: 0.153 | S181: 0.166 | T181: 0.13 | U181: 0.152 | V181: 0.161 | W181: 0.167 | X181: 0.157 | Y181: 0.151 | Z181: 0.164 | AA181: 0.141 | AB181: 0.203 | AC181: 0.146 | AD181: 0.124 | AE181: 0.153 | AF181: 0.172 | AG181: 0.157 | AH181: 0.119 | AI181: 0.163 | AJ181: 0.202 | AK181: 0.16 | AL181: 0.121 | AM181: 0.155 | AN181: 0.103 | AO181: 0.148 | AP181: 0.146 | AQ181: 0.171 | AR181: 0.119 | AS181: 0.166 | AT181: 0.154 | AU181: 0.157 | AV181: 0.121 | AW181: 0.153 | AX181: 0.153 | AY181: 0.143 | AZ181: 0.147 | BA181: 0.167 | BB181: 0.148 | BC181: 0.167 | BD181: 0.142 | BE181: 0.152 | BF181: 0.175 | BG181: 0.165 | BH181: 0.154 | BI181: 0.165 | BJ181: 0.159 | BK181: 0.148 | BL181: 0.155 | BM181: 0.176 | BN181: 0.151 | BO181: 0.15 | BP181: 0.181 | BQ181: 0.158 | BR181: 0.161 | BS181: 0.172 | BT181: 0.199 | BU181: 0.161 | BV181: 0.163 | BW181: 0.143 | BX181: 0.13 | BY181: 0.15 | BZ181: 0.13 | CA181: 0.146 | CB181: 0.168 | CC181: 0.14 | CD181: 0.163 | CE181: 0.151 | CF181: 0.151 | CG181: 0.152 | CH181: 0.156 | CI181: 0.139 | CJ181: 0.141 | CK181: 0.139 | CL181: 0.126 | CM181: 0.118 | CN181: 0.136 | CO181: 0.126 | CP181: 0.143 | CQ181: 0.141 | CR181: 0.141 | CS181: 0.158 | CT181: 0.153 | CU181: 0.138
A182: spread | B182: 2.076794 | C182: T4 | D182: 0.15 | E182: 0.128 | F182: 0.122 | G182: 0.142 | H182: 0.146 | I182: 0.139 | J182: 0.127 | K182: 0.144 | L182: 0.146 | M182: 0.133 | N182: 0.128 | O182: 0.141 | P182: 0.12 | Q182: 0.144 | R182: 0.14 | S182: 0.162 | T182: 0.124 | U182: 0.143 | V182: 0.174 | W182: 0.157 | X182: 0.152 | Y182: 0.146 | Z182: 0.153 | AA182: 0.142 | AB182: 0.153 | AC182: 0.129 | AD182: 0.116 | AE182: 0.141 | AF182: 0.195 | AG182: 0.171 | AH182: 0.118 | AI182: 0.152 | AJ182: 0.183 | AK182: 0.156 | AL182: 0.11 | AM182: 0.14 | AN182: 0.114 | AO182: 0.157 | AP182: 0.14 | AQ182: 0.159 | AR182: 0.119 | AS182: 0.143 | AT182: 0.145 | AU182: 0.151 | AV182: 0.12 | AW182: 0.158 | AX182: 0.135 | AY182: 0.144 | AZ182: 0.145 | BA182: 0.17 | BB182: 0.149 | BC182: 0.159 | BD182: 0.147 | BE182: 0.163 | BF182: 0.167 | BG182: 0.162 | BH182: 0.153 | BI182: 0.16 | BJ182: 0.146 | BK182: 0.144 | BL182: 0.162 | BM182: 0.163 | BN182: 0.165 | BO182: 0.14 | BP182: 0.184 | BQ182: 0.185 | BR182: 0.159 | BS182: 0.154 | BT182: 0.161 | BU182: 0.161 | BV182: 0.149 | BW182: 0.15 | BX182: 0.128 | BY182: 0.151 | BZ182: 0.128 | CA182: 0.126 | CB182: 0.159 | CC182: 0.14 | CD182: 0.135 | CE182: 0.151 | CF182: 0.149 | CG182: 0.153 | CH182: 0.148 | CI182: 0.138 | CJ182: 0.141 | CK182: 0.135 | CL182: 0.134 | CM182: 0.124 | CN182: 0.142 | CO182: 0.134 | CP182: 0.143 | CQ182: 0.143 | CR182: 0.142 | CS182: 0.152 | CT182: 0.146 | CU182: 0.14
A183: spread | B183: 2.7828125 | C183: T5 | D183: 0.154 | E183: 0.134 | F183: 0.132 | G183: 0.159 | H183: 0.179 | I183: 0.134 | J183: 0.128 | K183: 0.15 | L183: 0.182 | M183: 0.182 | N183: 0.178 | O183: 0.143 | P183: 0.175 | Q183: 0.135 | R183: 0.16 | S183: 0.173 | T183: 0.152 | U183: 0.136 | V183: 0.165 | W183: 0.155 | X183: 0.161 | Y183: 0.163 | Z183: 0.189 | AA183: 0.184 | AB183: 0.218 | AC183: 0.134 | AD183: 0.105 | AE183: 0.152 | AF183: 0.174 | AG183: 0.167 | AH183: 0.113 | AI183: 0.151 | AJ183: 0.214 | AK183: 0.163 | AL183: 0.132 | AM183: 0.142 | AN183: 0.101 | AO183: 0.136 | AP183: 0.13 | AQ183: 0.151 | AR183: 0.104 | AS183: 0.134 | AT183: 0.138 | AU183: 0.147 | AV183: 0.113 | AW183: 0.158 | AX183: 0.141 | AY183: 0.144 | AZ183: 0.146 | BA183: 0.161 | BB183: 0.14 | BC183: 0.156 | BD183: 0.146 | BE183: 0.155 | BF183: 0.164 | BG183: 0.147 | BH183: 0.148 | BI183: 0.159 | BJ183: 0.146 | BK183: 0.145 | BL183: 0.164 | BM183: 0.149 | BN183: 0.144 | BO183: 0.147 | BP183: 0.188 | BQ183: 0.143 | BR183: 0.144 | BS183: 0.145 | BT183: 0.157 | BU183: 0.156 | BV183: 0.144 | BW183: 0.151 | BX183: 0.133 | BY183: 0.154 | BZ183: 0.146 | CA183: 0.136 | CB183: 0.158 | CC183: 0.155 | CD183: 0.135 | CE183: 0.142 | CF183: 0.14 | CG183: 0.143 | CH183: 0.137 | CI183: 0.137 | CJ183: 0.142 | CK183: 0.169 | CL183: 0.146 | CM183: 0.142 | CN183: 0.144 | CO183: 0.145 | CP183: 0.146 | CQ183: 0.144 | CR183: 0.145 | CS183: 0.153 | CT183: 0.146 | CU183: 0.14
A184: spread | B184: 3.0401736 | C184: T6 | D184: 0.152 | E184: 0.13 | F184: 0.127 | G184: 0.138 | H184: 0.16 | I184: 0.134 | J184: 0.129 | K184: 0.151 | L184: 0.154 | M184: 0.136 | N184: 0.133 | O184: 0.142 | P184: 0.135 | Q184: 0.152 | R184: 0.174 | S184: 0.19 | T184: 0.146 | U184: 0.152 | V184: 0.17 | W184: 0.167 | X184: 0.163 | Y184: 0.155 | Z184: 0.173 | AA184: 0.143 | AB184: 0.177 | AC184: 0.15 | AD184: 0.122 | AE184: 0.165 | AF184: 0.252 | AG184: 0.188 | AH184: 0.124 | AI184: 0.159 | AJ184: 0.211 | AK184: 0.163 | AL184: 0.13 | AM184: 0.139 | AN184: 0.117 | AO184: 0.174 | AP184: 0.147 | AQ184: 0.165 | AR184: 0.122 | AS184: 0.161 | AT184: 0.15 | AU184: 0.16 | AV184: 0.123 | AW184: 0.165 | AX184: 0.144 | AY184: 0.143 | AZ184: 0.149 | BA184: 0.183 | BB184: 0.162 | BC184: 0.162 | BD184: 0.161 | BE184: 0.171 | BF184: 0.17 | BG184: 0.169 | BH184: 0.161 | BI184: 0.17 | BJ184: 0.16 | BK184: 0.143 | BL184: 0.145 | BM184: 0.174 | BN184: 0.175 | BO184: 0.174 | BP184: 0.19 | BQ184: 0.16 | BR184: 0.153 | BS184: 0.171 | BT184: 0.171 | BU184: 0.169 | BV184: 0.163 | BW184: 0.15 | BX184: 0.15 | BY184: 0.179 | BZ184: 0.151 | CA184: 0.161 | CB184: 0.182 | CC184: 0.163 | CD184: 0.154 | CE184: 0.162 | CF184: 0.161 | CG184: 0.163 | CH184: 0.161 | CI184: 0.136 | CJ184: 0.144 | CK184: 0.151 | CL184: 0.145 | CM184: 0.136 | CN184: 0.145 | CO184: 0.153 | CP184: 0.145 | CQ184: 0.143 | CR184: 0.146 | CS184: 0.151 | CT184: 0.146 | CU184: 0.139
A185: spread | B185: 5.9682176 | C185: T7 | D185: 0.154 | E185: 0.133 | F185: 0.126 | G185: 0.146 | H185: 0.144 | I185: 0.135 | J185: 0.125 | K185: 0.142 | L185: 0.146 | M185: 0.134 | N185: 0.125 | O185: 0.143 | P185: 0.133 | Q185: 0.123 | R185: 0.143 | S185: 0.169 | T185: 0.139 | U185: 0.127 | V185: 0.15 | W185: 0.143 | X185: 0.136 | Y185: 0.132 | Z185: 0.144 | AA185: 0.144 | AB185: 0.209 | AC185: 0.138 | AD185: 0.1 | AE185: 0.149 | AF185: 0.211 | AG185: 0.163 | AH185: 0.1 | AI185: 0.137 | AJ185: 0.197 | AK185: 0.14 | AL185: 0.1 | AM185: 0.135 | AN185: 0.097 | AO185: 0.149 | AP185: 0.129 | AQ185: 0.145 | AR185: 0.101 | AS185: 0.146 | AT185: 0.125 | AU185: 0.142 | AV185: 0.101 | AW185: 0.144 | AX185: 0.129 | AY185: 0.141 | AZ185: 0.147 | BA185: 0.19 | BB185: 0.141 | BC185: 0.142 | BD185: 0.149 | BE185: 0.185 | BF185: 0.154 | BG185: 0.142 | BH185: 0.151 | BI185: 0.158 | BJ185: 0.143 | BK185: 0.141 | BL185: 0.152 | BM185: 0.152 | BN185: 0.14 | BO185: 0.147 | BP185: 0.189 | BQ185: 0.156 | BR185: 0.123 | BS185: 0.148 | BT185: 0.15 | BU185: 0.152 | BV185: 0.141 | BW185: 0.15 | BX185: 0.171 | BY185: 0.163 | BZ185: 0.145 | CA185: 0.145 | CB185: 0.205 | CC185: 0.162 | CD185: 0.133 | CE185: 0.136 | CF185: 0.17 | CG185: 0.158 | CH185: 0.139 | CI185: 0.131 | CJ185: 0.165 | CK185: 0.166 | CL185: 0.143 | CM185: 0.139 | CN185: 0.168 | CO185: 0.165 | CP185: 0.143 | CQ185: 0.144 | CR185: 0.176 | CS185: 0.162 | CT185: 0.147 | CU185: 0.14
A186: spread | B186: 7.8230324 | C186: T8 | D186: 0.151 | E186: 0.13 | F186: 0.125 | G186: 0.149 | H186: 0.141 | I186: 0.131 | J186: 0.125 | K186: 0.138 | L186: 0.142 | M186: 0.131 | N186: 0.123 | O186: 0.138 | P186: 0.131 | Q186: 0.128 | R186: 0.153 | S186: 0.162 | T186: 0.143 | U186: 0.132 | V186: 0.17 | W186: 0.154 | X186: 0.142 | Y186: 0.517 | Z186: 0.143 | AA186: 0.141 | AB186: 0.203 | AC186: 0.162 | AD186: 0.101 | AE186: 0.147 | AF186: 0.225 | AG186: 0.138 | AH186: 0.098 | AI186: 0.134 | AJ186: 0.241 | AK186: 0.139 | AL186: 0.098 | AM186: 0.132 | AN186: 0.099 | AO186: 0.148 | AP186: 0.123 | AQ186: 0.141 | AR186: 0.099 | AS186: 0.141 | AT186: 0.115 | AU186: 0.141 | AV186: 0.099 | AW186: 0.144 | AX186: 0.125 | AY186: 0.138 | AZ186: 0.137 | BA186: 0.181 | BB186: 0.145 | BC186: 0.135 | BD186: 0.139 | BE186: 0.186 | BF186: 0.163 | BG186: 0.156 | BH186: 0.141 | BI186: 0.155 | BJ186: 0.14 | BK186: 0.137 | BL186: 0.15 | BM186: 0.15 | BN186: 0.128 | BO186: 0.139 | BP186: 0.173 | BQ186: 0.151 | BR186: 0.128 | BS186: 0.152 | BT186: 0.151 | BU186: 0.152 | BV186: 0.139 | BW186: 0.146 | BX186: 0.201 | BY186: 0.188 | BZ186: 0.129 | CA186: 0.139 | CB186: 0.268 | CC186: 0.17 | CD186: 0.129 | CE186: 0.13 | CF186: 0.205 | CG186: 0.169 | CH186: 0.133 | CI186: 0.127 | CJ186: 0.181 | CK186: 0.188 | CL186: 0.16 | CM186: 0.14 | CN186: 0.185 | CO186: 0.168 | CP186: 0.14 | CQ186: 0.14 | CR186: 0.206 | CS186: 0.164 | CT186: 0.143 | CU186: 0.135
A187: blank | B187: 8.1018519e-05 | C187: T0 | D187: 0.086 | E187: 0.087 | F187: 0.092 | G187: 0.088 | H187: 0.09 | I187: 0.089 | J187: 0.092 | K187: 0.087 | L187: 0.088 | M187: 0.091 | N187: 0.093 | O187: 0.093 | P187: 0.993 | Q187: 0.121 | R187: 0.124 | S187: 0.165 | T187: 0.087 | U187: 0.128 | V187: 0.55 | W187: 0.085 | X187: 0.088 | Y187: 0.108 | Z187: 0.525 | AA187: 0.09 | AB187: 0.961 | AC187: 0.087 | AD187: 0.089 | AE187: 0.087 | AF187: 0.15 | AG187: 1.048 | AH187: 0.087 | AI187: 0.087 | AJ187: 0.121 | AK187: 0.089 | AL187: 0.092 | AM187: 0.089 | AN187: 0.093 | AO187: 0.089 | AP187: 0.086 | AQ187: 0.086 | AR187: 0.093 | AS187: 0.09 | AT187: 0.091 | AU187: 0.088 | AV187: 0.094 | AW187: 0.09 | AX187: 0.088 | AY187: 0.087 | AZ187: 0.095 | BA187: 0.087 | BB187: 0.085 | BC187: 0.091 | BD187: 0.088 | BE187: 0.103 | BF187: 0.087 | BG187: 0.09 | BH187: 0.107 | BI187: 0.084 | BJ187: 0.089 | BK187: 0.088 | BL187: 1.23 | BM187: 0.232 | BN187: 0.945 | BO187: 0.122 | BP187: 0.209 | BQ187: 0.232 | BR187: 1.601 | BS187: 0.093 | BT187: 0.091 | BU187: 0.607 | BV187: 1.274 | BW187: 0.161 | BX187: 0.088 | BY187: 0.299 | BZ187: 0.101 | CA187: 0.086 | CB187: 0.102 | CC187: 0.085 | CD187: 0.104 | CE187: 0.278 | CF187: 0.103 | CG187: 0.316 | CH187: 0.239 | CI187: 0.092 | CJ187: 0.086 | CK187: 0.18 | CL187: 0.091 | CM187: 0.085 | CN187: 0.09 | CO187: 0.086 | CP187: 0.09 | CQ187: 0.086 | CR187: 0.086 | CS187: 0.09 | CT187: 0.215 | CU187: 0.095
A188: blank | B188: 0.78418981 | C188: T1 | D188: 0.094 | E188: 0.106 | F188: 0.1 | G188: 0.089 | H188: 0.09 | I188: 0.09 | J188: 0.092 | K188: 0.088 | L188: 0.089 | M188: 0.09 | N188: 0.092 | O188: 0.102 | P188: 0.101 | Q188: 0.109 | R188: 0.313 | S188: 0.092 | T188: 0.088 | U188: 0.219 | V188: 0.099 | W188: 0.086 | X188: 0.09 | Y188: 0.108 | Z188: 0.087 | AA188: 0.091 | AB188: 0.105 | AC188: 0.088 | AD188: 0.091 | AE188: 0.087 | AF188: 0.117 | AG188: 0.498 | AH188: 0.089 | AI188: 0.089 | AJ188: 0.125 | AK188: 0.09 | AL188: 0.093 | AM188: 0.088 | AN188: 0.093 | AO188: 0.092 | AP188: 0.087 | AQ188: 0.089 | AR188: 0.096 | AS188: 0.094 | AT188: 0.094 | AU188: 0.09 | AV188: 0.095 | AW188: 0.09 | AX188: 0.088 | AY188: 0.087 | AZ188: 0.088 | BA188: 0.088 | BB188: 0.088 | BC188: 0.093 | BD188: 0.091 | BE188: 0.107 | BF188: 0.09 | BG188: 0.092 | BH188: 0.095 | BI188: 0.087 | BJ188: 0.088 | BK188: 0.089 | BL188: 0.094 | BM188: 0.09 | BN188: 1.196 | BO188: 0.093 | BP188: 0.092 | BQ188: 0.512 | BR188: 1.158 | BS188: 0.098 | BT188: 0.094 | BU188: 0.535 | BV188: 1.258 | BW188: 0.094 | BX188: 0.088 | BY188: 0.088 | BZ188: 0.106 | CA188: 0.086 | CB188: 0.086 | CC188: 0.086 | CD188: 0.089 | CE188: 0.088 | CF188: 0.089 | CG188: 0.088 | CH188: 0.088 | CI188: 0.091 | CJ188: 0.09 | CK188: 0.085 | CL188: 0.088 | CM188: 0.086 | CN188: 0.09 | CO188: 0.086 | CP188: 0.091 | CQ188: 0.086 | CR188: 0.086 | CS188: 0.087 | CT188: 0.087 | CU188: 0.091
A189: blank | B189: 1.0245833 | C189: T2 | D189: 0.085 | E189: 0.088 | F189: 0.094 | G189: 0.088 | H189: 0.089 | I189: 0.093 | J189: 0.092 | K189: 0.09 | L189: 0.086 | M189: 0.09 | N189: 0.093 | O189: 0.093 | P189: 0.089 | Q189: 0.101 | R189: 0.087 | S189: 0.087 | T189: 0.085 | U189: 0.103 | V189: 0.095 | W189: 0.084 | X189: 0.087 | Y189: 0.106 | Z189: 0.087 | AA189: 0.096 | AB189: 0.104 | AC189: 0.087 | AD189: 0.088 | AE189: 0.088 | AF189: 0.113 | AG189: 0.391 | AH189: 0.086 | AI189: 0.087 | AJ189: 0.119 | AK189: 0.089 | AL189: 0.092 | AM189: 0.088 | AN189: 0.093 | AO189: 0.091 | AP189: 0.087 | AQ189: 0.089 | AR189: 0.095 | AS189: 0.09 | AT189: 0.088 | AU189: 0.093 | AV189: 0.093 | AW189: 0.098 | AX189: 0.09 | AY189: 0.089 | AZ189: 0.089 | BA189: 0.086 | BB189: 0.086 | BC189: 0.091 | BD189: 0.088 | BE189: 0.103 | BF189: 0.085 | BG189: 0.088 | BH189: 0.092 | BI189: 0.085 | BJ189: 0.089 | BK189: 0.088 | BL189: 0.094 | BM189: 0.089 | BN189: 1.071 | BO189: 0.091 | BP189: 0.091 | BQ189: 0.563 | BR189: 1.137 | BS189: 0.098 | BT189: 0.093 | BU189: 0.086 | BV189: 1.259 | BW189: 0.094 | BX189: 0.088 | BY189: 0.087 | BZ189: 0.087 | CA189: 0.086 | CB189: 0.086 | CC189: 0.085 | CD189: 0.086 | CE189: 0.089 | CF189: 0.088 | CG189: 0.088 | CH189: 0.103 | CI189: 0.091 | CJ189: 0.09 | CK189: 0.085 | CL189: 0.088 | CM189: 0.087 | CN189: 0.087 | CO189: 0.087 | CP189: 0.087 | CQ189: 0.087 | CR189: 0.087 | CS189: 0.087 | CT189: 0.089 | CU189: 0.091
... A195: blank | B195: 7.8137384 | C195: T8 | D195: 0.086 | E195: 0.088 | F195: 0.105 | G195: 0.09 | H195: 0.09 | I195: 0.092 | J195: 0.102 | K195: 0.089 | L195: 0.092 | M195: 0.095 | N195: 0.095 | O195: 0.086 | P195: 0.089 | Q195: 0.094 | R195: 0.088 | S195: 0.088 | T195: 0.087 | U195: 0.097 | V195: 0.088 | W195: 0.085 | X195: 0.09 | Y195: 0.099 | Z195: 0.086 | AA195: 0.087 | AB195: 0.1 | AC195: 0.087 | AD195: 0.09 | AE195: 0.087 | AF195: 0.11 | AG195: 0.089 | AH195: 0.089 | AI195: 0.087 | AJ195: 0.108 | AK195: 0.087 | AL195: 0.089 | AM195: 0.086 | AN195: 0.093 | AO195: 0.112 | AP195: 0.088 | AQ195: 0.087 | AR195: 0.093 | AS195: 0.089 | AT195: 0.087 | AU195: 0.085 | AV195: 0.093 | AW195: 0.085 | AX195: 0.087 | AY195: 0.088 | AZ195: 0.087 | BA195: 0.085 | BB195: 0.087 | BC195: 0.089 | BD195: 0.088 | BE195: 0.101 | BF195: 0.09 | BG195: 0.089 | BH195: 0.091 | BI195: 0.086 | BJ195: 0.087 | BK195: 0.094 | BL195: 0.094 | BM195: 0.09 | BN195: 0.088 | BO195: 0.095 | BP195: 0.095 | BQ195: 0.083 | BR195: 0.085 | BS195: 0.092 | BT195: 0.091 | BU195: 0.098 | BV195: 0.085 | BW195: 0.088 | BX195: 0.09 | BY195: 0.08 | BZ195: 0.087 | CA195: 0.089 | CB195: 0.088 | CC195: 0.083 | CD195: 0.092 | CE195: 0.089 | CF195: 0.087 | CG195: 0.087 | CH195: 0.101 | CI195: 0.078 | CJ195: 0.092 | CK195: 0.089 | CL195: 0.091 | CM195: 0.09 | CN195: 0.09 | CO195: 0.082 | CP195: 0.088 | CQ195: 0.089 | CR195: 0.087 | CS195: 0.088 | CT195: 0.089 | CU195: 0.084

Sheet strain_names
A1: strain_number | B1: name
A2: 6146 | B2: Variovorax
A3: 6147 | B3: Flavobacterium
A4: 6150 | B4: Microbacterium
A5: 6152 | B5: Mucilaginibacter
A6: 6477 | B6: Rhodococcus
A7: 6483 | B7: Cellulomonas
A8: 6500 | B8: Luteibacter
A9: 6519 | B9: Mesorhizobium
A10: 6533 | B10: Pseudomonas2
A11: 6551 | B11: Pseudomonas1
A12: 6699 | B12: Burkholderia
A13: 6700 | B13: Rahnella
A14: spr | B14: Chitinophaga
A15: 6155 | B15: Curtobacterium
A16: 6478 | B16: Bradyrhizobium
A17: 6508 | B17: Phenylobacterium
A18: 6525 | B18: Lysobacter
A19: 6537 | B19: Caulobacter
A20: 6593 | B20: Devosia
A21: 6695 | B21: Cohnella
A22: 6697 | B22: Tardiphaga

Sheet Parameters from R
A1: Resources/Species | B1: water_1 | C1: Beta-Methyl-D-Glucoside_1 | D1: D-Galactonic-Acid-Gamma-Lactone_1 | E1: L-Arginine_1 | F1: water_2 | G1: Beta-Methyl-D-Glucoside_2 | H1: D-Galactonic-Acid-Gamma-Lactone_2 | I1: L-Arginine_2 | J1: water_3 | K1: Beta-Methyl-D-Glucoside_3 | L1: D-Galactonic-Acid-Gamma-Lactone_3 | M1: L-Arginine_3 | N1: Pyruvic-Acid-Methyl-Ester_1 | O1: D-Xylose_1 | P1: D-Galacturonic-Acid_1 | Q1: L-Asparagine_1 | R1: Pyruvic-Acid-Methyl-Ester_2 | S1: D-Xylose_2 | T1: D-Galacturonic-Acid_2 | U1: L-Asparagine_2 | V1: Pyruvic-Acid-Methyl-Ester_3 | W1: D-Xylose_3 | X1: D-Galacturonic-Acid_3 | Y1: L-Asparagine_3 | Z1: Tween-40_1 | AA1: I-Erythriol_1 | AB1: 2-Hydroxy-Benzoic-Acid_1 | AC1: Phenylalanine_1 | AD1: Tween-40_2 | AE1: I-Erythriol_2 | AF1: 2-Hydroxy-Benzoic-Acid_2 | AG1: Phenylalanine_2 | AH1: Tween-40_3 | AI1: I-Erythriol_3 | AJ1: 2-Hydroxy-Benzoic-Acid_3 | AK1: Phenylalanine_3 | AL1: Tween-80_1 | AM1: D-Mannitol_1 | AN1: 4-Hydroxy-Benzoic-Acid_1 | AO1: L-Serine_1 | AP1: Tween-80_2 | AQ1: D-Mannitol_2 | AR1: 4-Hydroxy-Benzoic-Acid_2 | AS1: L-Serine_2 | AT1: Tween-80_3 | AU1: D-Mannitol_3 | AV1: 4-Hydroxy-Benzoic-Acid_3 | AW1: L-Serine_3 | AX1: Cyclodextrin_1 | AY1: N-Acetyl-D-Glucosamine_1 | AZ1: Gamma-Amino-Butyric-Acid_1 | BA1: L-Threonine_1 | BB1: Cyclodextrin_2 | BC1: N-Acetyl-D-Glucosamine_2 | BD1: Gamma-Hydroxybutyric-Acid_2 | BE1: L-Threonine_2 | BF1: Cyclodextrin_3 | BG1: N-Acetyl-D-Glucosamine_3 | BH1: Gamma-Hydroxybutyric-Acid_3 | BI1: L-Threonine_3 | BJ1: Glycogen_1 | BK1: D-Glucosaminic-Acid_1 | BL1: Itaconic-Acid_1 | BM1: Glycyl-L-Glutamic-Acid_1 | BN1: Glycogen_2 | BO1: D-Glucosaminic-Acid_2 | BP1: Itaconic-Acid_2 | BQ1: Glycyl-L-Glutamic-Acid_2 | BR1: Glycogen_3 | BS1: D-Glucosaminic-Acid_3 | BT1: Itaconic-Acid_3 | BU1: Glycyl-L-Glutamic-Acid_3 | BV1: D-Cellobiose_1 | BW1: Glucose-1-Phosphate_1 | BX1: Alpha-Ketobutyric-Acid_1 | BY1: Phenylethyl-amine_1 | BZ1: D-Cellobiose_2 | CA1: Glucose-1-Phosphate_2 | CB1: Alpha-Ketobutyric-Acid_2 | CC1: Phenylethyl-amine_2 | CD1: D-Cellobiose_3 | CE1: Glucose-1-Phosphate_3 | CF1: Alpha-Ketobutyric-Acid_3 | CG1: Phenylethyl-amine_3 | CH1: Alpha-D-Lactose_1 | CI1: D,L-Alpha-Glycerol-Phosphate_1 | CJ1: D-Malic-Acid_1 | CK1: Putrescine_1 | CL1: Alpha-D-Lactose_2 | CM1: D,L-Alpha-Glycerol-Phosphate_2 | CN1: D-Malic-Acid_2 | CO1: Putrescine_2 | CP1: Alpha-D-Lactose_3 | CQ1: D,L-Alpha-Glycerol-Phosphate_3 | CR1: D-Malic-Acid_3 | CS1: Putrescine_3
A2: Chitinophaga | B2: 0.072878139 | C2: 2.4878832 | D2: 1.5972903 | E2: 0.048003763 | F2: 0.093083737 | G2: 0.11662153 | H2: 2.4956328 | I2: 1.014409 | J2: 0.10052032 | K2: 0.061953456 | L2: 0.086261913 | M2: 0.030032873 | N2: 0.034401615 | O2: 2.4989655 | P2: 0.1700932 | Q2: 2.465251 | R2: 1.1695114 | S2: 2.4977741 | T2: 2.4996362 | U2: 2.4892732 | V2: 0.82650687 | W2: 0.023232915 | X2: 2.4925861 | Y2: 0.045574899 | Z2: 2.454177 | AA2: 1.5102287 | AB2: 2.4992768 | AC2: 2.447568 | AD2: 0.031426478 | AE2: 0.070343707 | AF2: 2.4860666 | AG2: 2.4994816 | AH2: 0.0050407893 | AI2: 1.2819077 | AJ2: 0.93155673 | AK2: 0.12212835 | AL2: 2.4971593 | AM2: 2.4953914 | AN2: 2.4996941 | AO2: 1.3032172 | AP2: 0.8358825 | AQ2: 2.4630799 | AR2: 2.4158253 | AS2: 2.4992691 | AT2: 2.4941969 | AU2: 2.4620916 | AV2: 2.4942533 | AW2: 0.13524758 | AX2: 0.07218121 | AY2: 0.10127869 | AZ2: 2.4984196 | BA2: 2.4970262 | BB2: 2.4884179 | BC2: 0.010559321 | BD2: 2.4962171 | BE2: 2.4981729 | BF2: 2.2629839 | BG2: 2.4090311 | BH2: 2.496484 | BI2: 2.4991102 | BJ2: 2.4502927 | BK2: 2.4967823 | BL2: 0.01225735 | BM2: 2.4304263 | BN2: 0.059886527 | BO2: 0.07360467 | BP2: 0.022617451 | BQ2: 2.4308061 | BR2: 2.498938 | BS2: 0.13320518 | BT2: 0.028670264 | BU2: 0.01430324 | BV2: 0.009454443 | BW2: 0.0037912337 | BX2: 1.9779605 | BY2: 2.490011 | BZ2: 0.018310379 | CA2: 0.0038726557 | CB2: 2.499422 | CC2: 2.482032 | CD2: 0.016276839 | CE2: 2.4935708 | CF2: 2.4519942 | CG2: 2.2595012 | CH2: 0.0082584215 | CI2: 0.0056455351 | CJ2: 0.034660246 | CK2: 0.018003005 | CL2: 0.015665539 | CM2: 0.0080922536 | CN2: 2.4869403 | CO2: 2.2949185 | CP2: 0.012417283 | CQ2: 1.6765169 | CR2: 2.4991297 | CS2: 2.4928368
A3: Rahnella | B3: 0.018222558 | C3: 0.21859147 | D3: 0.051038576 | E3: 0.016843715 | F3: 0.054420003 | G3: 2.4915977 | H3: 0.053012783 | I3: 0.040922385 | J3: 0.056011182 | K3: 2.498994 | L3: 0.13624896 | M3: 0.06800107 | N3: 0.058234542 | O3: 0.22726636 | P3: 0.047357195 | Q3: 0.042610811 | R3: 2.464935 | S3: 0.07418655 | T3: 0.027631497 | U3: 0.047508458 | V3: 2.4968806 | W3: 2.4229856 | X3: 0.017119847 | Y3: 0.039568496 | Z3: 0.032260119 | AA3: 0.070413597 | AB3: 2.4681325 | AC3: 0.073965225 | AD3: 0.070339259 | AE3: 0.10444171 | AF3: 0.11483553 | AG3: 0.081339333 | AH3: 0.046345723 | AI3: 2.4844609 | AJ3: 2.4980697 | AK3: 0.075261324 | AL3: 0.060440574 | AM3: 2.4972966 | AN3: 0.074321342 | AO3: 0.067297029 | AP3: 0.064980866 | AQ3: 0.16957483 | AR3: 0.09579101 | AS3: 0.070491945 | AT3: 0.061750457 | AU3: 2.4614458 | AV3: 0.11146279 | AW3: 0.069283556 | AX3: 0.07824849 | AY3: 2.4844511 | AZ3: 0.092313433 | BA3: 0.068459876 | BB3: 0.049788237 | BC3: 2.4893605 | BD3: 0.09531846 | BE3: 0.098916124 | BF3: 0.08172594 | BG3: 2.4853977 | BH3: 0.073967342 | BI3: 0.031266061 | BJ3: 0.082037996 | BK3: 0.0092006207 | BL3: 0.017423348 | BM3: 0.041072479 | BN3: 0.07130311 | BO3: 0.049157769 | BP3: 0.033932114 | BQ3: 0.059549242 | BR3: 0.099095862 | BS3: 0.04760986 | BT3: 0.035531832 | BU3: 0.047892418 | BV3: 2.4529996 | BW3: 0.054970533 | BX3: 0.13845907 | BY3: 0.1208806 | BZ3: 0.12845327 | CA3: 0.10884734 | CB3: 0.2205588 | CC3: 0.030304732 | CD3: 0.14072109 | CE3: 0.068313811 | CF3: 0.037706937 | CG3: 0.15919159 | CH3: 0.22478525 | CI3: 0.010260258 | CJ3: 0.027556989 | CK3: 0.016709195 | CL3: 2.4861051 | CM3: 0.22507379 | CN3: 0.025579457 | CO3: 0.063973177 | CP3: 0.22850013 | CQ3: 0.20519079 | CR3: 0.032455977 | CS3: 0.033086636
A4: Burkholderia | B4: 0.060061752 | C4: 0.032366839 | D4: 0.028587918 | E4: 0.067233944 | F4: 0.043524741 | G4: 0.025725649 | H4: 0.044126184 | I4: 0.09746585 | J4: 2.4475349 | K4: 0.033597173 | L4: 0.042108349 | M4: 0.082038804 | N4: 0.038140205 | O4: 0.033867007 | P4: 0.055151323 | Q4: 0.067960326 | R4: 2.4930835 | S4: 0.061365359 | T4: 0.028208618 | U4: 0.048396562 | V4: 0.059546554 | W4: 0.03278498 | X4: 0.026254364 | Y4: 0.085361407 | Z4: 0.015253804 | AA4: 0.032125809 | AB4: 0.025581509 | AC4: 0.075319935 | AD4: 2.4541501 | AE4: 0.056470266 | AF4: 0.021540092 | AG4: 0.049149025 | AH4: 2.4715719 | AI4: 0.03279157 | AJ4: 0.042731587 | AK4: 0.055114915 | AL4: 0.13442131 | AM4: 0.074420323 | AN4: 0.066152258 | AO4: 0.028857767 | AP4: 0.04097788 | AQ4: 0.052062048 | AR4: 0.038876668 | AS4: 0.048287102 | AT4: 0.033341714 | AU4: 0.03797511 | AV4: 0.051770329 | AW4: 0.044192447 | AX4: 0.063842165 | AY4: 0.063754389 | AZ4: 0.064714393 | BA4: 0.044108669 | BB4: 0.012285 | BC4: 0.06344795 | BD4: 0.055143338 | BE4: 0.043805165 | BF4: 0.023619487 | BG4: 0.049927897 | BH4: 0.056024187 | BI4: 0.062988837 | BJ4: 2.4069259 | BK4: 0.058179485 | BL4: 0.020559695 | BM4: 0.027703651 | BN4: 2.3704308 | BO4: 0.10450102 | BP4: 0.03517332 | BQ4: 0.03014965 | BR4: 0.016974242 | BS4: 0.11118975 | BT4: 0.042633012 | BU4: 0.030104706 | BV4: 0.064584286 | BW4: 0.016535061 | BX4: 0.025085332 | BY4: 2.3427974 | BZ4: 0.055749122 | CA4: 0.039480611 | CB4: 0.059772451 | CC4: 0.014127184 | CD4: 0.051367977 | CE4: 0.0085599709 | CF4: 0.038667307 | CG4: 0.12563509 | CH4: 0.051173102 | CI4: 0.022630698 | CJ4: 0.072640265 | CK4: 0.04528901 | CL4: 2.4811778 | CM4: 0.038290515 | CN4: 0.1048096 | CO4: 2.4858655 | CP4: 0.042433041 | CQ4: 0.03052538 | CR4: 0.095379433 | CS4: 0.049524304
A5: Tardiphaga | B5: 0.025810303 | C5: 0.029003494 | D5: 0.015842552 | E5: 0.0073730121 | F5: 0.0082243965 | G5: 0.0052597703 | H5: 0.089640323 | I5: 0.016979222 | J5: 0.011089094 | K5: 0.025774911 | L5: 0.044573904 | M5: 0.024607633 | N5: 0.026120964 | O5: 0.0094977978 | P5: 0.040207653 | Q5: 0.0070359711 | R5: 0.018189006 | S5: 0.051533644 | T5: 0.0065967643 | U5: 0.0069786848 | V5: 0.01696685 | W5: 0.011457244 | X5: 0.035000489 | Y5: 0.017434741 | Z5: 0.0087315224 | AA5: 0.0075754202 | AB5: 0.021500118 | AC5: 0.0068891697 | AD5: 0.010802025 | AE5: 0.038740266 | AF5: 0.045003396 | AG5: 0.0055422424 | AH5: 0.007689345 | AI5: 0.0097309103 | AJ5: 0.022555073 | AK5: 0.011614513 | AL5: 0.0096433465 | AM5: 0.0078699857 | AN5: 0.0097653929 | AO5: 0.0087722244 | AP5: 0.014349623 | AQ5: 0.0057406253 | AR5: 0.014211791 | AS5: 0.0066566788 | AT5: 0.015339709 | AU5: 0.0097297612 | AV5: 0.01584693 | AW5: 0.031585639 | AX5: 2.487875 | AY5: 0.0089854086 | AZ5: 0.0080163748 | BA5: 0.0061231759 | BB5: 0.0070441646 | BC5: 0.0089060149 | BD5: 0.0093056189 | BE5: 0.010464021 | BF5: 0.014441626 | BG5: 0.035466624 | BH5: 0.006977965 | BI5: 0.050403432 | BJ5: 0.11179589 | BK5: 0.011203271 | BL5: 0.020203271 | BM5: 0.0067123445 | BN5: 0.011221264 | BO5: 0.042732371 | BP5: 0.024503348 | BQ5: 0.0078408235 | BR5: 0.0072071529 | BS5: 0.075444825 | BT5: 0.019693001 | BU5: 0.0092627479 | BV5: 0.004994813 | BW5: 0.013675181 | BX5: 0.010993183 | BY5: 0.011149957 | BZ5: 0.0070802519 | CA5: 0.0080304131 | CB5: 0.0091177292 | CC5: 0.0087143353 | CD5: 0.007877683 | CE5: 0.0081110654 | CF5: 0.010546914 | CG5: 0.015334011 | CH5: 0.026756671 | CI5: 0.0073541937 | CJ5: 0.015058959 | CK5: 0.014663482 | CL5: 0.03251046 | CM5: 0.15777245 | CN5: 0.021905261 | CO5: 0.030441211 | CP5: 0.0044638111 | CQ5: 0.026149149 | CR5: 0.019083249 | CS5: 2.4427386
A6: Cohnella | B6: 0.052181979 | C6: 0.041835337 | D6: 0.034582917 | E6: 0.030944208 | F6: 0.023014281 | G6: 0.019015617 | H6: 0.027614979 | I6: 0.027399265 | J6: 0.02911249 | K6: 0.035110989 | L6: 0.056885138 | M6: 0.041646498 | N6: 0.03635315 | O6: 0.053892243 | P6: 0.047725787 | Q6: 0.034218227 | R6: 0.035125845 | S6: 0.056120263 | T6: 0.03772079 | U6: 0.020779542 | V6: 0.027072247 | W6: 0.027233572 | X6: 0.05034307 | Y6: 0.052879223 | Z6: 0.041853951 | AA6: 0.033723753 | AB6: 0.026644202 | AC6: 0.018307362 | AD6: 0.030719196 | AE6: 0.04647715 | AF6: 0.024253432 | AG6: 0.029773261 | AH6: 0.040977082 | AI6: 0.02751986 | AJ6: 0.042753818 | AK6: 0.044731199 | AL6: 0.054828872 | AM6: 0.027110961 | AN6: 0.03164843 | AO6: 0.024712527 | AP6: 0.025367235 | AQ6: 0.026926106 | AR6: 0.027255772 | AS6: 0.024263307 | AT6: 0.023679861 | AU6: 0.026261828 | AV6: 0.032977158 | AW6: 0.044573106 | AX6: 0.040579541 | AY6: 0.021690142 | AZ6: 0.029656773 | BA6: 0.028632871 | BB6: 0.01159118 | BC6: 0.041439762 | BD6: 0.022840515 | BE6: 0.022964688 | BF6: 0.021528201 | BG6: 0.028491682 | BH6: 0.036349952 | BI6: 0.0352765 | BJ6: 0.039652432 | BK6: 0.024509854 | BL6: 0.029358304 | BM6: 0.026538843 | BN6: 0.071985681 | BO6: 0.037347034 | BP6: 0.040077819 | BQ6: 0.043238481 | BR6: 0.020870032 | BS6: 0.053382981 | BT6: 0.045367964 | BU6: 0.039308532 | BV6: 0.023470656 | BW6: 0.018488235 | BX6: 0.034076193 | BY6: 0.024653503 | BZ6: 0.033944701 | CA6: 0.042832796 | CB6: 0.053252785 | CC6: 0.039416964 | CD6: 0.030536215 | CE6: 0.027162815 | CF6: 0.045285224 | CG6: 2.4987857 | CH6: 0.046990364 | CI6: 0.030531327 | CJ6: 0.028394524 | CK6: 0.042554316 | CL6: 0.047970159 | CM6: 0.0070519567 | CN6: 0.02296813 | CO6: 0.015923193 | CP6: 0.026769422 | CQ6: 0.04167639 | CR6: 2.4825202 | CS6: 2.499315
A7: Devosia | B7: 0.068020118 | C7: 0.056902867 | D7: 0.084112097 | E7: 2.4761976 | F7: 0.08686168 | G7: 0.079208407 | H7: 2.4990023 | I7: 0.10172028 | J7: 2.4830364 | K7: 0.077286978 | L7: 0.090033636 | M7: 2.4671746 | N7: 0.057100548 | O7: 0.041044326 | P7: 0.065280807 | Q7: 0.059952895 | R7: 0.071536175 | S7: 0.081576874 | T7: 0.069314917 | U7: 0.048940309 | V7: 0.064013485 | W7: 0.05930691 | X7: 0.071828042 | Y7: 2.4762716 | Z7: 0.076874296 | AA7: 0.031442337 | AB7: 0.059282841 | AC7: 0.041796886 | AD7: 0.080889918 | AE7: 0.066453736 | AF7: 0.047004854 | AG7: 0.047971131 | AH7: 0.082535651 | AI7: 0.04753367 | AJ7: 0.069457309 | AK7: 2.4900512 | AL7: 0.070223203 | AM7: 0.051042942 | AN7: 0.050161008 | AO7: 0.030030032 | AP7: 0.049813039 | AQ7: 0.04008181 | AR7: 0.039430083 | AS7: 0.04407695 | AT7: 0.051753372 | AU7: 0.028506699 | AV7: 0.079106815 | AW7: 0.10199158 | AX7: 0.031048998 | AY7: 0.033885281 | AZ7: 0.031490294 | BA7: 0.035660861 | BB7: 0.055615726 | BC7: 0.056614144 | BD7: 0.032851109 | BE7: 0.042352901 | BF7: 0.043698319 | BG7: 0.032566332 | BH7: 0.052983878 | BI7: 0.1114193 | BJ7: 0.084529246 | BK7: 0.060433726 | BL7: 0.023879056 | BM7: 0.033302547 | BN7: 0.041361483 | BO7: 0.056033752 | BP7: 0.037148393 | BQ7: 0.046923159 | BR7: 0.044108589 | BS7: 0.092902757 | BT7: 0.039900013 | BU7: 0.082594792 | BV7: 0.072240181 | BW7: 0.051537909 | BX7: 0.063987075 | BY7: 0.056398717 | BZ7: 0.050274995 | CA7: 0.053973954 | CB7: 0.056167676 | CC7: 0.098554105 | CD7: 0.038323886 | CE7: 0.042783163 | CF7: 0.14031686 | CG7: 0.099368995 | CH7: 0.090661676 | CI7: 0.075421873 | CJ7: 0.091114485 | CK7: 0.097153142 | CL7: 0.075789394 | CM7: 0.078152032 | CN7: 0.095215563 | CO7: 0.079118354 | CP7: 0.066246745 | CQ7: 0.066093508 | CR7: 0.1225114 | CS7: 0.0822531
A8: Pseudomonas1 | B8: 0.014794927 | C8: 0.025030977 | D8: 2.4594829 | E8: 0.040090325 | F8: 0.014489638 | G8: 0.0067093798 | H8: 0.32569873 | I8: 0.069243035 | J8: 0.015182353 | K8: 0.016976541 | L8: 2.4456437 | M8: 0.11115277 | N8: 2.2741276 | O8: 2.4939074 | P8: 0.088120295 | Q8: 0.0082650497 | R8: 2.4777486 | S8: 2.4928823 | T8: 0.044670672 | U8: 2.458063 | V8: 2.4783068 | W8: 0.080277059 | X8: 0.06902527 | Y8: 0.26030389 | Z8: 0.063426116 | AA8: 0.029047113 | AB8: 0.028100032 | AC8: 0.040873705 | AD8: 2.4883702 | AE8: 0.038549558 | AF8: 0.024133573 | AG8: 0.0390793 | AH8: 2.4987773 | AI8: 0.02897564 | AJ8: 0.022682011 | AK8: 0.013683464 | AL8: 2.4677501 | AM8: 0.036402872 | AN8: 2.4449081 | AO8: 0.036904572 | AP8: 2.4558323 | AQ8: 2.4780578 | AR8: 2.4452712 | AS8: 0.034428723 | AT8: 2.4636937 | AU8: 2.4648375 | AV8: 0.32576992 | AW8: 0.015441754 | AX8: 0.023357702 | AY8: 0.033900114 | AZ8: 0.1657762 | BA8: 0.025034741 | BB8: 0.030085657 | BC8: 0.029228736 | BD8: 2.4929158 | BE8: 0.036079746 | BF8: 0.05548395 | BG8: 0.037818884 | BH8: 2.4531818 | BI8: 0.0070202483 | BJ8: 0.010949 | BK8: 0.077424941 | BL8: 0.084913115 | BM8: 0.015552904 | BN8: 0.021961512 | BO8: 0.11573343 | BP8: 0.13696304 | BQ8: 0.059486409 | BR8: 0.048060464 | BS8: 0.1312802 | BT8: 2.488667 | BU8: 0.01922765 | BV8: 0.019492937 | BW8: 0.014329174 | BX8: 0.040131889 | BY8: 0.017265909 | BZ8: 0.041137314 | CA8: 0.030856321 | CB8: 0.057389898 | CC8: 0.016108059 | CD8: 0.040170137 | CE8: 0.013764279 | CF8: 0.031915753 | CG8: 0.037844775 | CH8: 0.012436992 | CI8: 0.0092511644 | CJ8: 0.20110492 | CK8: 0.049356156 | CL8: 0.014916205 | CM8: 0.19409759 | CN8: 2.4461751 | CO8: 0.046129566 | CP8: 0.016180442 | CQ8: 2.4031783 | CR8: 0.03804546 | CS8: 0.068050274
A9: Caulobacter | B9: 0.034814425 | C9: 0.027146461 | D9: 0.043795452 | E9: 0.010009101 | F9: 0.009003026 | G9: 0.038150059 | H9: 1.7421215 | I9: 0.012866579 | J9: 0.012686918 | K9: 0.015180367 | L9: 0.017954935 | M9: 0.026269836 | N9: 0.027815971 | O9: 0.035763628 | P9: 0.044182308 | Q9: 0.011149239 | R9: 0.012715902 | S9: 0.050217603 | T9: 0.010437329 | U9: 0.012965837 | V9: 0.014332633 | W9: 0.014665107 | X9: 0.013394726 | Y9: 0.018329537 | Z9: 2.4992257 | AA9: 0.023774679 | AB9: 0.015911187 | AC9: 0.013555832 | AD9: 0.016775517 | AE9: 0.022955383 | AF9: 0.017888623 | AG9: 0.011802932 | AH9: 0.02085489 | AI9: 0.013989712 | AJ9: 0.015924154 | AK9: 0.014157199 | AL9: 0.065368293 | AM9: 0.020137541 | AN9: 0.01520552 | AO9: 0.012382383 | AP9: 0.022650078 | AQ9: 0.012391993 | AR9: 0.013560047 | AS9: 0.011956504 | AT9: 0.024224724 | AU9: 0.013616284 | AV9: 0.015477355 | AW9: 0.012397708 | AX9: 0.051234193 | AY9: 0.025464172 | AZ9: 0.017812153 | BA9: 0.015958082 | BB9: 0.012598091 | BC9: 0.021967869 | BD9: 0.014550198 | BE9: 0.01338262 | BF9: 0.01661628 | BG9: 0.011888593 | BH9: 0.015098928 | BI9: 0.01669718 | BJ9: 0.04477543 | BK9: 0.021129826 | BL9: 0.022534804 | BM9: 0.0093236655 | BN9: 0.010221305 | BO9: 0.030302701 | BP9: 0.021223569 | BQ9: 0.01676671 | BR9: 0.013703641 | BS9: 0.044241877 | BT9: 0.022228828 | BU9: 0.13668326 | BV9: 0.030841306 | BW9: 0.014099351 | BX9: 0.029229366 | BY9: 0.017113423 | BZ9: 0.03616224 | CA9: 0.016189045 | CB9: 0.031657033 | CC9: 0.011835127 | CD9: 0.010592165 | CE9: 0.01141246 | CF9: 0.020388823 | CG9: 0.018781695 | CH9: 0.02262153 | CI9: 0.010530292 | CJ9: 0.012175389 | CK9: 0.015770658 | CL9: 0.023212104 | CM9: 0.018183069 | CN9: 0.019978799 | CO9: 0.016783307 | CP9: 0.011122721 | CQ9: 0.026444362 | CR9: 0.030431572 | CS9: 0.032483953
A10: Pseudomonas2 | B10: 0.015795385 | C10: 0.041164135 | D10: 0.17184863 | E10: 2.481999 | F10: 2.4999306 | G10: 2.4350809 | H10: 0.178648 | I10: 2.4426123 | J10: 2.4993615 | K10: 0.038000889 | L10: 0.17111697 | M10: 2.4906402 | N10: 0.053894729 | O10: 0.12792802 | P10: 0.056066178 | Q10: 0.028618327 | R10: 0.092270599 | S10: 0.12266781 | T10: 0.04416967 | U10: 0.189883 | V10: 0.092471625 | W10: 0.05012761 | X10: 0.059970725 | Y10: 2.3619099 | Z10: 0.045970797 | AA10: 0.079222406 | AB10: 0.030622969 | AC10: 0.016238233 | AD10: 0.044247445 | AE10: 2.4400892 | AF10: 0.019570349 | AG10: 0.020881192 | AH10: 2.4756197 | AI10: 0.064790952 | AJ10: 0.038534016 | AK10: 0.03736826 | AL10: 0.10836914 | AM10: 0.13832794 | AN10: 0.092848761 | AO10: 2.3960646 | AP10: 0.10306499 | AQ10: 2.4888441 | AR10: 0.088560588 | AS10: 0.13214296 | AT10: 0.067179321 | AU10: 2.4973427 | AV10: 0.10082048 | AW10: 0.15229551 | AX10: 0.044981672 | AY10: 0.094341828 | AZ10: 2.4441741 | BA10: 0.031729497 | BB10: 0.033325556 | BC10: 0.12879513 | BD10: 0.085781474 | BE10: 0.019703412 | BF10: 0.047993473 | BG10: 0.060818677 | BH10: 0.068682276 | BI10: 0.023698996 | BJ10: 0.04315271 | BK10: 0.055654121 | BL10: 0.10475502 | BM10: 0.045397152 | BN10: 0.014695676 | BO10: 0.10960745 | BP10: 2.4486812 | BQ10: 0.055204281 | BR10: 0.034729025 | BS10: 0.1178852 | BT10: 0.13847317 | BU10: 0.039787486 | BV10: 0.046327443 | BW10: 0.01802701 | BX10: 0.051248377 | BY10: 0.019404912 | BZ10: 0.0439191 | CA10: 0.020433622 | CB10: 0.069572542 | CC10: 0.016571839 | CD10: 0.049336764 | CE10: 0.021036776 | CF10: 0.03464292 | CG10: 0.040187898 | CH10: 0.020362359 | CI10: 0.017267963 | CJ10: 0.03282599 | CK10: 0.060539582 | CL10: 0.023996766 | CM10: 0.071232373 | CN10: 0.024638171 | CO10: 0.054826343 | CP10: 0.015825191 | CQ10: 0.10790283 | CR10: 0.030933871 | CS10: 0.072696638
A11: Lysobacter | B11: 0.088622997 | C11: 0.034517601 | D11: 0.14016836 | E11: 0.048404549 | F11: 0.14019884 | G11: 0.2099349 | H11: 0.016230787 | I11: 0.044964606 | J11: 0.12255922 | K11: 0.076854297 | L11: 0.14356083 | M11: 0.049477278 | N11: 0.036252022 | O11: 0.026107494 | P11: 0.080975685 | Q11: 0.028027383 | R11: 0.030037957 | S11: 0.063372773 | T11: 0.024304345 | U11: 0.021811145 | V11: 0.026958544 | W11: 0.028832365 | X11: 0.016698932 | Y11: 0.070522132 | Z11: 0.055057968 | AA11: 0.028566329 | AB11: 0.0258001 | AC11: 0.017711664 | AD11: 0.05891821 | AE11: 0.063769 | AF11: 0.024478546 | AG11: 0.019394503 | AH11: 0.066616013 | AI11: 0.035136965 | AJ11: 0.024870701 | AK11: 0.049142101 | AL11: 0.043597431 | AM11: 0.026622352 | AN11: 0.016485317 | AO11: 0.041319856 | AP11: 0.026544286 | AQ11: 0.028528594 | AR11: 0.024021955 | AS11: 0.044213263 | AT11: 0.03541927 | AU11: 0.031940067 | AV11: 0.019638446 | AW11: 0.057262988 | AX11: 0.065678265 | AY11: 0.044926692 | AZ11: 0.022981971 | BA11: 0.047569677 | BB11: 0.022448767 | BC11: 0.057892156 | BD11: 0.046893638 | BE11: 0.062863602 | BF11: 0.025135419 | BG11: 0.054041978 | BH11: 0.027670383 | BI11: 0.095949126 | BJ11: 0.034485072 | BK11: 0.046758653 | BL11: 0.041698582 | BM11: 0.057350212 | BN11: 0.070232677 | BO11: 0.053499015 | BP11: 0.046266316 | BQ11: 0.075948692 | BR11: 0.034131512 | BS11: 0.075227149 | BT11: 0.04406687 | BU11: 0.061129818 | BV11: 0.054134964 | BW11: 0.029295114 | BX11: 0.045531803 | BY11: 0.069237057 | BZ11: 0.020403386 | CA11: 0.023933569 | CB11: 0.033766201 | CC11: 0.0192107 | CD11: 0.017928995 | CE11: 0.047030399 | CF11: 0.06639472 | CG11: 0.022411871 | CH11: 0.068387923 | CI11: 0.024613256 | CJ11: 0.035729384 | CK11: 0.046724389 | CL11: 0.052195388 | CM11: 0.066591833 | CN11: 0.099062086 | CO11: 0.10608555 | CP11: 0.030663355 | CQ11: 0.066306337 | CR11: 0.029200429 | CS11: 0.050348565
A12: Mesorhizobium | B12: 0.14002947 | C12: 0.067273764 | D12: 0.067902213 | E12: 0.1061501 | F12: 0.046585492 | G12: 0.020922452 | H12: 0.023587987 | I12: 0.090634542 | J12: 0.023947364 | K12: 0.023831071 | L12: 0.042860877 | M12: 0.036204537 | N12: 0.027172772 | O12: 0.041562031 | P12: 0.098650889 | Q12: 0.0085941789 | R12: 0.028202895 | S12: 0.052386894 | T12: 0.016373003 | U12: 0.038456828 | V12: 0.031846958 | W12: 0.040322917 | X12: 0.024017081 | Y12: 0.022394906 | Z12: 0.032406578 | AA12: 0.054486886 | AB12: 0.022158263 | AC12: 0.072118241 | AD12: 0.032751 | AE12: 0.037731665 | AF12: 0.036267129 | AG12: 0.055589657 | AH12: 0.038297944 | AI12: 0.040628649 | AJ12: 0.094505449 | AK12: 0.073067989 | AL12: 0.033187322 | AM12: 0.043646183 | AN12: 0.040444962 | AO12: 0.080114908 | AP12: 0.055790981 | AQ12: 0.039834884 | AR12: 2.4870697 | AS12: 0.078249771 | AT12: 0.047109976 | AU12: 0.027434257 | AV12: 0.0094425541 | AW12: 0.15760982 | AX12: 2.2004347 | AY12: 0.047641825 | AZ12: 0.068019006 | BA12: 0.06250547 | BB12: 0.097563994 | BC12: 0.058908232 | BD12: 0.083624879 | BE12: 0.085760061 | BF12: 0.11267175 | BG12: 0.049175454 | BH12: 0.039175962 | BI12: 0.094493961 | BJ12: 2.4998006 | BK12: 0.014040365 | BL12: 0.017246334 | BM12: 0.020664572 | BN12: 0.018699005 | BO12: 0.049492275 | BP12: 0.019864938 | BQ12: 0.034150169 | BR12: 0.10828268 | BS12: 0.1090041 | BT12: 0.030398365 | BU12: 0.017954481 | BV12: 0.043263263 | BW12: 0.011185919 | BX12: 0.092005272 | BY12: 0.041094732 | BZ12: 0.053373742 | CA12: 0.06319946 | CB12: 0.053926884 | CC12: 0.0064645791 | CD12: 0.05150199 | CE12: 0.009245386 | CF12: 0.011515464 | CG12: 2.4643129 | CH12: 0.035826598 | CI12: 0.0048737096 | CJ12: 0.045853857 | CK12: 0.090793849 | CL12: 0.040910583 | CM12: 2.2875403 | CN12: 0.04736727 | CO12: 0.082135013 | CP12: 0.038120796 | CQ12: 0.066752939 | CR12: 0.015250867 | CS12: 0.19855598
A13: Phenylobacterium | B13: 0.0075084586 | C13: 0.019689821 | D13: 0.014824364 | E13: 0.0072767763 | F13: 0.031391065 | G13: 0.054361902 | H13: 0.070893231 | I13: 0.0098547153 | J13: 0.04890132 | K13: 0.050571236 | L13: 0.060155593 | M13: 0.062450601 | N13: 0.059086023 | O13: 0.093850947 | P13: 0.093465518 | Q13: 0.085179519 | R13: 0.063354819 | S13: 0.046821589 | T13: 0.020896049 | U13: 0.10101684 | V13: 0.088375335 | W13: 0.078960359 | X13: 0.05371569 | Y13: 0.067065714 | Z13: 0.022315217 | AA13: 0.0834476 | AB13: 0.015900377 | AC13: 0.054718527 | AD13: 0.028091013 | AE13: 0.077750266 | AF13: 0.019013927 | AG13: 0.07696398 | AH13: 0.023207604 | AI13: 0.081274297 | AJ13: 0.094241302 | AK13: 0.049416159 | AL13: 2.494823 | AM13: 0.082552835 | AN13: 0.083184718 | AO13: 0.08083499 | AP13: 0.0870339 | AQ13: 0.078847194 | AR13: 0.073052973 | AS13: 0.066590837 | AT13: 0.089960764 | AU13: 0.066314954 | AV13: 0.085092855 | AW13: 0.020128689 | AX13: 0.013840899 | AY13: 0.062526032 | AZ13: 0.077048794 | BA13: 0.07885841 | BB13: 0.10205593 | BC13: 0.088872149 | BD13: 0.089066885 | BE13: 0.09328438 | BF13: 0.10626332 | BG13: 0.072573815 | BH13: 0.058996942 | BI13: 0.010874272 | BJ13: 0.013704584 | BK13: 0.084404584 | BL13: 0.018318171 | BM13: 0.094673026 | BN13: 0.046332346 | BO13: 0.080635585 | BP13: 0.020669067 | BQ13: 0.097232153 | BR13: 0.077783685 | BS13: 0.09411342 | BT13: 0.022362599 | BU13: 0.016448322 | BV13: 0.033751551 | BW13: 0.085603873 | BX13: 0.043427181 | BY13: 0.10264895 | BZ13: 0.084171941 | CA13: 0.077717229 | CB13: 0.12208154 | CC13: 0.019941262 | CD13: 0.10095295 | CE13: 0.098182082 | CF13: 0.022915537 | CG13: 0.020665832 | CH13: 0.048067169 | CI13: 2.4960096 | CJ13: 0.061373033 | CK13: 0.028672822 | CL13: 0.05803122 | CM13: 0.072502457 | CN13: 2.4988 | CO13: 2.4281708 | CP13: 0.12308903 | CQ13: 0.025419988 | CR13: 0.012191444 | CS13: 0.046205676
... A22: Variovorax | B22: 0.041569582 | C22: 0.014249982 | D22: 0.046849061 | E22: 0.12304303 | F22: 0.023103462 | G22: 0.011583128 | H22: 0.050561436 | I22: 0.033195254 | J22: 0.095323825 | K22: 0.0057115782 | L22: 0.049113457 | M22: 0.023949033 | N22: 0.054735485 | O22: 0.12122397 | P22: 0.069853327 | Q22: 0.032545555 | R22: 0.09819361 | S22: 0.030709901 | T22: 0.009574101 | U22: 0.086751554 | V22: 0.087773733 | W22: 0.040227106 | X22: 0.018580679 | Y22: 0.080568584 | Z22: 0.037377007 | AA22: 0.023141849 | AB22: 2.495734 | AC22: 0.061971839 | AD22: 0.071050163 | AE22: 0.048025606 | AF22: 2.4997066 | AG22: 0.060479397 | AH22: 0.05804226 | AI22: 0.023220363 | AJ22: 2.48287 | AK22: 0.065912089 | AL22: 0.11081818 | AM22: 0.13796978 | AN22: 0.07158435 | AO22: 0.017198499 | AP22: 0.13133406 | AQ22: 0.13736611 | AR22: 0.06114169 | AS22: 0.01163815 | AT22: 0.12643085 | AU22: 0.1458922 | AV22: 0.058677906 | AW22: 0.0099493511 | AX22: 0.01591871 | AY22: 0.076172188 | AZ22: 0.081206093 | BA22: 0.033737754 | BB22: 0.017013759 | BC22: 0.059290551 | BD22: 0.053036036 | BE22: 0.042355149 | BF22: 0.10441512 | BG22: 0.0684371 | BH22: 0.054848122 | BI22: 0.039046955 | BJ22: 0.002564964 | BK22: 0.0088978246 | BL22: 0.050390128 | BM22: 0.047056629 | BN22: 0.0024261782 | BO22: 0.045758947 | BP22: 0.052619793 | BQ22: 0.14938357 | BR22: 0.10196695 | BS22: 0.10650933 | BT22: 0.052952464 | BU22: 0.056189886 | BV22: 0.020042768 | BW22: 0.0034058049 | BX22: 0.07093116 | BY22: 2.4906382 | BZ22: 0.041644563 | CA22: 2.3092127 | CB22: 0.071657428 | CC22: 2.4932794 | CD22: 0.32070212 | CE22: 2.4790712 | CF22: 0.049353704 | CG22: 2.4720906 | CH22: 0.040865327 | CI22: 0.003873244 | CJ22: 0.075207928 | CK22: 2.2733437 | CL22: 0.040587827 | CM22: 0.0034773089 | CN22: 0.069770365 | CO22: 2.3822117 | CP22: 0.039464591 | CQ22: 0.031386796 | CR22: 0.041660325 | CS22: 0.027747281
A25: Resources/Species
A26: Chitinophaga | B26: 0 | C26: 0 | D26: 0 | E26: 0 | F26: 0 | G26: 0 | H26: 0 | I26: 0 | J26: 0 | K26: 0 | L26: 0 | M26: 0 | N26: 0 | O26: 0 | P26: 0 | Q26: 0 | R26: 0 | S26: 0 | T26: 0 | U26: 0 | V26: 0 | W26: 0 | X26: 0 | Y26: 0 | Z26: 0 | AA26: 0 | AB26: 0 | AC26: 0 | AD26: 0 | AE26: 0 | AF26: 0 | AG26: 0 | AH26: 0 | AI26: 0 | AJ26: 0 | AK26: 0 | AL26: 0 | AM26: 0 | AN26: 0 | AO26: 0 | AP26: 0 | AQ26: 0 | AR26: 0 | AS26: 0 | AT26: 0 | AU26: 0 | AV26: 0 | AW26: 0 | AX26: 0 | AY26: 0 | AZ26: 0 | BA26: 0 | BB26: 0 | BC26: 0 | BD26: 0 | BE26: 0 | BF26: 0 | BG26: 0 | BH26: 0 | BI26: 0 | BJ26: 0 | BK26: 0 | BL26: 0 | BM26: 0 | BN26: 0 | BO26: 0 | BP26: 0 | BQ26: 0 | BR26: 0 | BS26: 0 | BT26: 0 | BU26: 0 | BV26: 0 | BW26: 0 | BX26: 0 | BY26: 0 | BZ26: 0 | CA26: 0 | CB26: 0 | CC26: 0 | CD26: 0 | CE26: 0 | CF26: 0 | CG26: 0 | CH26: 0 | CI26: 0 | CJ26: 0 | CK26: 0 | CL26: 0 | CM26: 0 | CN26: 0 | CO26: 0 | CP26: 0 | CQ26: 0 | CR26: 0 | CS26: 0
A27: Rahnella | B27: 0 | C27: 0.34239395 | D27: 0 | E27: 0 | F27: 0 | G27: 2.4998788 | H27: 0 | I27: 0 | J27: 0 | K27: 0.41785197 | L27: 0 | M27: 0 | N27: 0.074719882 | O27: 0.33770117 | P27: 2.4999118 | Q27: 0.17935869 | R27: 0.10164658 | S27: 0.96551423 | T27: 1.0225721 | U27: 0.15816316 | V27: 0.11629112 | W27: 0.28738552 | X27: 2.495206 | Y27: 0.11695102 | Z27: 0.040266285 | AA27: 0 | AB27: 0 | AC27: 0 | AD27: 0.070349727 | AE27: 0 | AF27: 0 | AG27: 0 | AH27: 0.048367708 | AI27: 0 | AJ27: 0 | AK27: 0 | AL27: 0.062639881 | AM27: 0.23127032 | AN27: 0 | AO27: 0.078849163 | AP27: 0.064979825 | AQ27: 0.2131788 | AR27: 0 | AS27: 0.081245399 | AT27: 0.061768507 | AU27: 0.38024949 | AV27: 0 | AW27: 0.07724886 | AX27: 0 | AY27: 0.27712443 | AZ27: 0 | BA27: 0 | BB27: 0 | BC27: 0.54205396 | BD27: 0 | BE27: 0 | BF27: 0 | BG27: 0.28555519 | BH27: 0 | BI27: 0 | BJ27: 0 | BK27: 0 | BL27: 0 | BM27: 0.237971 | BN27: 0 | BO27: 0 | BP27: 0 | BQ27: 0.11517112 | BR27: 0 | BS27: 0 | BT27: 0 | BU27: 0.10772633 | BV27: 0.15158253 | BW27: 0.10604001 | BX27: 0 | BY27: 0 | BZ27: 0.14524384 | CA27: 0.10886312 | CB27: 0 | CC27: 0 | CD27: 2.4486055 | CE27: 0.83922005 | CF27: 0 | CG27: 0 | CH27: 0.38498218 | CI27: 0.018052132 | CJ27: 0 | CK27: 0 | CL27: 0.38218481 | CM27: 0.22537783 | CN27: 0 | CO27: 0 | CP27: 0.57840597 | CQ27: 0.20522983 | CR27: 0.091169356 | CS27: 0
A28: Burkholderia | B28: 0 | C28: 0.10041575 | D28: 0.14778592 | E28: 0.085575845 | F28: 0 | G28: 0.085405597 | H28: 0.12009366 | I28: 0.097527354 | J28: 0 | K28: 0.10533842 | L28: 0.085619748 | M28: 0.081993617 | N28: 0.12088553 | O28: 0.068280847 | P28: 0.11407396 | Q28: 0.08146437 | R28: 0.10861344 | S28: 0.16267687 | T28: 0.083895087 | U28: 0.065299844 | V28: 0.065221756 | W28: 0.051453307 | X28: 0.073136713 | Y28: 0.085371356 | Z28: 0.90010516 | AA28: 0.049224697 | AB28: 0 | AC28: 0.082154942 | AD28: 0.20877186 | AE28: 0.083372574 | AF28: 0 | AG28: 2.499714 | AH28: 2.4648202 | AI28: 0.048679227 | AJ28: 0 | AK28: 0.06713701 | AL28: 0.13648323 | AM28: 0.10078866 | AN28: 0.069076079 | AO28: 0.061399531 | AP28: 0.044981547 | AQ28: 0.11205901 | AR28: 0.21904 | AS28: 0.10390495 | AT28: 0.034379062 | AU28: 0.09567626 | AV28: 0.051845752 | AW28: 0.095233846 | AX28: 0 | AY28: 0.10638158 | AZ28: 0.12671254 | BA28: 0.063801765 | BB28: 0 | BC28: 0.11526977 | BD28: 2.0124447 | BE28: 0.066979252 | BF28: 0 | BG28: 0.057713702 | BH28: 1.9272492 | BI28: 0.069926182 | BJ28: 0 | BK28: 0.13954363 | BL28: 0 | BM28: 0.10220686 | BN28: 0 | BO28: 0.11158172 | BP28: 0 | BQ28: 0.10548191 | BR28: 0 | BS28: 0.11353226 | BT28: 0 | BU28: 0.11166433 | BV28: 0.10417293 | BW28: 0 | BX28: 0.071204154 | BY28: 0 | BZ28: 0.085644755 | CA28: 0 | CB28: 0.24590822 | CC28: 0 | CD28: 0.28277624 | CE28: 0 | CF28: 0.038690691 | CG28: 0 | CH28: 0 | CI28: 0.28950626 | CJ28: 0.074395686 | CK28: 0 | CL28: 0 | CM28: 0.2229352 | CN28: 0.10481205 | CO28: 0 | CP28: 0 | CQ28: 0.20559091 | CR28: 0.19371591 | CS28: 0
A29: Tardiphaga | B29: 0 | C29: 0 | D29: 0 | E29: 0 | F29: 0 | G29: 0 | H29: 0 | I29: 0 | J29: 0 | K29: 0 | L29: 0 | M29: 0 | N29: 0 | O29: 0 | P29: 0 | Q29: 0 | R29: 0.022452661 | S29: 0 | T29: 0 | U29: 0 | V29: 0 | W29: 0 | X29: 0 | Y29: 0 | Z29: 0 | AA29: 0 | AB29: 0 | AC29: 0 | AD29: 0 | AE29: 0 | AF29: 0 | AG29: 0 | AH29: 0 | AI29: 0 | AJ29: 0 | AK29: 0 | AL29: 0 | AM29: 0 | AN29: 0 | AO29: 0 | AP29: 0 | AQ29: 0 | AR29: 0 | AS29: 0 | AT29: 0 | AU29: 0 | AV29: 0 | AW29: 0 | AX29: 0 | AY29: 0 | AZ29: 0 | BA29: 0 | BB29: 0 | BC29: 0 | BD29: 0 | BE29: 0 | BF29: 0 | BG29: 0 | BH29: 0 | BI29: 0 | BJ29: 0 | BK29: 0 | BL29: 0 | BM29: 0 | BN29: 0 | BO29: 0 | BP29: 0 | BQ29: 0 | BR29: 0 | BS29: 0 | BT29: 0 | BU29: 0 | BV29: 0 | BW29: 0 | BX29: 0 | BY29: 0 | BZ29: 0 | CA29: 0 | CB29: 0 | CC29: 0 | CD29: 0 | CE29: 0 | CF29: 0 | CG29: 0 | CH29: 0 | CI29: 0 | CJ29: 0 | CK29: 0 | CL29: 0 | CM29: 0 | CN29: 0 | CO29: 0 | CP29: 0 | CQ29: 0 | CR29: 0 | CS29: 0
A30: Cohnella | B30: 0 | C30: 0 | D30: 0 | E30: 0 | F30: 0 | G30: 0 | H30: 0 | I30: 0 | J30: 0 | K30: 0 | L30: 0 | M30: 0 | N30: 0 | O30: 0 | P30: 0 | Q30: 0 | R30: 0 | S30: 0 | T30: 0 | U30: 0 | V30: 0 | W30: 0 | X30: 0 | Y30: 0 | Z30: 0 | AA30: 0 | AB30: 0 | AC30: 0 | AD30: 0 | AE30: 0 | AF30: 0 | AG30: 0 | AH30: 0 | AI30: 0 | AJ30: 0 | AK30: 0 | AL30: 0 | AM30: 0 | AN30: 0 | AO30: 0 | AP30: 0 | AQ30: 0 | AR30: 0 | AS30: 0 | AT30: 0 | AU30: 0 | AV30: 0 | AW30: 0 | AX30: 0 | AY30: 0 | AZ30: 0 | BA30: 0 | BB30: 0 | BC30: 0 | BD30: 0 | BE30: 0 | BF30: 0 | BG30: 0 | BH30: 0 | BI30: 0 | BJ30: 0 | BK30: 0 | BL30: 0 | BM30: 0 | BN30: 0 | BO30: 0 | BP30: 0 | BQ30: 0 | BR30: 0 | BS30: 0 | BT30: 0 | BU30: 0 | BV30: 0 | BW30: 0 | BX30: 0 | BY30: 0 | BZ30: 0 | CA30: 0 | CB30: 0 | CC30: 0 | CD30: 0 | CE30: 0 | CF30: 0 | CG30: 0 | CH30: 0 | CI30: 0 | CJ30: 0 | CK30: 0 | CL30: 0 | CM30: 0 | CN30: 0 | CO30: 0 | CP30: 0 | CQ30: 0 | CR30: 0 | CS30: 0
A31: Devosia | B31: 0 | C31: 0 | D31: 0 | E31: 0 | F31: 0 | G31: 0 | H31: 0 | I31: 0 | J31: 0 | K31: 0 | L31: 0 | M31: 0 | N31: 0 | O31: 0 | P31: 0 | Q31: 0 | R31: 0 | S31: 0 | T31: 0 | U31: 0 | V31: 0 | W31: 0 | X31: 0 | Y31: 0 | Z31: 0 | AA31: 0 | AB31: 0 | AC31: 0 | AD31: 0 | AE31: 0 | AF31: 0 | AG31: 0 | AH31: 0 | AI31: 0 | AJ31: 0 | AK31: 0 | AL31: 0 | AM31: 0 | AN31: 0 | AO31: 0 | AP31: 0 | AQ31: 0 | AR31: 0 | AS31: 0 | AT31: 0 | AU31: 0 | AV31: 0 | AW31: 0 | AX31: 0 | AY31: 0 | AZ31: 0 | BA31: 0 | BB31: 0 | BC31: 0 | BD31: 0 | BE31: 0 | BF31: 0 | BG31: 0 | BH31: 0 | BI31: 0 | BJ31: 0 | BK31: 0 | BL31: 0 | BM31: 0 | BN31: 0 | BO31: 0 | BP31: 0 | BQ31: 0 | BR31: 0 | BS31: 0 | BT31: 0 | BU31: 0 | BV31: 0 | BW31: 0 | BX31: 0 | BY31: 0 | BZ31: 0 | CA31: 0 | CB31: 0 | CC31: 0 | CD31: 0 | CE31: 0 | CF31: 0 | CG31: 0 | CH31: 0 | CI31: 0 | CJ31: 0 | CK31: 0 | CL31: 0 | CM31: 0 | CN31: 0 | CO31: 0 | CP31: 0 | CQ31: 0 | CR31: 0 | CS31: 0
A32: Pseudomonas1 | B32: 0 | C32: 0 | D32: 2.2317654 | E32: 0.070559217 | F32: 0 | G32: 0 | H32: 2.1368982 | I32: 0.085779095 | J32: 0 | K32: 0 | L32: 0.34938306 | M32: 0.16305527 | N32: 2.3179877 | O32: 0.10243423 | P32: 0.088322507 | Q32: 0.29013335 | R32: 0.28647305 | S32: 2.4922705 | T32: 0.080391673 | U32: 2.4990581 | V32: 2.4924763 | W32: 0.087705535 | X32: 1.2228786 | Y32: 2.2575805 | Z32: 0 | AA32: 0 | AB32: 0 | AC32: 0 | AD32: 0.26768032 | AE32: 0 | AF32: 0 | AG32: 0 | AH32: 0.18656379 | AI32: 0 | AJ32: 0 | AK32: 0 | AL32: 0.17969971 | AM32: 2.4936022 | AN32: 2.3329678 | AO32: 0 | AP32: 0.15637868 | AQ32: 0.34939435 | AR32: 0.28831911 | AS32: 0 | AT32: 0.16563564 | AU32: 0.45027319 | AV32: 2.1784425 | AW32: 0 | AX32: 0 | AY32: 0 | AZ32: 0.17756756 | BA32: 0 | BB32: 0 | BC32: 0 | BD32: 0.17613689 | BE32: 0 | BF32: 0 | BG32: 0 | BH32: 0.18064686 | BI32: 0 | BJ32: 0 | BK32: 1.3781079 | BL32: 0 | BM32: 0 | BN32: 0 | BO32: 0.11576704 | BP32: 0.16654459 | BQ32: 0 | BR32: 0 | BS32: 0.13134105 | BT32: 0.17801472 | BU32: 0 | BV32: 0 | BW32: 0 | BX32: 0 | BY32: 0 | BZ32: 0 | CA32: 0 | CB32: 0 | CC32: 0 | CD32: 0 | CE32: 0 | CF32: 0 | CG32: 0 | CH32: 0 | CI32: 0 | CJ32: 0.20115194 | CK32: 0.061512654 | CL32: 0 | CM32: 0.19445526 | CN32: 0.12448565 | CO32: 0.051362385 | CP32: 0 | CQ32: 2.4267057 | CR32: 0 | CS32: 2.4858132
A33: Caulobacter | B33: 0 | C33: 0 | D33: 0 | E33: 0 | F33: 0 | G33: 0 | H33: 0 | I33: 0 | J33: 0 | K33: 0 | L33: 0 | M33: 0 | N33: 0 | O33: 0 | P33: 0 | Q33: 0 | R33: 0 | S33: 0 | T33: 0 | U33: 0 | V33: 0 | W33: 0 | X33: 0 | Y33: 0 | Z33: 0 | AA33: 0 | AB33: 0 | AC33: 0 | AD33: 0 | AE33: 0 | AF33: 0 | AG33: 0 | AH33: 0 | AI33: 0 | AJ33: 0 | AK33: 0 | AL33: 0 | AM33: 0 | AN33: 0 | AO33: 0 | AP33: 0 | AQ33: 0 | AR33: 0 | AS33: 0 | AT33: 0 | AU33: 0 | AV33: 0 | AW33: 0 | AX33: 0 | AY33: 0 | AZ33: 0 | BA33: 0 | BB33: 0 | BC33: 0 | BD33: 0 | BE33: 0 | BF33: 0 | BG33: 0 | BH33: 0 | BI33: 0 | BJ33: 0 | BK33: 0 | BL33: 0 | BM33: 0 | BN33: 0 | BO33: 0 | BP33: 0 | BQ33: 0 | BR33: 0 | BS33: 0 | BT33: 0 | BU33: 0 | BV33: 0 | BW33: 0 | BX33: 0 | BY33: 0 | BZ33: 0 | CA33: 0 | CB33: 0 | CC33: 0 | CD33: 0 | CE33: 0 | CF33: 0 | CG33: 0 | CH33: 0 | CI33: 0 | CJ33: 0 | CK33: 0 | CL33: 0 | CM33: 0 | CN33: 0 | CO33: 0 | CP33: 0 | CQ33: 0 | CR33: 0 | CS33: 0
A34: Pseudomonas2 | B34: 0 | C34: 0 | D34: 0.17183619 | E34: 0.24227811 | F34: 0 | G34: 0 | H34: 0.23524244 | I34: 0.22177497 | J34: 0 | K34: 0 | L34: 0.26096501 | M34: 0.28083752 | N34: 0.09482867 | O34: 0.12797112 | P34: 0.12520404 | Q34: 2.3196942 | R34: 0.092286957 | S34: 0.12279075 | T34: 0.12425758 | U34: 0.21785575 | V34: 0.094225489 | W34: 0.065686989 | X34: 0.9772598 | Y34: 0.22477006 | Z34: 0.10307533 | AA34: 0.12206861 | AB34: 0 | AC34: 0 | AD34: 2.4509817 | AE34: 0.17214796 | AF34: 0 | AG34: 0 | AH34: 0.167525 | AI34: 0.17351532 | AJ34: 0 | AK34: 0 | AL34: 0.11900851 | AM34: 0.29843165 | AN34: 0.10428213 | AO34: 2.4998917 | AP34: 0.11926608 | AQ34: 0.24744747 | AR34: 0.11407956 | AS34: 0.25296175 | AT34: 0.10263098 | AU34: 2.499963 | AV34: 0.13160314 | AW34: 0.24564804 | AX34: 0 | AY34: 0.094779029 | AZ34: 0.14213024 | BA34: 0 | BB34: 0 | BC34: 0.13789148 | BD34: 0.12419774 | BE34: 0 | BF34: 0 | BG34: 0.099411434 | BH34: 0.10767011 | BI34: 0 | BJ34: 0 | BK34: 0.069845441 | BL34: 0.1533384 | BM34: 0.19431318 | BN34: 0 | BO34: 0.11910247 | BP34: 2.4365347 | BQ34: 0.19856747 | BR34: 0 | BS34: 0.11798308 | BT34: 0.31487788 | BU34: 0.074736687 | BV34: 0 | BW34: 0 | BX34: 0 | BY34: 0 | BZ34: 0 | CA34: 0 | CB34: 0 | CC34: 0 | CD34: 0 | CE34: 0 | CF34: 0 | CG34: 0 | CH34: 0 | CI34: 0 | CJ34: 0 | CK34: 0.069402878 | CL34: 0 | CM34: 0 | CN34: 0 | CO34: 0.073924546 | CP34: 0 | CQ34: 0 | CR34: 0 | CS34: 0.10893454
A35: Lysobacter | B35: 0 | C35: 0 | D35: 0 | E35: 0 | F35: 0 | G35: 0 | H35: 0 | I35: 0 | J35: 0 | K35: 0 | L35: 0 | M35: 0 | N35: 0 | O35: 0 | P35: 0 | Q35: 0 | R35: 0 | S35: 0 | T35: 0 | U35: 0 | V35: 0.027000019 | W35: 0 | X35: 0 | Y35: 0 | Z35: 0.9863038 | AA35: 0 | AB35: 0 | AC35: 0 | AD35: 0.11806649 | AE35: 0 | AF35: 0 | AG35: 0 | AH35: 2.0498576 | AI35: 0 | AJ35: 0 | AK35: 0 | AL35: 0.046906796 | AM35: 0 | AN35: 0 | AO35: 0 | AP35: 0.03434815 | AQ35: 0 | AR35: 0 | AS35: 0 | AT35: 0.043517147 | AU35: 0 | AV35: 0 | AW35: 0 | AX35: 0 | AY35: 0.087508185 | AZ35: 0 | BA35: 0.052063038 | BB35: 0 | BC35: 0.1025701 | BD35: 0 | BE35: 0 | BF35: 0 | BG35: 0.071240626 | BH35: 0 | BI35: 0.15405765 | BJ35: 0 | BK35: 0 | BL35: 0 | BM35: 0 | BN35: 0.17504824 | BO35: 0 | BP35: 0 | BQ35: 0 | BR35: 0 | BS35: 0 | BT35: 0 | BU35: 0 | BV35: 0 | BW35: 0 | BX35: 0 | BY35: 0 | BZ35: 0 | CA35: 0 | CB35: 0 | CC35: 0 | CD35: 0 | CE35: 0 | CF35: 0 | CG35: 0 | CH35: 0 | CI35: 0 | CJ35: 0 | CK35: 0 | CL35: 0 | CM35: 0 | CN35: 0 | CO35: 0 | CP35: 0 | CQ35: 0 | CR35: 0 | CS35: 0
A36: Mesorhizobium | B36: 0 | C36: 0 | D36: 0 | E36: 0 | F36: 0 | G36: 0 | H36: 0 | I36: 0 | J36: 0 | K36: 0 | L36: 0 | M36: 0 | N36: 0.049039683 | O36: 0.045873725 | P36: 0 | Q36: 0 | R36: 0.034047716 | S36: 0.059435153 | T36: 0 | U36: 0 | V36: 0.03331073 | W36: 0.073608746 | X36: 0 | Y36: 0 | Z36: 0.090415503 | AA36: 0 | AB36: 0 | AC36: 0 | AD36: 0.095237147 | AE36: 0 | AF36: 0 | AG36: 0 | AH36: 0.062241845 | AI36: 0 | AJ36: 0 | AK36: 0 | AL36: 0 | AM36: 0.064820076 | AN36: 0 | AO36: 0 | AP36: 0 | AQ36: 0.049073139 | AR36: 0 | AS36: 0 | AT36: 0 | AU36: 0.076249019 | AV36: 0 | AW36: 0 | AX36: 0 | AY36: 0.11677213 | AZ36: 0 | BA36: 0 | BB36: 0 | BC36: 0.13577702 | BD36: 0 | BE36: 0 | BF36: 0 | BG36: 0.21732851 | BH36: 0 | BI36: 0 | BJ36: 0 | BK36: 0 | BL36: 0 | BM36: 0.0240648 | BN36: 0 | BO36: 0 | BP36: 0 | BQ36: 0.035911339 | BR36: 0 | BS36: 0 | BT36: 0 | BU36: 0 | BV36: 0.11048977 | BW36: 0 | BX36: 0 | BY36: 0 | BZ36: 0.11141731 | CA36: 0 | CB36: 0 | CC36: 0 | CD36: 0.078782101 | CE36: 0 | CF36: 0 | CG36: 0 | CH36: 0.10048697 | CI36: 0 | CJ36: 0 | CK36: 0 | CL36: 0.10880319 | CM36: 0 | CN36: 0 | CO36: 0 | CP36: 0.10494255 | CQ36: 0 | CR36: 0 | CS36: 0
A37: Phenylobacterium | B37: 0 | C37: 0 | D37: 0 | E37: 0 | F37: 0 | G37: 0 | H37: 0 | I37: 0 | J37: 0 | K37: 0 | L37: 0 | M37: 0 | N37: 0 | O37: 0 | P37: 0 | Q37: 0 | R37: 0 | S37: 0 | T37: 0 | U37: 0 | V37: 0 | W37: 0 | X37: 0 | Y37: 0 | Z37: 0.034807717 | AA37: 0 | AB37: 0 | AC37: 0 | AD37: 0.048037233 | AE37: 0 | AF37: 0 | AG37: 0 | AH37: 0.033613872 | AI37: 0 | AJ37: 0 | AK37: 0 | AL37: 0 | AM37: 0 | AN37: 0 | AO37: 0 | AP37: 0 | AQ37: 0 | AR37: 0 | AS37: 0 | AT37: 0 | AU37: 0 | AV37: 0 | AW37: 0 | AX37: 0 | AY37: 0 | AZ37: 0 | BA37: 0 | BB37: 0 | BC37: 0 | BD37: 0 | BE37: 0 | BF37: 0 | BG37: 0 | BH37: 0 | BI37: 0 | BJ37: 0 | BK37: 0 | BL37: 0 | BM37: 0 | BN37: 0 | BO37: 0 | BP37: 0 | BQ37: 0 | BR37: 0 | BS37: 0 | BT37: 0 | BU37: 0 | BV37: 0 | BW37: 0 | BX37: 0 | BY37: 0 | BZ37: 0 | CA37: 0 | CB37: 0 | CC37: 0 | CD37: 0 | CE37: 0 | CF37: 0 | CG37: 0 | CH37: 0 | CI37: 0 | CJ37: 0 | CK37: 0 | CL37: 0 | CM37: 0 | CN37: 0 | CO37: 0 | CP37: 0 | CQ37: 0 | CR37: 0 | CS37: 0
... A46: Variovorax | B46: 0 | C46: 0 | D46: 0.049720487 | E46: 0 | F46: 0 | G46: 0 | H46: 0.066314437 | I46: 0 | J46: 0 | K46: 0 | L46: 0.06956512 | M46: 0 | N46: 0.10583001 | O46: 0 | P46: 0 | Q46: 0.047072961 | R46: 0.098512921 | S46: 0 | T46: 0 | U46: 0.08675482 | V46: 0.087774373 | W46: 0.1293185 | X46: 0 | Y46: 0.080564525 | Z46: 0.074458236 | AA46: 0 | AB46: 0 | AC46: 0.061983658 | AD46: 0.073244821 | AE46: 0 | AF46: 0 | AG46: 0.060496755 | AH46: 0.066023315 | AI46: 0 | AJ46: 0 | AK46: 0.066011868 | AL46: 0.11109277 | AM46: 0.18241077 | AN46: 0.082901638 | AO46: 0 | AP46: 0 | AQ46: 0.19203994 | AR46: 0.078598195 | AS46: 0 | AT46: 0.17459361 | AU46: 0.15055401 | AV46: 0.063746278 | AW46: 0 | AX46: 0 | AY46: 0.097246849 | AZ46: 0.081228219 | BA46: 0.16525572 | BB46: 0 | BC46: 0.05945981 | BD46: 0.07510627 | BE46: 0.21093647 | BF46: 0 | BG46: 0.068527235 | BH46: 0.066486377 | BI46: 0.15242554 | BJ46: 0 | BK46: 0 | BL46: 0.20294483 | BM46: 0 | BN46: 0 | BO46: 0 | BP46: 0.15427949 | BQ46: 0.14938494 | BR46: 0 | BS46: 0 | BT46: 0.15622076 | BU46: 0.16629524 | BV46: 0 | BW46: 0 | BX46: 0.10910852 | BY46: 0 | BZ46: 0 | CA46: 0 | CB46: 0.071678338 | CC46: 0 | CD46: 0 | CE46: 0 | CF46: 0.10048799 | CG46: 0 | CH46: 0.16310448 | CI46: 0 | CJ46: 0.075263752 | CK46: 0 | CL46: 0.18523446 | CM46: 0 | CN46: 0.069864392 | CO46: 0 | CP46: 0.16409505 | CQ46: 0 | CR46: 0.056031964 | CS46: 0
A49: Lag time
A50: Resources/Species
A51: Chitinophaga | B51: 0 | C51: 0 | D51: 0 | E51: 0 | F51: 0 | G51: 0 | H51: 0 | I51: 0 | J51: 0 | K51: 0 | L51: 0 | M51: 0 | N51: 0 | O51: 0 | P51: 0 | Q51: 0 | R51: 0 | S51: 0 | T51: 0 | U51: 0 | V51: 0 | W51: 0 | X51: 0 | Y51: 0 | Z51: 0 | AA51: 0 | AB51: 0 | AC51: 0 | AD51: 0 | AE51: 0 | AF51: 0 | AG51: 0 | AH51: 0 | AI51: 0 | AJ51: 0 | AK51: 0 | AL51: 0 | AM51: 0 | AN51: 0 | AO51: 0 | AP51: 0 | AQ51: 0 | AR51: 0 | AS51: 0 | AT51: 0 | AU51: 0 | AV51: 0 | AW51: 0 | AX51: 0 | AY51: 0 | AZ51: 0 | BA51: 0 | BB51: 0 | BC51: 0 | BD51: 0 | BE51: 0 | BF51: 0 | BG51: 0 | BH51: 0 | BI51: 0 | BJ51: 0 | BK51: 0 | BL51: 0 | BM51: 0 | BN51: 0 | BO51: 0 | BP51: 0 | BQ51: 0 | BR51: 0 | BS51: 0 | BT51: 0 | BU51: 0 | BV51: 0 | BW51: 0 | BX51: 0 | BY51: 0 | BZ51: 0 | CA51: 0 | CB51: 0 | CC51: 0 | CD51: 0 | CE51: 0 | CF51: 0 | CG51: 0 | CH51: 0 | CI51: 0 | CJ51: 0 | CK51: 0 | CL51: 0 | CM51: 0 | CN51: 0 | CO51: 0 | CP51: 0 | CQ51: 0 | CR51: 0 | CS51: 0
A52: Rahnella | B52: 0 | C52: 6.1088005 | D52: 0 | E52: 0 | F52: 0 | G52: 0.0090835642 | H52: 0 | I52: 0 | J52: 0 | K52: 7.273967 | L52: 0 | M52: 0 | N52: 8.9506095 | O52: 6.6395495 | P52: 23.938471 | Q52: 62.525466 | R52: 0.13931913 | S52: 22.472141 | T52: 23.031046 | U52: 59.755464 | V52: 0.12626535 | W52: 7.0489571 | X52: 0.028681401 | Y52: 56.129342 | Z52: 10.076118 | AA52: 0 | AB52: 0 | AC52: 0 | AD52: 0.011965888 | AE52: 0 | AF52: 0 | AG52: 0 | AH52: 0.34490357 | AI52: 0 | AJ52: 0 | AK52: 0 | AL52: 0.0020184625 | AM52: 0.0010524376 | AN52: 0 | AO52: 0.063669731 | AP52: 0.0017925895 | AQ52: 1.6521823 | AR52: 0 | AS52: 0.0037621501 | AT52: 0.020416085 | AU52: 7.4280427 | AV52: 0 | AW52: 0.78451061 | AX52: 0 | AY52: 0.0038705187 | AZ52: 0 | BA52: 0 | BB52: 0 | BC52: 6.66628 | BD52: 0 | BE52: 0 | BF52: 0 | BG52: 0.0010151201 | BH52: 0 | BI52: 0 | BJ52: 0 | BK52: 0 | BL52: 0 | BM52: 59.635593 | BN52: 0 | BO52: 0 | BP52: 0 | BQ52: 30.496931 | BR52: 0 | BS52: 0 | BT52: 0 | BU52: 35.848618 | BV52: 14.322061 | BW52: 16.210084 | BX52: 0 | BY52: 0 | BZ52: 0.010692128 | CA52: 0.0095149402 | CB52: 0 | CC52: 0 | CD52: 1.7570502 | CE52: 22.99376 | CF52: 0 | CG52: 0 | CH52: 7.0351699 | CI52: 11.725128 | CJ52: 0 | CK52: 0 | CL52: 6.8430318 | CM52: 0.02727582 | CN52: 0 | CO52: 0 | CP52: 11.29231 | CQ52: 0.0062254556 | CR52: 62.972872 | CS52: 0
A53: Burkholderia | B53: 0 | C53: 71.999959 | D53: 59.14459 | E53: 0.17008374 | F53: 0 | G53: 71.999995 | H53: 48.936091 | I53: 0.020888506 | J53: 0 | K53: 71.99998 | L53: 38.490784 | M53: 0.010296568 | N53: 27.751289 | O53: 31.665359 | P53: 41.352916 | Q53: 6.0552515 | R53: 0.0034549334 | S53: 46.935951 | T53: 57.696077 | U53: 10.055909 | V53: 4.0635887 | W53: 22.302784 | X53: 54.737343 | Y53: 0.021956449 | Z53: 23.384346 | AA53: 18.564539 | AB53: 0 | AC53: 0.023077691 | AD53: 3.5551727 | AE53: 17.731059 | AF53: 0 | AG53: 66.403688 | AH53: 2.0761759 | AI53: 16.68119 | AJ53: 0 | AK53: 0.1185049 | AL53: 0.38250214 | AM53: 2.8760902 | AN53: 2.4071151 | AO53: 32.666812 | AP53: 4.3007831 | AQ53: 20.138715 | AR53: 60.554882 | AS53: 29.258496 | AT53: 1.56651 | AU53: 27.79345 | AV53: 0.10083049 | AW53: 46.788485 | AX53: 0 | AY53: 11.460744 | AZ53: 22.021437 | BA53: 11.426373 | BB53: 0 | BC53: 15.504313 | BD53: 64.598888 | BE53: 15.218084 | BF53: 0 | BG53: 0.42067736 | BH53: 64.968776 | BI53: 0.0018170927 | BJ53: 0 | BK53: 28.719874 | BL53: 0 | BM53: 61.25634 | BN53: 0 | BO53: 0.80232725 | BP53: 0 | BQ53: 59.657315 | BR53: 0 | BS53: 0.0017447505 | BT53: 0 | BU53: 59.307543 | BV53: 20.405234 | BW53: 0 | BX53: 58.704404 | BY53: 0 | BZ53: 16.836121 | CA53: 0 | CB53: 57.065332 | CC53: 0 | CD53: 54.606834 | CE53: 0 | CF53: 0.042091565 | CG53: 0 | CH53: 0 | CI53: 68.417473 | CJ53: 0.040772672 | CK53: 0 | CL53: 0 | CM53: 63.333944 | CN53: 0.0021843728 | CO53: 0 | CP53: 0 | CQ53: 62.907761 | CR53: 15.896812 | CS53: 0
A54: Tardiphaga | B54: 0 | C54: 0 | D54: 0 | E54: 0 | F54: 0 | G54: 0 | H54: 0 | I54: 0 | J54: 0 | K54: 0 | L54: 0 | M54: 0 | N54: 0 | O54: 0 | P54: 0 | Q54: 0 | R54: 13.445142 | S54: 0 | T54: 0 | U54: 0 | V54: 0 | W54: 0 | X54: 0 | Y54: 0 | Z54: 0 | AA54: 0 | AB54: 0 | AC54: 0 | AD54: 0 | AE54: 0 | AF54: 0 | AG54: 0 | AH54: 0 | AI54: 0 | AJ54: 0 | AK54: 0 | AL54: 0 | AM54: 0 | AN54: 0 | AO54: 0 | AP54: 0 | AQ54: 0 | AR54: 0 | AS54: 0 | AT54: 0 | AU54: 0 | AV54: 0 | AW54: 0 | AX54: 0 | AY54: 0 | AZ54: 0 | BA54: 0 | BB54: 0 | BC54: 0 | BD54: 0 | BE54: 0 | BF54: 0 | BG54: 0 | BH54: 0 | BI54: 0 | BJ54: 0 | BK54: 0 | BL54: 0 | BM54: 0 | BN54: 0 | BO54: 0 | BP54: 0 | BQ54: 0 | BR54: 0 | BS54: 0 | BT54: 0 | BU54: 0 | BV54: 0 | BW54: 0 | BX54: 0 | BY54: 0 | BZ54: 0 | CA54: 0 | CB54: 0 | CC54: 0 | CD54: 0 | CE54: 0 | CF54: 0 | CG54: 0 | CH54: 0 | CI54: 0 | CJ54: 0 | CK54: 0 | CL54: 0 | CM54: 0 | CN54: 0 | CO54: 0 | CP54: 0 | CQ54: 0 | CR54: 0 | CS54: 0
A55: Cohnella | B55: 0 | C55: 0 | D55: 0 | E55: 0 | F55: 0 | G55: 0 | H55: 0 | I55: 0 | J55: 0 | K55: 0 | L55: 0 | M55: 0 | N55: 0 | O55: 0 | P55: 0 | Q55: 0 | R55: 0 | S55: 0 | T55: 0 | U55: 0 | V55: 0 | W55: 0 | X55: 0 | Y55: 0 | Z55: 0 | AA55: 0 | AB55: 0 | AC55: 0 | AD55: 0 | AE55: 0 | AF55: 0 | AG55: 0 | AH55: 0 | AI55: 0 | AJ55: 0 | AK55: 0 | AL55: 0 | AM55: 0 | AN55: 0 | AO55: 0 | AP55: 0 | AQ55: 0 | AR55: 0 | AS55: 0 | AT55: 0 | AU55: 0 | AV55: 0 | AW55: 0 | AX55: 0 | AY55: 0 | AZ55: 0 | BA55: 0 | BB55: 0 | BC55: 0 | BD55: 0 | BE55: 0 | BF55: 0 | BG55: 0 | BH55: 0 | BI55: 0 | BJ55: 0 | BK55: 0 | BL55: 0 | BM55: 0 | BN55: 0 | BO55: 0 | BP55: 0 | BQ55: 0 | BR55: 0 | BS55: 0 | BT55: 0 | BU55: 0 | BV55: 0 | BW55: 0 | BX55: 0 | BY55: 0 | BZ55: 0 | CA55: 0 | CB55: 0 | CC55: 0 | CD55: 0 | CE55: 0 | CF55: 0 | CG55: 0 | CH55: 0 | CI55: 0 | CJ55: 0 | CK55: 0 | CL55: 0 | CM55: 0 | CN55: 0 | CO55: 0 | CP55: 0 | CQ55: 0 | CR55: 0 | CS55: 0
A56: Devosia | B56: 0 | C56: 0 | D56: 0 | E56: 0 | F56: 0 | G56: 0 | H56: 0 | I56: 0 | J56: 0 | K56: 0 | L56: 0 | M56: 0 | N56: 0 | O56: 0 | P56: 0 | Q56: 0 | R56: 0 | S56: 0 | T56: 0 | U56: 0 | V56: 0 | W56: 0 | X56: 0 | Y56: 0 | Z56: 0 | AA56: 0 | AB56: 0 | AC56: 0 | AD56: 0 | AE56: 0 | AF56: 0 | AG56: 0 | AH56: 0 | AI56: 0 | AJ56: 0 | AK56: 0 | AL56: 0 | AM56: 0 | AN56: 0 | AO56: 0 | AP56: 0 | AQ56: 0 | AR56: 0 | AS56: 0 | AT56: 0 | AU56: 0 | AV56: 0 | AW56: 0 | AX56: 0 | AY56: 0 | AZ56: 0 | BA56: 0 | BB56: 0 | BC56: 0 | BD56: 0 | BE56: 0 | BF56: 0 | BG56: 0 | BH56: 0 | BI56: 0 | BJ56: 0 | BK56: 0 | BL56: 0 | BM56: 0 | BN56: 0 | BO56: 0 | BP56: 0 | BQ56: 0 | BR56: 0 | BS56: 0 | BT56: 0 | BU56: 0 | BV56: 0 | BW56: 0 | BX56: 0 | BY56: 0 | BZ56: 0 | CA56: 0 | CB56: 0 | CC56: 0 | CD56: 0 | CE56: 0 | CF56: 0 | CG56: 0 | CH56: 0 | CI56: 0 | CJ56: 0 | CK56: 0 | CL56: 0 | CM56: 0 | CN56: 0 | CO56: 0 | CP56: 0 | CQ56: 0 | CR56: 0 | CS56: 0
A57: Pseudomonas1 | B57: 0 | C57: 0 | D57: 16.370827 | E57: 17.431575 | F57: 0 | G57: 0 | H57: 16.159718 | I57: 0.0018785899 | J57: 0 | K57: 0 | L57: 3.5350066 | M57: 9.2131265 | N57: 50.084745 | O57: 0.010709012 | P57: 0.084330735 | Q57: 71.999988 | R57: 0.0026062041 | S57: 0.5899633 | T57: 17.429212 | U57: 17.118922 | V57: 0.68764053 | W57: 0.0075318906 | X57: 23.988833 | Y57: 16.928216 | Z57: 0 | AA57: 0 | AB57: 0 | AC57: 0 | AD57: 0.0021039495 | AE57: 0 | AF57: 0 | AG57: 0 | AH57: 0.0043392922 | AI57: 0 | AJ57: 0 | AK57: 0 | AL57: 0.0031759667 | AM57: 7.5302343 | AN57: 16.751662 | AO57: 0 | AP57: 0.004535177 | AQ57: 5.0850303 | AR57: 3.4415036 | AS57: 0 | AT57: 0.0072919335 | AU57: 8.3246143 | AV57: 16.461001 | AW57: 0 | AX57: 0 | AY57: 0 | AZ57: 0.0018979349 | BA57: 0 | BB57: 0 | BC57: 0 | BD57: 0.0008909593 | BE57: 0 | BF57: 0 | BG57: 0 | BH57: 0.0010768623 | BI57: 0 | BJ57: 0 | BK57: 24.15436 | BL57: 0 | BM57: 0 | BN57: 0 | BO57: 0.012639826 | BP57: 4.5868371 | BQ57: 0 | BR57: 0 | BS57: 0.022175673 | BT57: 2.419368 | BU57: 0 | BV57: 0 | BW57: 0 | BX57: 0 | BY57: 0 | BZ57: 0 | CA57: 0 | CB57: 0 | CC57: 0 | CD57: 0 | CE57: 0 | CF57: 0 | CG57: 0 | CH57: 0 | CI57: 0 | CJ57: 0.0071273356 | CK57: 13.598231 | CL57: 0 | CM57: 0.040856591 | CN57: 0.12546831 | CO57: 6.8777346 | CP57: 0 | CQ57: 0.11826559 | CR57: 0 | CS57: 65.906621
A58: Caulobacter | B58: 0 | C58: 0 | D58: 0 | E58: 0 | F58: 0 | G58: 0 | H58: 0 | I58: 0 | J58: 0 | K58: 0 | L58: 0 | M58: 0 | N58: 0 | O58: 0 | P58: 0 | Q58: 0 | R58: 0 | S58: 0 | T58: 0 | U58: 0 | V58: 0 | W58: 0 | X58: 0 | Y58: 0 | Z58: 0 | AA58: 0 | AB58: 0 | AC58: 0 | AD58: 0 | AE58: 0 | AF58: 0 | AG58: 0 | AH58: 0 | AI58: 0 | AJ58: 0 | AK58: 0 | AL58: 0 | AM58: 0 | AN58: 0 | AO58: 0 | AP58: 0 | AQ58: 0 | AR58: 0 | AS58: 0 | AT58: 0 | AU58: 0 | AV58: 0 | AW58: 0 | AX58: 0 | AY58: 0 | AZ58: 0 | BA58: 0 | BB58: 0 | BC58: 0 | BD58: 0 | BE58: 0 | BF58: 0 | BG58: 0 | BH58: 0 | BI58: 0 | BJ58: 0 | BK58: 0 | BL58: 0 | BM58: 0 | BN58: 0 | BO58: 0 | BP58: 0 | BQ58: 0 | BR58: 0 | BS58: 0 | BT58: 0 | BU58: 0 | BV58: 0 | BW58: 0 | BX58: 0 | BY58: 0 | BZ58: 0 | CA58: 0 | CB58: 0 | CC58: 0 | CD58: 0 | CE58: 0 | CF58: 0 | CG58: 0 | CH58: 0 | CI58: 0 | CJ58: 0 | CK58: 0 | CL58: 0 | CM58: 0 | CN58: 0 | CO58: 0 | CP58: 0 | CQ58: 0 | CR58: 0 | CS58: 0
A59: Pseudomonas2 | B59: 0 | C59: 0 | D59: 0.0017548483 | E59: 16.188113 | F59: 0 | G59: 0 | H59: 6.0092253 | I59: 12.357778 | J59: 0 | K59: 0 | L59: 8.4827306 | M59: 12.793558 | N59: 18.317789 | O59: 0.016099395 | P59: 15.553302 | Q59: 24.378326 | R59: 0.010623919 | S59: 0.052670723 | T59: 18.79056 | U59: 0.39772167 | V59: 0.93832408 | W59: 11.622145 | X59: 23.336273 | Y59: 0.0014311385 | Z59: 17.302454 | AA59: 6.7231551 | AB59: 0 | AC59: 0 | AD59: 24.607471 | AE59: 14.288981 | AF59: 0 | AG59: 0 | AH59: 8.2447866 | AI59: 25.252356 | AJ59: 0 | AK59: 0 | AL59: 0.00085572366 | AM59: 10.062659 | AN59: 5.5364751 | AO59: 0.00043147446 | AP59: 0.021802077 | AQ59: 8.0855293 | AR59: 9.6396602 | AS59: 10.374662 | AT59: 8.1103729 | AU59: 0.004490822 | AV59: 11.801377 | AW59: 9.2453085 | AX59: 0 | AY59: 0.0019236312 | AZ59: 0.003488326 | BA59: 0 | BB59: 0 | BC59: 0.0017217038 | BD59: 3.6790954 | BE59: 0 | BF59: 0 | BG59: 12.371495 | BH59: 8.4954105 | BI59: 0 | BJ59: 0 | BK59: 9.6414701 | BL59: 16.799301 | BM59: 57.4691 | BN59: 0 | BO59: 1.7590609 | BP59: 40.34103 | BQ59: 53.105528 | BR59: 0 | BS59: 0.040967226 | BT59: 23.212057 | BU59: 35.740517 | BV59: 0 | BW59: 0 | BX59: 0 | BY59: 0 | BZ59: 0 | CA59: 0 | CB59: 0 | CC59: 0 | CD59: 0 | CE59: 0 | CF59: 0 | CG59: 0 | CH59: 0 | CI59: 0 | CJ59: 0 | CK59: 8.0123586 | CL59: 0 | CM59: 0 | CN59: 0 | CO59: 15.793505 | CP59: 0 | CQ59: 0 | CR59: 0 | CS59: 20.5527
A60: Lysobacter | B60: 0 | C60: 0 | D60: 0 | E60: 0 | F60: 0 | G60: 0 | H60: 0 | I60: 0 | J60: 0 | K60: 0 | L60: 0 | M60: 0 | N60: 0 | O60: 0 | P60: 0 | Q60: 0 | R60: 0 | S60: 0 | T60: 0 | U60: 0 | V60: 0.077546273 | W60: 0 | X60: 0 | Y60: 0 | Z60: 24.055317 | AA60: 0 | AB60: 0 | AC60: 0 | AD60: 16.916301 | AE60: 0 | AF60: 0 | AG60: 0 | AH60: 24.653999 | AI60: 0 | AJ60: 0 | AK60: 0 | AL60: 3.8533349 | AM60: 0 | AN60: 0 | AO60: 0 | AP60: 13.524132 | AQ60: 0 | AR60: 0 | AS60: 0 | AT60: 10.952957 | AU60: 0 | AV60: 0 | AW60: 0 | AX60: 0 | AY60: 25.903609 | AZ60: 0 | BA60: 4.9504492 | BB60: 0 | BC60: 15.511446 | BD60: 0 | BE60: 0 | BF60: 0 | BG60: 12.170356 | BH60: 0 | BI60: 14.263224 | BJ60: 0 | BK60: 0 | BL60: 0 | BM60: 0 | BN60: 15.64823 | BO60: 0 | BP60: 0 | BQ60: 0 | BR60: 0 | BS60: 0 | BT60: 0 | BU60: 0 | BV60: 0 | BW60: 0 | BX60: 0 | BY60: 0 | BZ60: 0 | CA60: 0 | CB60: 0 | CC60: 0 | CD60: 0 | CE60: 0 | CF60: 0 | CG60: 0 | CH60: 0 | CI60: 0 | CJ60: 0 | CK60: 0 | CL60: 0 | CM60: 0 | CN60: 0 | CO60: 0 | CP60: 0 | CQ60: 0 | CR60: 0 | CS60: 0
A61: Mesorhizobium | B61: 0 | C61: 0 | D61: 0 | E61: 0 | F61: 0 | G61: 0 | H61: 0 | I61: 0 | J61: 0 | K61: 0 | L61: 0 | M61: 0 | N61: 37.893846 | O61: 2.2906561 | P61: 0 | Q61: 0 | R61: 11.67315 | S61: 3.8765913 | T61: 0 | U61: 0 | V61: 0.01055875 | W61: 34.463074 | X61: 0 | Y61: 0 | Z61: 55.57123 | AA61: 0 | AB61: 0 | AC61: 0 | AD61: 55.240052 | AE61: 0 | AF61: 0 | AG61: 0 | AH61: 27.590359 | AI61: 0 | AJ61: 0 | AK61: 0 | AL61: 0 | AM61: 22.651929 | AN61: 0 | AO61: 0 | AP61: 0 | AQ61: 9.641878 | AR61: 0 | AS61: 0 | AT61: 0 | AU61: 55.09627 | AV61: 0 | AW61: 0 | AX61: 0 | AY61: 47.861242 | AZ61: 0 | BA61: 0 | BB61: 0 | BC61: 44.74846 | BD61: 0 | BE61: 0 | BF61: 0 | BG61: 58.901734 | BH61: 0 | BI61: 0 | BJ61: 0 | BK61: 0 | BL61: 0 | BM61: 8.9463894 | BN61: 0 | BO61: 0 | BP61: 0 | BQ61: 0.093269146 | BR61: 0 | BS61: 0 | BT61: 0 | BU61: 0 | BV61: 51.412957 | BW61: 0 | BX61: 0 | BY61: 0 | BZ61: 40.60892 | CA61: 0 | CB61: 0 | CC61: 0 | CD61: 24.709483 | CE61: 0 | CF61: 0 | CG61: 0 | CH61: 58.115135 | CI61: 0 | CJ61: 0 | CK61: 0 | CL61: 55.095331 | CM61: 0 | CN61: 0 | CO61: 0 | CP61: 56.993505 | CQ61: 0 | CR61: 0 | CS61: 0
A62: Phenylobacterium | B62: 0 | C62: 0 | D62: 0 | E62: 0 | F62: 0 | G62: 0 | H62: 0 | I62: 0 | J62: 0 | K62: 0 | L62: 0 | M62: 0 | N62: 0 | O62: 0 | P62: 0 | Q62: 0 | R62: 0 | S62: 0 | T62: 0 | U62: 0 | V62: 0 | W62: 0 | X62: 0 | Y62: 0 | Z62: 24.775193 | AA62: 0 | AB62: 0 | AC62: 0 | AD62: 27.258912 | AE62: 0 | AF62: 0 | AG62: 0 | AH62: 24.636656 | AI62: 0 | AJ62: 0 | AK62: 0 | AL62: 0 | AM62: 0 | AN62: 0 | AO62: 0 | AP62: 0 | AQ62: 0 | AR62: 0 | AS62: 0 | AT62: 0 | AU62: 0 | AV62: 0 | AW62: 0 | AX62: 0 | AY62: 0 | AZ62: 0 | BA62: 0 | BB62: 0 | BC62: 0 | BD62: 0 | BE62: 0 | BF62: 0 | BG62: 0 | BH62: 0 | BI62: 0 | BJ62: 0 | BK62: 0 | BL62: 0 | BM62: 0 | BN62: 0 | BO62: 0 | BP62: 0 | BQ62: 0 | BR62: 0 | BS62: 0 | BT62: 0 | BU62: 0 | BV62: 0 | BW62: 0 | BX62: 0 | BY62: 0 | BZ62: 0 | CA62: 0 | CB62: 0 | CC62: 0 | CD62: 0 | CE62: 0 | CF62: 0 | CG62: 0 | CH62: 0 | CI62: 0 | CJ62: 0 | CK62: 0 | CL62: 0 | CM62: 0 | CN62: 0 | CO62: 0 | CP62: 0 | CQ62: 0 | CR62: 0 | CS62: 0
... A71: Variovorax | B71: 0 | C71: 0 | D71: 2.2027146 | E71: 0 | F71: 0 | G71: 0 | H71: 15.533644 | I71: 0 | J71: 0 | K71: 0 | L71: 19.26879 | M71: 0 | N71: 18.241783 | O71: 0 | P71: 0 | Q71: 10.476911 | R71: 0.12278987 | S71: 0 | T71: 0 | U71: 0.0042769467 | V71: 0.0037838955 | W71: 55.678987 | X71: 0 | Y71: 0.010000795 | Z71: 21.569607 | AA71: 0 | AB71: 0 | AC71: 0.021359983 | AD71: 0.0014004269 | AE71: 0 | AF71: 0 | AG71: 0.020309266 | AH71: 0.27559205 | AI71: 0 | AJ71: 0 | AK71: 0.078995253 | AL71: 0.067045403 | AM71: 6.1744328 | AN71: 6.1768202 | AO71: 0 | AP71: 0 | AQ71: 7.1427308 | AR71: 12.217684 | AS71: 0 | AT71: 6.6673293 | AU71: 0.78540764 | AV71: 4.3468394 | AW71: 0 | AX71: 0 | AY71: 9.4393263 | AZ71: 0.012387122 | BA71: 63.212689 | BB71: 0 | BC71: 0.041362615 | BD71: 11.985923 | BE71: 61.703599 | BF71: 0 | BG71: 0.058856113 | BH71: 7.00448 | BI71: 59.955192 | BJ71: 0 | BK71: 0 | BL71: 60.809979 | BM71: 0 | BN71: 0 | BO71: 0 | BP71: 51.030462 | BQ71: 0.0024167182 | BR71: 0 | BS71: 0 | BT71: 51.639897 | BU71: 20.611056 | BV71: 0 | BW71: 0 | BX71: 19.895314 | BY71: 0 | BZ71: 0 | CA71: 0 | CB71: 0.020268645 | CC71: 0 | CD71: 0 | CE71: 0 | CF71: 27.341066 | CG71: 0 | CH71: 65.973294 | CI71: 0 | CJ71: 0.040745924 | CK71: 0 | CL71: 71.999985 | CM71: 0 | CN71: 0.071738527 | CO71: 0 | CP71: 66.973004 | CQ71: 0 | CR71: 13.049077 | CS71: 0
A75: Monod model
A76: Resources/Species
A77: Chitinophaga | B77: 0 | C77: 0 | D77: 0 | E77: 0 | F77: 0 | G77: 0 | H77: 0 | I77: 0 | J77: 0 | K77: 0 | L77: 0 | M77: 0 | N77: 0 | O77: 0 | P77: 0 | Q77: 0 | R77: 0 | S77: 0 | T77: 0 | U77: 0 | V77: 0 | W77: 0 | X77: 0 | Y77: 0 | Z77: 0 | AA77: 0 | AB77: 0 | AC77: 0 | AD77: 0 | AE77: 0 | AF77: 0 | AG77: 0 | AH77: 0 | AI77: 0 | AJ77: 0 | AK77: 0 | AL77: 0 | AM77: 0 | AN77: 0 | AO77: 0 | AP77: 0 | AQ77: 0 | AR77: 0 | AS77: 0 | AT77: 0 | AU77: 0 | AV77: 0 | AW77: 0 | AX77: 0 | AY77: 0 | AZ77: 0 | BA77: 0 | BB77: 0 | BC77: 0 | BD77: 0 | BE77: 0 | BF77: 0 | BG77: 0 | BH77: 0 | BI77: 0 | BJ77: 0 | BK77: 0 | BL77: 0 | BM77: 0 | BN77: 0 | BO77: 0 | BP77: 0 | BQ77: 0 | BR77: 0 | BS77: 0 | BT77: 0 | BU77: 0 | BV77: 0 | BW77: 0 | BX77: 0 | BY77: 0 | BZ77: 0 | CA77: 0 | CB77: 0 | CC77: 0 | CD77: 0 | CE77: 0 | CF77: 0 | CG77: 0 | CH77: 0 | CI77: 0 | CJ77: 0 | CK77: 0 | CL77: 0 | CM77: 0 | CN77: 0 | CO77: 0 | CP77: 0 | CQ77: 0 | CR77: 0 | CS77: 0
A78: Rahnella | B78: 0 | C78: 0.22819225 | D78: 0 | E78: 0 | F78: 0 | G78: 0.22946991 | H78: 0 | I78: 0 | J78: 0 | K78: 0.27703888 | L78: 0 | M78: 0 | N78: 0.061732277 | O78: 0.25871953 | P78: 0.43488376 | Q78: 0.095694501 | R78: 0.11194415 | S78: 0.091539059 | T78: 0.01437371 | U78: 0.080363672 | V78: 0.13028221 | W78: 0.21131358 | X78: 0.011697822 | Y78: 0.12297438 | Z78: 0.025793906 | AA78: 0 | AB78: 0 | AC78: 0 | AD78: 0.08088534 | AE78: 0 | AF78: 0 | AG78: 0 | AH78: 0.046231204 | AI78: 0 | AJ78: 0 | AK78: 0 | AL78: 0.06950669 | AM78: 0.21322332 | AN78: 0 | AO78: 0.072246499 | AP78: 0.075673468 | AQ78: 0.1772545 | AR78: 0 | AS78: 0.075341923 | AT78: 0.072004119 | AU78: 0.23492517 | AV78: 0 | AW78: 0.077693401 | AX78: 0 | AY78: 0.2300836 | AZ78: 0 | BA78: 0 | BB78: 0 | BC78: 0.33318883 | BD78: 0 | BE78: 0 | BF78: 0 | BG78: 0.2578154 | BH78: 0 | BI78: 0 | BJ78: 0 | BK78: 0 | BL78: 0 | BM78: 0.049419201 | BN78: 0 | BO78: 0 | BP78: 0 | BQ78: 0.065572599 | BR78: 0 | BS78: 0 | BT78: 0 | BU78: 0.061999954 | BV78: 0.10310019 | BW78: 0.084905429 | BX78: 0 | BY78: 0 | BZ78: 0.13798182 | CA78: 0.082524025 | CB78: 0 | CC78: 0 | CD78: 0.15580623 | CE78: 0.52749918 | CF78: 0 | CG78: 0 | CH78: 0.23263394 | CI78: 0.0073325749 | CJ78: 0 | CK78: 0 | CL78: 0.24229674 | CM78: 0.29465995 | CN78: 0 | CO78: 0 | CP78: 0.23951651 | CQ78: 0.25072876 | CR78: 0.080482335 | CS78: 0
A79: Burkholderia | B79: 0 | C79: 0.061337911 | D79: 0.046083403 | E79: 0.070990083 | F79: 0 | G79: 0.069906186 | H79: 0.057686993 | I79: 0.08200032 | J79: 0 | K79: 0.064817197 | L79: 0.046937925 | M79: 0.086166793 | N79: 0.044498239 | O79: 0.042974112 | P79: 0.050485577 | Q79: 0.067128425 | R79: 0.11486171 | S79: 0.056715911 | T79: 0.038886453 | U79: 0.045589692 | V79: 0.059520135 | W79: 0.050865214 | X79: 0.049515899 | Y79: 0.081120157 | Z79: 0.0092214944 | AA79: 0.039914777 | AB79: 0 | AC79: 0.076631447 | AD79: 0.15945565 | AE79: 0.065974716 | AF79: 0 | AG79: 0.038865072 | AH79: 0.13175051 | AI79: 0.040242424 | AJ79: 0 | AK79: 0.058522514 | AL79: 0.19755288 | AM79: 0.076289103 | AN79: 0.083377528 | AO79: 0.032467716 | AP79: 0.030558879 | AQ79: 0.050774989 | AR79: 0.056657575 | AS79: 0.043912916 | AT79: 0.02422761 | AU79: 0.030917043 | AV79: 0.063061848 | AW79: 0.04313701 | AX79: 0 | AY79: 0.060447553 | AZ79: 0.071018979 | BA79: 0.035433549 | BB79: 0 | BC79: 0.061662551 | BD79: 0.040143554 | BE79: 0.036786449 | BF79: 0 | BG79: 0.046321012 | BH79: 0.05125528 | BI79: 0.07086028 | BJ79: 0 | BK79: 0.056733031 | BL79: 0 | BM79: 0.065236219 | BN79: 0 | BO79: 0.11834202 | BP79: 0 | BQ79: 0.066078622 | BR79: 0 | BS79: 0.12746431 | BT79: 0 | BU79: 0.065230292 | BV79: 0.071911319 | BW79: 0 | BX79: 0.055248809 | BY79: 0 | BZ79: 0.060940445 | CA79: 0 | CB79: 0.062383208 | CC79: 0 | CD79: 0.046006876 | CE79: 0 | CF79: 0.058505861 | CG79: 0 | CH79: 0 | CI79: 0.065988063 | CJ79: 0.073309788 | CK79: 0 | CL79: 0 | CM79: 0.067546163 | CN79: 0.12505769 | CO79: 0 | CP79: 0 | CQ79: 0.052005684 | CR79: 0.09170401 | CS79: 0
A80: Tardiphaga | B80: 0 | C80: 0 | D80: 0 | E80: 0 | F80: 0 | G80: 0 | H80: 0 | I80: 0 | J80: 0 | K80: 0 | L80: 0 | M80: 0 | N80: 0 | O80: 0 | P80: 0 | Q80: 0 | R80: 0.018991097 | S80: 0 | T80: 0 | U80: 0 | V80: 0 | W80: 0 | X80: 0 | Y80: 0 | Z80: 0 | AA80: 0 | AB80: 0 | AC80: 0 | AD80: 0 | AE80: 0 | AF80: 0 | AG80: 0 | AH80: 0 | AI80: 0 | AJ80: 0 | AK80: 0 | AL80: 0 | AM80: 0 | AN80: 0 | AO80: 0 | AP80: 0 | AQ80: 0 | AR80: 0 | AS80: 0 | AT80: 0 | AU80: 0 | AV80: 0 | AW80: 0 | AX80: 0 | AY80: 0 | AZ80: 0 | BA80: 0 | BB80: 0 | BC80: 0 | BD80: 0 | BE80: 0 | BF80: 0 | BG80: 0 | BH80: 0 | BI80: 0 | BJ80: 0 | BK80: 0 | BL80: 0 | BM80: 0 | BN80: 0 | BO80: 0 | BP80: 0 | BQ80: 0 | BR80: 0 | BS80: 0 | BT80: 0 | BU80: 0 | BV80: 0 | BW80: 0 | BX80: 0 | BY80: 0 | BZ80: 0 | CA80: 0 | CB80: 0 | CC80: 0 | CD80: 0 | CE80: 0 | CF80: 0 | CG80: 0 | CH80: 0 | CI80: 0 | CJ80: 0 | CK80: 0 | CL80: 0 | CM80: 0 | CN80: 0 | CO80: 0 | CP80: 0 | CQ80: 0 | CR80: 0 | CS80: 0
A81: Cohnella | B81: 0 | C81: 0 | D81: 0 | E81: 0 | F81: 0 | G81: 0 | H81: 0 | I81: 0 | J81: 0 | K81: 0 | L81: 0 | M81: 0 | N81: 0 | O81: 0 | P81: 0 | Q81: 0 | R81: 0 | S81: 0 | T81: 0 | U81: 0 | V81: 0 | W81: 0 | X81: 0 | Y81: 0 | Z81: 0 | AA81: 0 | AB81: 0 | AC81: 0 | AD81: 0 | AE81: 0 | AF81: 0 | AG81: 0 | AH81: 0 | AI81: 0 | AJ81: 0 | AK81: 0 | AL81: 0 | AM81: 0 | AN81: 0 | AO81: 0 | AP81: 0 | AQ81: 0 | AR81: 0 | AS81: 0 | AT81: 0 | AU81: 0 | AV81: 0 | AW81: 0 | AX81: 0 | AY81: 0 | AZ81: 0 | BA81: 0 | BB81: 0 | BC81: 0 | BD81: 0 | BE81: 0 | BF81: 0 | BG81: 0 | BH81: 0 | BI81: 0 | BJ81: 0 | BK81: 0 | BL81: 0 | BM81: 0 | BN81: 0 | BO81: 0 | BP81: 0 | BQ81: 0 | BR81: 0 | BS81: 0 | BT81: 0 | BU81: 0 | BV81: 0 | BW81: 0 | BX81: 0 | BY81: 0 | BZ81: 0 | CA81: 0 | CB81: 0 | CC81: 0 | CD81: 0 | CE81: 0 | CF81: 0 | CG81: 0 | CH81: 0 | CI81: 0 | CJ81: 0 | CK81: 0 | CL81: 0 | CM81: 0 | CN81: 0 | CO81: 0 | CP81: 0 | CQ81: 0 | CR81: 0 | CS81: 0
A82: Devosia | B82: 0 | C82: 0 | D82: 0 | E82: 0 | F82: 0 | G82: 0 | H82: 0 | I82: 0 | J82: 0 | K82: 0 | L82: 0 | M82: 0 | N82: 0 | O82: 0 | P82: 0 | Q82: 0 | R82: 0 | S82: 0 | T82: 0 | U82: 0 | V82: 0 | W82: 0 | X82: 0 | Y82: 0 | Z82: 0 | AA82: 0 | AB82: 0 | AC82: 0 | AD82: 0 | AE82: 0 | AF82: 0 | AG82: 0 | AH82: 0 | AI82: 0 | AJ82: 0 | AK82: 0 | AL82: 0 | AM82: 0 | AN82: 0 | AO82: 0 | AP82: 0 | AQ82: 0 | AR82: 0 | AS82: 0 | AT82: 0 | AU82: 0 | AV82: 0 | AW82: 0 | AX82: 0 | AY82: 0 | AZ82: 0 | BA82: 0 | BB82: 0 | BC82: 0 | BD82: 0 | BE82: 0 | BF82: 0 | BG82: 0 | BH82: 0 | BI82: 0 | BJ82: 0 | BK82: 0 | BL82: 0 | BM82: 0 | BN82: 0 | BO82: 0 | BP82: 0 | BQ82: 0 | BR82: 0 | BS82: 0 | BT82: 0 | BU82: 0 | BV82: 0 | BW82: 0 | BX82: 0 | BY82: 0 | BZ82: 0 | CA82: 0 | CB82: 0 | CC82: 0 | CD82: 0 | CE82: 0 | CF82: 0 | CG82: 0 | CH82: 0 | CI82: 0 | CJ82: 0 | CK82: 0 | CL82: 0 | CM82: 0 | CN82: 0 | CO82: 0 | CP82: 0 | CQ82: 0 | CR82: 0 | CS82: 0
A83: Pseudomonas1 | B83: 0 | C83: 0 | D83: 1.5506247 | E83: 0.034676698 | F83: 0 | G83: 0 | H83: 1.4245674 | I83: 0.07303409 | J83: 0 | K83: 0 | L83: 0.31305968 | M83: 0.22372057 | N83: 2.4930581 | O83: 0.10515864 | P83: 0.099486048 | Q83: 0.0053940763 | R83: 0.22701248 | S83: 0.13352486 | T83: 0.044224909 | U83: 1.103433 | V83: 2.039136 | W83: 0.079085321 | X83: 1.4212506 | Y83: 1.9289027 | Z83: 0 | AA83: 0 | AB83: 0 | AC83: 0 | AD83: 0.32599544 | AE83: 0 | AF83: 0 | AG83: 0 | AH83: 0.19681823 | AI83: 0 | AJ83: 0 | AK83: 0 | AL83: 0.091049006 | AM83: 0.02632688 | AN83: 0.24550454 | AO83: 0 | AP83: 0.18366069 | AQ83: 0.21986054 | AR83: 0.23977694 | AS83: 0 | AT83: 0.19269428 | AU83: 0.22450721 | AV83: 0.25084155 | AW83: 0 | AX83: 0 | AY83: 0 | AZ83: 0.12736953 | BA83: 0 | BB83: 0 | BC83: 0 | BD83: 0.19976601 | BE83: 0 | BF83: 0 | BG83: 0 | BH83: 0.19651039 | BI83: 0 | BJ83: 0 | BK83: 0.070672383 | BL83: 0 | BM83: 0 | BN83: 0 | BO83: 0.13876371 | BP83: 1.1412102 | BQ83: 0 | BR83: 0 | BS83: 0.16886179 | BT83: 0.15916341 | BU83: 0 | BV83: 0 | BW83: 0 | BX83: 0 | BY83: 0 | BZ83: 0 | CA83: 0 | CB83: 0 | CC83: 0 | CD83: 0 | CE83: 0 | CF83: 0 | CG83: 0 | CH83: 0 | CI83: 0 | CJ83: 0.23144561 | CK83: 0.046324771 | CL83: 0 | CM83: 0.30280965 | CN83: 0.089926638 | CO83: 0.039918707 | CP83: 0 | CQ83: 2.4339174 | CR83: 0 | CS83: 0.09033912
A84: Caulobacter | B84: 0 | C84: 0 | D84: 0 | E84: 0 | F84: 0 | G84: 0 | H84: 0 | I84: 0 | J84: 0 | K84: 0 | L84: 0 | M84: 0 | N84: 0 | O84: 0 | P84: 0 | Q84: 0 | R84: 0 | S84: 0 | T84: 0 | U84: 0 | V84: 0 | W84: 0 | X84: 0 | Y84: 0 | Z84: 0 | AA84: 0 | AB84: 0 | AC84: 0 | AD84: 0 | AE84: 0 | AF84: 0 | AG84: 0 | AH84: 0 | AI84: 0 | AJ84: 0 | AK84: 0 | AL84: 0 | AM84: 0 | AN84: 0 | AO84: 0 | AP84: 0 | AQ84: 0 | AR84: 0 | AS84: 0 | AT84: 0 | AU84: 0 | AV84: 0 | AW84: 0 | AX84: 0 | AY84: 0 | AZ84: 0 | BA84: 0 | BB84: 0 | BC84: 0 | BD84: 0 | BE84: 0 | BF84: 0 | BG84: 0 | BH84: 0 | BI84: 0 | BJ84: 0 | BK84: 0 | BL84: 0 | BM84: 0 | BN84: 0 | BO84: 0 | BP84: 0 | BQ84: 0 | BR84: 0 | BS84: 0 | BT84: 0 | BU84: 0 | BV84: 0 | BW84: 0 | BX84: 0 | BY84: 0 | BZ84: 0 | CA84: 0 | CB84: 0 | CC84: 0 | CD84: 0 | CE84: 0 | CF84: 0 | CG84: 0 | CH84: 0 | CI84: 0 | CJ84: 0 | CK84: 0 | CL84: 0 | CM84: 0 | CN84: 0 | CO84: 0 | CP84: 0 | CQ84: 0 | CR84: 0 | CS84: 0
A85: Pseudomonas2 | B85: 0 | C85: 0 | D85: 0.091793565 | E85: 0.11151909 | F85: 0 | G85: 0 | H85: 0.36986974 | I85: 0.11968344 | J85: 0 | K85: 0 | L85: 0.70953027 | M85: 0.14913429 | N85: 0.080546768 | O85: 0.19187277 | P85: 0.050018428 | Q85: 0.019863728 | R85: 0.10662634 | S85: 0.17690044 | T85: 0.73755803 | U85: 0.20921231 | V85: 0.1059953 | W85: 0.070278601 | X85: 0.42467551 | Y85: 2.1969249 | Z85: 0.063397732 | AA85: 0.080086312 | AB85: 0 | AC85: 0 | AD85: 0.054197534 | AE85: 0.095190744 | AF85: 0 | AG85: 0 | AH85: 0.091045866 | AI85: 0.063178875 | AJ85: 0 | AK85: 0 | AL85: 0.1163517 | AM85: 0.13665831 | AN85: 0.10878096 | AO85: 0.1973819 | AP85: 0.11233886 | AQ85: 0.16095979 | AR85: 0.096246753 | AS85: 0.14367508 | AT85: 0.063213588 | AU85: 0.088802404 | AV85: 0.10881662 | AW85: 0.15629263 | AX85: 0 | AY85: 0.088688636 | AZ85: 0.11654643 | BA85: 0 | BB85: 0 | BC85: 0.14908568 | BD85: 0.089914715 | BE85: 0 | BF85: 0 | BG85: 0.057899597 | BH85: 0.068121593 | BI85: 0 | BJ85: 0 | BK85: 0.061735945 | BL85: 0.10358728 | BM85: 0.041879257 | BN85: 0 | BO85: 0.13044231 | BP85: 0.14262182 | BQ85: 0.060935302 | BR85: 0 | BS85: 0.13963131 | BT85: 0.14524155 | BU85: 0.037310806 | BV85: 0 | BW85: 0 | BX85: 0 | BY85: 0 | BZ85: 0 | CA85: 0 | CB85: 0 | CC85: 0 | CD85: 0 | CE85: 0 | CF85: 0 | CG85: 0 | CH85: 0 | CI85: 0 | CJ85: 0 | CK85: 0.054865623 | CL85: 0 | CM85: 0 | CN85: 0 | CO85: 0.068186859 | CP85: 0 | CQ85: 0 | CR85: 0 | CS85: 0.070166007
A86: Lysobacter | B86: 0 | C86: 0 | D86: 0 | E86: 0 | F86: 0 | G86: 0 | H86: 0 | I86: 0 | J86: 0 | K86: 0 | L86: 0 | M86: 0 | N86: 0 | O86: 0 | P86: 0 | Q86: 0 | R86: 0 | S86: 0 | T86: 0 | U86: 0 | V86: 0.046261928 | W86: 0 | X86: 0 | Y86: 0 | Z86: 0.56511161 | AA86: 0 | AB86: 0 | AC86: 0 | AD86: 0.11535532 | AE86: 0 | AF86: 0 | AG86: 0 | AH86: 0.076076889 | AI86: 0 | AJ86: 0 | AK86: 0 | AL86: 0.077865088 | AM86: 0 | AN86: 0 | AO86: 0 | AP86: 0.024263169 | AQ86: 0 | AR86: 0 | AS86: 0 | AT86: 0.029782162 | AU86: 0 | AV86: 0 | AW86: 0 | AX86: 0 | AY86: 0.03841079 | AZ86: 0 | BA86: 0.043940128 | BB86: 0 | BC86: 0.10863256 | BD86: 0 | BE86: 0 | BF86: 0 | BG86: 0.045687831 | BH86: 0 | BI86: 0.097706277 | BJ86: 0 | BK86: 0 | BL86: 0 | BM86: 0 | BN86: 0.10047988 | BO86: 0 | BP86: 0 | BQ86: 0 | BR86: 0 | BS86: 0 | BT86: 0 | BU86: 0 | BV86: 0 | BW86: 0 | BX86: 0 | BY86: 0 | BZ86: 0 | CA86: 0 | CB86: 0 | CC86: 0 | CD86: 0 | CE86: 0 | CF86: 0 | CG86: 0 | CH86: 0 | CI86: 0 | CJ86: 0 | CK86: 0 | CL86: 0 | CM86: 0 | CN86: 0 | CO86: 0 | CP86: 0 | CQ86: 0 | CR86: 0 | CS86: 0
A87: Mesorhizobium | B87: 0 | C87: 0 | D87: 0 | E87: 0 | F87: 0 | G87: 0 | H87: 0 | I87: 0 | J87: 0 | K87: 0 | L87: 0 | M87: 0 | N87: 0.041492302 | O87: 0.039214439 | P87: 0 | Q87: 0 | R87: 0.029405991 | S87: 0.06795685 | T87: 0 | U87: 0 | V87: 0.030699461 | W87: 0.043061639 | X87: 0 | Y87: 0 | Z87: 0.066544913 | AA87: 0 | AB87: 0 | AC87: 0 | AD87: 0.04376226 | AE87: 0 | AF87: 0 | AG87: 0 | AH87: 0.037860894 | AI87: 0 | AJ87: 0 | AK87: 0 | AL87: 0 | AM87: 0.042336514 | AN87: 0 | AO87: 0 | AP87: 0 | AQ87: 0.036963539 | AR87: 0 | AS87: 0 | AT87: 0 | AU87: 0.040594345 | AV87: 0 | AW87: 0 | AX87: 0 | AY87: 0.057219319 | AZ87: 0 | BA87: 0 | BB87: 0 | BC87: 0.059692466 | BD87: 0 | BE87: 0 | BF87: 0 | BG87: 0.071986056 | BH87: 0 | BI87: 0 | BJ87: 0 | BK87: 0 | BL87: 0 | BM87: 0.021417626 | BN87: 0 | BO87: 0 | BP87: 0 | BQ87: 0.032804886 | BR87: 0 | BS87: 0 | BT87: 0 | BU87: 0 | BV87: 0.066838609 | BW87: 0 | BX87: 0 | BY87: 0 | BZ87: 0.056337962 | CA87: 0 | CB87: 0 | CC87: 0 | CD87: 0.047638672 | CE87: 0 | CF87: 0 | CG87: 0 | CH87: 0.086874462 | CI87: 0 | CJ87: 0 | CK87: 0 | CL87: 0.06394342 | CM87: 0 | CN87: 0 | CO87: 0 | CP87: 0.085691833 | CQ87: 0 | CR87: 0 | CS87: 0
A88: Phenylobacterium | B88: 0 | C88: 0 | D88: 0 | E88: 0 | F88: 0 | G88: 0 | H88: 0 | I88: 0 | J88: 0 | K88: 0 | L88: 0 | M88: 0 | N88: 0 | O88: 0 | P88: 0 | Q88: 0 | R88: 0 | S88: 0 | T88: 0 | U88: 0 | V88: 0 | W88: 0 | X88: 0 | Y88: 0 | Z88: 0.031254185 | AA88: 0 | AB88: 0 | AC88: 0 | AD88: 0.032320479 | AE88: 0 | AF88: 0 | AG88: 0 | AH88: 0.024994064 | AI88: 0 | AJ88: 0 | AK88: 0 | AL88: 0 | AM88: 0 | AN88: 0 | AO88: 0 | AP88: 0 | AQ88: 0 | AR88: 0 | AS88: 0 | AT88: 0 | AU88: 0 | AV88: 0 | AW88: 0 | AX88: 0 | AY88: 0 | AZ88: 0 | BA88: 0 | BB88: 0 | BC88: 0 | BD88: 0 | BE88: 0 | BF88: 0 | BG88: 0 | BH88: 0 | BI88: 0 | BJ88: 0 | BK88: 0 | BL88: 0 | BM88: 0 | BN88: 0 | BO88: 0 | BP88: 0 | BQ88: 0 | BR88: 0 | BS88: 0 | BT88: 0 | BU88: 0 | BV88: 0 | BW88: 0 | BX88: 0 | BY88: 0 | BZ88: 0 | CA88: 0 | CB88: 0 | CC88: 0 | CD88: 0 | CE88: 0 | CF88: 0 | CG88: 0 | CH88: 0 | CI88: 0 | CJ88: 0 | CK88: 0 | CL88: 0 | CM88: 0 | CN88: 0 | CO88: 0 | CP88: 0 | CQ88: 0 | CR88: 0 | CS88: 0
... A97: Variovorax | B97: 0 | C97: 0 | D97: 0.060295108 | E97: 0 | F97: 0 | G97: 0 | H97: 0.05324082 | I97: 0 | J97: 0 | K97: 0 | L97: 0.077964177 | M97: 0 | N97: 0.098206845 | O97: 0 | P97: 0 | Q97: 0.036324535 | R97: 0.12258766 | S97: 0 | T97: 0 | U97: 0.11080539 | V97: 0.10768224 | W97: 0.072355965 | X97: 0 | Y97: 0.08318395 | Z97: 0.043643999 | AA97: 0 | AB97: 0 | AC97: 0.082179721 | AD97: 0.072822879 | AE97: 0 | AF97: 0 | AG97: 0.081949489 | AH97: 0.060603225 | AI97: 0 | AJ97: 0 | AK97: 0.087246031 | AL97: 0.16423963 | AM97: 0.19323483 | AN97: 0.11818444 | AO97: 0 | AP97: 0 | AQ97: 0.15762365 | AR97: 0.061059347 | AS97: 0 | AT97: 0.14574387 | AU97: 0.20908032 | AV97: 0.072767429 | AW97: 0 | AX97: 0 | AY97: 0.13755039 | AZ97: 0.11065353 | BA97: 0.085523473 | BB97: 0 | BC97: 0.066309375 | BD97: 0.07619254 | BE97: 0.081873755 | BF97: 0 | BG97: 0.099408087 | BH97: 0.065883926 | BI97: 0.089134857 | BJ97: 0 | BK97: 0 | BL97: 0.15016653 | BM97: 0 | BN97: 0 | BO97: 0 | BP97: 0.12803362 | BQ97: 0.2186673 | BR97: 0 | BS97: 0 | BT97: 0.094919227 | BU97: 0.13130967 | BV97: 0 | BW97: 0 | BX97: 0.13204394 | BY97: 0 | BZ97: 0 | CA97: 0 | CB97: 0.10912235 | CC97: 0 | CD97: 0 | CE97: 0 | CF97: 0.096261146 | CG97: 0 | CH97: 0.1158984 | CI97: 0 | CJ97: 0.093482447 | CK97: 0 | CL97: 0.11178739 | CM97: 0 | CN97: 0.08478727 | CO97: 0 | CP97: 0.11923848 | CQ97: 0 | CR97: 0.054307328 | CS97: 0
A100: Lag time
A101: Resources/Species
A102: Chitinophaga | B102: 0 | C102: 0 | D102: 0 | E102: 0 | F102: 0 | G102: 0 | H102: 0 | I102: 0 | J102: 0 | K102: 0 | L102: 0 | M102: 0 | N102: 0 | O102: 0 | P102: 0 | Q102: 0 | R102: 0 | S102: 0 | T102: 0 | U102: 0 | V102: 0 | W102: 0 | X102: 0 | Y102: 0 | Z102: 0 | AA102: 0 | AB102: 0 | AC102: 0 | AD102: 0 | AE102: 0 | AF102: 0 | AG102: 0 | AH102: 0 | AI102: 0 | AJ102: 0 | AK102: 0 | AL102: 0 | AM102: 0 | AN102: 0 | AO102: 0 | AP102: 0 | AQ102: 0 | AR102: 0 | AS102: 0 | AT102: 0 | AU102: 0 | AV102: 0 | AW102: 0 | AX102: 0 | AY102: 0 | AZ102: 0 | BA102: 0 | BB102: 0 | BC102: 0 | BD102: 0 | BE102: 0 | BF102: 0 | BG102: 0 | BH102: 0 | BI102: 0 | BJ102: 0 | BK102: 0 | BL102: 0 | BM102: 0 | BN102: 0 | BO102: 0 | BP102: 0 | BQ102: 0 | BR102: 0 | BS102: 0 | BT102: 0 | BU102: 0 | BV102: 0 | BW102: 0 | BX102: 0 | BY102: 0 | BZ102: 0 | CA102: 0 | CB102: 0 | CC102: 0 | CD102: 0 | CE102: 0 | CF102: 0 | CG102: 0 | CH102: 0 | CI102: 0 | CJ102: 0 | CK102: 0 | CL102: 0 | CM102: 0 | CN102: 0 | CO102: 0 | CP102: 0 | CQ102: 0 | CR102: 0 | CS102: 0
A103: Rahnella | B103: 0 | C103: 0.00083714312 | D103: 0 | E103: 0 | F103: 0 | G103: 0.0015625822 | H103: 0 | I103: 0 | J103: 0 | K103: 3.7694118 | L103: 0 | M103: 0 | N103: 0.0010177337 | O103: 0.0017651851 | P103: 22.764075 | Q103: 53.831271 | R103: 0.00098265961 | S103: 10.737021 | T103: 5.1913998 | U103: 42.580525 | V103: 0.0011570943 | W103: 0.0016713759 | X103: 0.0025356641 | Y103: 52.491805 | Z103: 0.0032214747 | AA103: 0 | AB103: 0 | AC103: 0 | AD103: 0.0099118043 | AE103: 0 | AF103: 0 | AG103: 0 | AH103: 0.01722887 | AI103: 0 | AJ103: 0 | AK103: 0 | AL103: 0.0033888145 | AM103: 0.0015664376 | AN103: 0 | AO103: 0.0015938535 | AP103: 0.0015378105 | AQ103: 0.0016334652 | AR103: 0 | AS103: 0.0015793511 | AT103: 0.0016105763 | AU103: 0.0015597359 | AV103: 0 | AW103: 0.0011100428 | AX103: 0 | AY103: 0.0016540156 | AZ103: 0 | BA103: 0 | BB103: 0 | BC103: 2.7700951 | BD103: 0 | BE103: 0 | BF103: 0 | BG103: 2.551402 | BH103: 0 | BI103: 0 | BJ103: 0 | BK103: 0 | BL103: 0 | BM103: 22.64751 | BN103: 0 | BO103: 0 | BP103: 0 | BQ103: 0.0015316782 | BR103: 0 | BS103: 0 | BT103: 0 | BU103: 8.5141865 | BV103: 0.0017223259 | BW103: 13.636521 | BX103: 0 | BY103: 0 | BZ103: 0.0015780574 | CA103: 0.0044932984 | CB103: 0 | CC103: 0 | CD103: 0.0010399645 | CE103: 21.864444 | CF103: 0 | CG103: 0 | CH103: 0.0016111016 | CI103: 5.0063018 | CJ103: 0 | CK103: 0 | CL103: 0.001624113 | CM103: 0.0011108591 | CN103: 0 | CO103: 0 | CP103: 0.0015440394 | CQ103: 0.0016141937 | CR103: 62.035057 | CS103: 0
A104: Burkholderia | B104: 0 | C104: 55.319004 | D104: 34.667351 | E104: 0.00106421 | F104: 0 | G104: 71.999697 | H104: 26.326769 | I104: 0.0012202646 | J104: 0 | K104: 56.615965 | L104: 14.563352 | M104: 0.0017376119 | N104: 7.7568802 | O104: 6.6816404 | P104: 0.0018564054 | Q104: 0.001482567 | R104: 0.0016176171 | S104: 3.0077213 | T104: 36.370309 | U104: 0.7722876 | V104: 0.0024453557 | W104: 11.063351 | X104: 48.893998 | Y104: 0.00090503195 | Z104: 0.018421423 | AA104: 0.0030034621 | AB104: 0 | AC104: 0.001387723 | AD104: 0.0014866917 | AE104: 0.0016685864 | AF104: 0 | AG104: 2.5161811 | AH104: 0.0095229417 | AI104: 0.016378998 | AJ104: 0 | AK104: 0.0016128616 | AL104: 0.00171433 | AM104: 0.0049794562 | AN104: 0.0016262528 | AO104: 19.024998 | AP104: 2.9941149 | AQ104: 0.012336197 | AR104: 34.43668 | AS104: 14.001897 | AT104: 3.2776127 | AU104: 4.7569486 | AV104: 0.0011161016 | AW104: 10.394888 | AX104: 0 | AY104: 0.0057646028 | AZ104: 6.712754 | BA104: 3.460822 | BB104: 0 | BC104: 0.0016439602 | BD104: 0.0009770983 | BE104: 3.6151057 | BF104: 0 | BG104: 0.0015413647 | BH104: 4.4850111 | BI104: 0.0028429438 | BJ104: 0 | BK104: 12.141141 | BL104: 0 | BM104: 57.054301 | BN104: 0 | BO104: 0.0017272578 | BP104: 0 | BQ104: 54.324336 | BR104: 0 | BS104: 0.0016641844 | BT104: 0 | BU104: 52.785048 | BV104: 0.0017925017 | BW104: 0 | BX104: 56.416452 | BY104: 0 | BZ104: 0.011465051 | CA104: 0 | CB104: 14.737874 | CC104: 0 | CD104: 8.2972288 | CE104: 0 | CF104: 0.001357556 | CG104: 0 | CH104: 0 | CI104: 56.210722 | CJ104: 0.0016237454 | CK104: 0 | CL104: 0 | CM104: 40.803414 | CN104: 0.00064441939 | CO104: 0 | CP104: 0 | CQ104: 38.150716 | CR104: 9.2925006 | CS104: 0
A105: Tardiphaga | B105: 0 | C105: 0 | D105: 0 | E105: 0 | F105: 0 | G105: 0 | H105: 0 | I105: 0 | J105: 0 | K105: 0 | L105: 0 | M105: 0 | N105: 0 | O105: 0 | P105: 0 | Q105: 0 | R105: 8.7960578 | S105: 0 | T105: 0 | U105: 0 | V105: 0 | W105: 0 | X105: 0 | Y105: 0 | Z105: 0 | AA105: 0 | AB105: 0 | AC105: 0 | AD105: 0 | AE105: 0 | AF105: 0 | AG105: 0 | AH105: 0 | AI105: 0 | AJ105: 0 | AK105: 0 | AL105: 0 | AM105: 0 | AN105: 0 | AO105: 0 | AP105: 0 | AQ105: 0 | AR105: 0 | AS105: 0 | AT105: 0 | AU105: 0 | AV105: 0 | AW105: 0 | AX105: 0 | AY105: 0 | AZ105: 0 | BA105: 0 | BB105: 0 | BC105: 0 | BD105: 0 | BE105: 0 | BF105: 0 | BG105: 0 | BH105: 0 | BI105: 0 | BJ105: 0 | BK105: 0 | BL105: 0 | BM105: 0 | BN105: 0 | BO105: 0 | BP105: 0 | BQ105: 0 | BR105: 0 | BS105: 0 | BT105: 0 | BU105: 0 | BV105: 0 | BW105: 0 | BX105: 0 | BY105: 0 | BZ105: 0 | CA105: 0 | CB105: 0 | CC105: 0 | CD105: 0 | CE105: 0 | CF105: 0 | CG105: 0 | CH105: 0 | CI105: 0 | CJ105: 0 | CK105: 0 | CL105: 0 | CM105: 0 | CN105: 0 | CO105: 0 | CP105: 0 | CQ105: 0 | CR105: 0 | CS105: 0
A106: Cohnella | B106: 0 | C106: 0 | D106: 0 | E106: 0 | F106: 0 | G106: 0 | H106: 0 | I106: 0 | J106: 0 | K106: 0 | L106: 0 | M106: 0 | N106: 0 | O106: 0 | P106: 0 | Q106: 0 | R106: 0 | S106: 0 | T106: 0 | U106: 0 | V106: 0 | W106: 0 | X106: 0 | Y106: 0 | Z106: 0 | AA106: 0 | AB106: 0 | AC106: 0 | AD106: 0 | AE106: 0 | AF106: 0 | AG106: 0 | AH106: 0 | AI106: 0 | AJ106: 0 | AK106: 0 | AL106: 0 | AM106: 0 | AN106: 0 | AO106: 0 | AP106: 0 | AQ106: 0 | AR106: 0 | AS106: 0 | AT106: 0 | AU106: 0 | AV106: 0 | AW106: 0 | AX106: 0 | AY106: 0 | AZ106: 0 | BA106: 0 | BB106: 0 | BC106: 0 | BD106: 0 | BE106: 0 | BF106: 0 | BG106: 0 | BH106: 0 | BI106: 0 | BJ106: 0 | BK106: 0 | BL106: 0 | BM106: 0 | BN106: 0 | BO106: 0 | BP106: 0 | BQ106: 0 | BR106: 0 | BS106: 0 | BT106: 0 | BU106: 0 | BV106: 0 | BW106: 0 | BX106: 0 | BY106: 0 | BZ106: 0 | CA106: 0 | CB106: 0 | CC106: 0 | CD106: 0 | CE106: 0 | CF106: 0 | CG106: 0 | CH106: 0 | CI106: 0 | CJ106: 0 | CK106: 0 | CL106: 0 | CM106: 0 | CN106: 0 | CO106: 0 | CP106: 0 | CQ106: 0 | CR106: 0 | CS106: 0
A107: Devosia | B107: 0 | C107: 0 | D107: 0 | E107: 0 | F107: 0 | G107: 0 | H107: 0 | I107: 0 | J107: 0 | K107: 0 | L107: 0 | M107: 0 | N107: 0 | O107: 0 | P107: 0 | Q107: 0 | R107: 0 | S107: 0 | T107: 0 | U107: 0 | V107: 0 | W107: 0 | X107: 0 | Y107: 0 | Z107: 0 | AA107: 0 | AB107: 0 | AC107: 0 | AD107: 0 | AE107: 0 | AF107: 0 | AG107: 0 | AH107: 0 | AI107: 0 | AJ107: 0 | AK107: 0 | AL107: 0 | AM107: 0 | AN107: 0 | AO107: 0 | AP107: 0 | AQ107: 0 | AR107: 0 | AS107: 0 | AT107: 0 | AU107: 0 | AV107: 0 | AW107: 0 | AX107: 0 | AY107: 0 | AZ107: 0 | BA107: 0 | BB107: 0 | BC107: 0 | BD107: 0 | BE107: 0 | BF107: 0 | BG107: 0 | BH107: 0 | BI107: 0 | BJ107: 0 | BK107: 0 | BL107: 0 | BM107: 0 | BN107: 0 | BO107: 0 | BP107: 0 | BQ107: 0 | BR107: 0 | BS107: 0 | BT107: 0 | BU107: 0 | BV107: 0 | BW107: 0 | BX107: 0 | BY107: 0 | BZ107: 0 | CA107: 0 | CB107: 0 | CC107: 0 | CD107: 0 | CE107: 0 | CF107: 0 | CG107: 0 | CH107: 0 | CI107: 0 | CJ107: 0 | CK107: 0 | CL107: 0 | CM107: 0 | CN107: 0 | CO107: 0 | CP107: 0 | CQ107: 0 | CR107: 0 | CS107: 0
A108: Pseudomonas1 | B108: 0 | C108: 0 | D108: 1.992372 | E108: 7.416154 | F108: 0 | G108: 0 | H108: 16.066441 | I108: 0.0016432253 | J108: 0 | K108: 0 | L108: 0.0016736982 | M108: 9.3087663 | N108: 52.183358 | O108: 0.0018144262 | P108: 0.0015555985 | Q108: 0.066403888 | R108: 1.9198538 | S108: 0.0010558626 | T108: 2.1142401 | U108: 0.60742883 | V108: 2.4866907 | W108: 0.0015375497 | X108: 24.03966 | Y108: 1.1093852 | Z108: 0 | AA108: 0 | AB108: 0 | AC108: 0 | AD108: 0.0016719303 | AE108: 0 | AF108: 0 | AG108: 0 | AH108: 0.0016562214 | AI108: 0 | AJ108: 0 | AK108: 0 | AL108: 1.5071451 | AM108: 3.0175028 | AN108: 1.7453407 | AO108: 0 | AP108: 0.0016436751 | AQ108: 0.0014475868 | AR108: 2.9085164 | AS108: 0 | AT108: 0.0016621957 | AU108: 0.0013419735 | AV108: 2.1143003 | AW108: 0 | AX108: 0 | AY108: 0 | AZ108: 0.0017094233 | BA108: 0 | BB108: 0 | BC108: 0 | BD108: 0.0015944157 | BE108: 0 | BF108: 0 | BG108: 0 | BH108: 0.0016495828 | BI108: 0 | BJ108: 0 | BK108: 13.798813 | BL108: 0 | BM108: 0 | BN108: 0 | BO108: 0.00085472903 | BP108: 20.785243 | BQ108: 0 | BR108: 0 | BS108: 0.0016210803 | BT108: 0.0016073488 | BU108: 0 | BV108: 0 | BW108: 0 | BX108: 0 | BY108: 0 | BZ108: 0 | CA108: 0 | CB108: 0 | CC108: 0 | CD108: 0 | CE108: 0 | CF108: 0 | CG108: 0 | CH108: 0 | CI108: 0 | CJ108: 0.0017083661 | CK108: 0.0014707554 | CL108: 0 | CM108: 0.0018063411 | CN108: 0.0014153648 | CO108: 0.001483753 | CP108: 0 | CQ108: 2.8165481 | CR108: 0 | CS108: 27.701681
A109: Caulobacter | B109: 0 | C109: 0 | D109: 0 | E109: 0 | F109: 0 | G109: 0 | H109: 0 | I109: 0 | J109: 0 | K109: 0 | L109: 0 | M109: 0 | N109: 0 | O109: 0 | P109: 0 | Q109: 0 | R109: 0 | S109: 0 | T109: 0 | U109: 0 | V109: 0 | W109: 0 | X109: 0 | Y109: 0 | Z109: 0 | AA109: 0 | AB109: 0 | AC109: 0 | AD109: 0 | AE109: 0 | AF109: 0 | AG109: 0 | AH109: 0 | AI109: 0 | AJ109: 0 | AK109: 0 | AL109: 0 | AM109: 0 | AN109: 0 | AO109: 0 | AP109: 0 | AQ109: 0 | AR109: 0 | AS109: 0 | AT109: 0 | AU109: 0 | AV109: 0 | AW109: 0 | AX109: 0 | AY109: 0 | AZ109: 0 | BA109: 0 | BB109: 0 | BC109: 0 | BD109: 0 | BE109: 0 | BF109: 0 | BG109: 0 | BH109: 0 | BI109: 0 | BJ109: 0 | BK109: 0 | BL109: 0 | BM109: 0 | BN109: 0 | BO109: 0 | BP109: 0 | BQ109: 0 | BR109: 0 | BS109: 0 | BT109: 0 | BU109: 0 | BV109: 0 | BW109: 0 | BX109: 0 | BY109: 0 | BZ109: 0 | CA109: 0 | CB109: 0 | CC109: 0 | CD109: 0 | CE109: 0 | CF109: 0 | CG109: 0 | CH109: 0 | CI109: 0 | CJ109: 0 | CK109: 0 | CL109: 0 | CM109: 0 | CN109: 0 | CO109: 0 | CP109: 0 | CQ109: 0 | CR109: 0 | CS109: 0
A110: Pseudomonas2 | B110: 0 | C110: 0 | D110: 0.18512561 | E110: 2.6697505 | F110: 0 | G110: 0 | H110: 2.5764669 | I110: 0.0054791032 | J110: 0 | K110: 0 | L110: 7.8763852 | M110: 0.0041166726 | N110: 14.091921 | O110: 0.0099188845 | P110: 14.660937 | Q110: 0.0014281231 | R110: 0.0010831399 | S110: 0.0015978171 | T110: 43.064221 | U110: 0.0017288827 | V110: 0.0014018557 | W110: 4.1576504 | X110: 22.579973 | Y110: 3.6704599 | Z110: 14.624527 | AA110: 0.001648925 | AB110: 0 | AC110: 0 | AD110: 13.801157 | AE110: 0.0016463332 | AF110: 0 | AG110: 0 | AH110: 0.0017379778 | AI110: 0.0014206618 | AJ110: 0 | AK110: 0 | AL110: 0.0039686118 | AM110: 0.0015239731 | AN110: 0.0016904388 | AO110: 0.001533809 | AP110: 0.0039962216 | AQ110: 0.0017050425 | AR110: 0.0015372946 | AS110: 0.0015086466 | AT110: 0.00056854095 | AU110: 0.0010218564 | AV110: 0.10781927 | AW110: 0.20908246 | AX110: 0 | AY110: 0.0010614367 | AZ110: 0.00099687179 | BA110: 0 | BB110: 0 | BC110: 0.0008781031 | BD110: 0.011545082 | BE110: 0 | BF110: 0 | BG110: 0.001732255 | BH110: 0.0022711204 | BI110: 0 | BJ110: 0 | BK110: 0.0017334368 | BL110: 2.8717865 | BM110: 9.0840312 | BN110: 0 | BO110: 0.00097694506 | BP110: 0.0019096052 | BQ110: 0.0016901554 | BR110: 0 | BS110: 0.0007098014 | BT110: 0.0016146445 | BU110: 6.1070167 | BV110: 0 | BW110: 0 | BX110: 0 | BY110: 0 | BZ110: 0 | CA110: 0 | CB110: 0 | CC110: 0 | CD110: 0 | CE110: 0 | CF110: 0 | CG110: 0 | CH110: 0 | CI110: 0 | CJ110: 0 | CK110: 0.001283651 | CL110: 0 | CM110: 0 | CN110: 0 | CO110: 0.0015917184 | CP110: 0 | CQ110: 0 | CR110: 0 | CS110: 3.3152579
A111: Lysobacter | B111: 0 | C111: 0 | D111: 0 | E111: 0 | F111: 0 | G111: 0 | H111: 0 | I111: 0 | J111: 0 | K111: 0 | L111: 0 | M111: 0 | N111: 0 | O111: 0 | P111: 0 | Q111: 0 | R111: 0 | S111: 0 | T111: 0 | U111: 0 | V111: 0.0019684927 | W111: 0 | X111: 0 | Y111: 0 | Z111: 23.219102 | AA111: 0 | AB111: 0 | AC111: 0 | AD111: 15.962481 | AE111: 0 | AF111: 0 | AG111: 0 | AH111: 18.178137 | AI111: 0 | AJ111: 0 | AK111: 0 | AL111: 0.00083352787 | AM111: 0 | AN111: 0 | AO111: 0 | AP111: 0.13312558 | AQ111: 0 | AR111: 0 | AS111: 0 | AT111: 6.9702398 | AU111: 0 | AV111: 0 | AW111: 0 | AX111: 0 | AY111: 1.8867793 | AZ111: 0 | BA111: 1.6629372 | BB111: 0 | BC111: 12.435236 | BD111: 0 | BE111: 0 | BF111: 0 | BG111: 1.1280199 | BH111: 0 | BI111: 11.326112 | BJ111: 0 | BK111: 0 | BL111: 0 | BM111: 0 | BN111: 12.567256 | BO111: 0 | BP111: 0 | BQ111: 0 | BR111: 0 | BS111: 0 | BT111: 0 | BU111: 0 | BV111: 0 | BW111: 0 | BX111: 0 | BY111: 0 | BZ111: 0 | CA111: 0 | CB111: 0 | CC111: 0 | CD111: 0 | CE111: 0 | CF111: 0 | CG111: 0 | CH111: 0 | CI111: 0 | CJ111: 0 | CK111: 0 | CL111: 0 | CM111: 0 | CN111: 0 | CO111: 0 | CP111: 0 | CQ111: 0 | CR111: 0 | CS111: 0
A112: Mesorhizobium | B112: 0 | C112: 0 | D112: 0 | E112: 0 | F112: 0 | G112: 0 | H112: 0 | I112: 0 | J112: 0 | K112: 0 | L112: 0 | M112: 0 | N112: 34.954183 | O112: 0.001612961 | P112: 0 | Q112: 0 | R112: 7.4532429 | S112: 0.041073285 | T112: 0 | U112: 0 | V112: 0.0014016816 | W112: 13.481482 | X112: 0 | Y112: 0 | Z112: 52.02246 | AA112: 0 | AB112: 0 | AC112: 0 | AD112: 30.664386 | AE112: 0 | AF112: 0 | AG112: 0 | AH112: 7.070838 | AI112: 0 | AJ112: 0 | AK112: 0 | AL112: 0 | AM112: 4.7142796 | AN112: 0 | AO112: 0 | AP112: 0 | AQ112: 0.010102628 | AR112: 0 | AS112: 0 | AT112: 0 | AU112: 35.474075 | AV112: 0 | AW112: 0 | AX112: 0 | AY112: 23.340787 | AZ112: 0 | BA112: 0 | BB112: 0 | BC112: 9.5970558 | BD112: 0 | BE112: 0 | BF112: 0 | BG112: 38.08263 | BH112: 0 | BI112: 0 | BJ112: 0 | BK112: 0 | BL112: 0 | BM112: 6.6311735 | BN112: 0 | BO112: 0 | BP112: 0 | BQ112: 0.039469135 | BR112: 0 | BS112: 0 | BT112: 0 | BU112: 0 | BV112: 38.553076 | BW112: 0 | BX112: 0 | BY112: 0 | BZ112: 12.972943 | CA112: 0 | CB112: 0 | CC112: 0 | CD112: 0.0034823385 | CE112: 0 | CF112: 0 | CG112: 0 | CH112: 56.747124 | CI112: 0 | CJ112: 0 | CK112: 0 | CL112: 38.105748 | CM112: 0 | CN112: 0 | CO112: 0 | CP112: 54.996659 | CQ112: 0 | CR112: 0 | CS112: 0
A113: Phenylobacterium | B113: 0 | C113: 0 | D113: 0 | E113: 0 | F113: 0 | G113: 0 | H113: 0 | I113: 0 | J113: 0 | K113: 0 | L113: 0 | M113: 0 | N113: 0 | O113: 0 | P113: 0 | Q113: 0 | R113: 0 | S113: 0 | T113: 0 | U113: 0 | V113: 0 | W113: 0 | X113: 0 | Y113: 0 | Z113: 25.900108 | AA113: 0 | AB113: 0 | AC113: 0 | AD113: 13.146367 | AE113: 0 | AF113: 0 | AG113: 0 | AH113: 13.887263 | AI113: 0 | AJ113: 0 | AK113: 0 | AL113: 0 | AM113: 0 | AN113: 0 | AO113: 0 | AP113: 0 | AQ113: 0 | AR113: 0 | AS113: 0 | AT113: 0 | AU113: 0 | AV113: 0 | AW113: 0 | AX113: 0 | AY113: 0 | AZ113: 0 | BA113: 0 | BB113: 0 | BC113: 0 | BD113: 0 | BE113: 0 | BF113: 0 | BG113: 0 | BH113: 0 | BI113: 0 | BJ113: 0 | BK113: 0 | BL113: 0 | BM113: 0 | BN113: 0 | BO113: 0 | BP113: 0 | BQ113: 0 | BR113: 0 | BS113: 0 | BT113: 0 | BU113: 0 | BV113: 0 | BW113: 0 | BX113: 0 | BY113: 0 | BZ113: 0 | CA113: 0 | CB113: 0 | CC113: 0 | CD113: 0 | CE113: 0 | CF113: 0 | CG113: 0 | CH113: 0 | CI113: 0 | CJ113: 0 | CK113: 0 | CL113: 0 | CM113: 0 | CN113: 0 | CO113: 0 | CP113: 0 | CQ113: 0 | CR113: 0 | CS113: 0
... A122: Variovorax | B122: 0 | C122: 0 | D122: 0.0016789156 | E122: 0 | F122: 0 | G122: 0 | H122: 0.001650486 | I122: 0 | J122: 0 | K122: 0 | L122: 7.7151687 | M122: 0 | N122: 15.525054 | O122: 0 | P122: 0 | Q122: 0.0017056257 | R122: 0.002783122 | S122: 0 | T122: 0 | U122: 0.0017141664 | V122: 0.00089594934 | W122: 44.180709 | X122: 0 | Y122: 0.0015672983 | Z122: 16.362016 | AA122: 0 | AB122: 0 | AC122: 0.0016179312 | AD122: 0.0016363004 | AE122: 0 | AF122: 0 | AG122: 0.00097127869 | AH122: 0.0014386174 | AI122: 0 | AJ122: 0 | AK122: 0.0015167822 | AL122: 0.0017632745 | AM122: 0.0017572267 | AN122: 0.0072248573 | AO122: 0 | AP122: 0 | AQ122: 0.001673721 | AR122: 0.0014656042 | AS122: 0 | AT122: 0.5707204 | AU122: 0.0012785834 | AV122: 0.0012528526 | AW122: 0 | AX122: 0 | AY122: 4.4400527 | AZ122: 0.00089978307 | BA122: 56.519127 | BB122: 0 | BC122: 0.00095590341 | BD122: 6.0399376 | BE122: 46.9556 | BF122: 0 | BG122: 0.0016702355 | BH122: 0.0021010165 | BI122: 52.674182 | BJ122: 0 | BK122: 0 | BL122: 57.096566 | BM122: 0 | BN122: 0 | BO122: 0 | BP122: 40.134655 | BQ122: 0.0011278477 | BR122: 0 | BS122: 0 | BT122: 37.305932 | BU122: 18.66854 | BV122: 0 | BW122: 0 | BX122: 10.051128 | BY122: 0 | BZ122: 0 | CA122: 0 | CB122: 0.00063906348 | CC122: 0 | CD122: 0 | CE122: 0 | CF122: 20.87784 | CG122: 0 | CH122: 62.953747 | CI122: 0 | CJ122: 0.0011385358 | CK122: 0 | CL122: 63.386767 | CM122: 0 | CN122: 0.0008946549 | CO122: 0 | CP122: 64.638532 | CQ122: 0 | CR122: 5.2516099 | CS122: 0

Sheet Parameters estimation
A1: Resources/Species | B1: water_1 | C1: Beta-Methyl-D-Glucoside_1 | D1: D-Galactonic-Acid-Gamma-Lactone_1 | E1: L-Arginine_1 | F1: water_2 | G1: Beta-Methyl-D-Glucoside_2 | H1: D-Galactonic-Acid-Gamma-Lactone_2 | I1: L-Arginine_2 | J1: water_3 | K1: Beta-Methyl-D-Glucoside_3 | L1: D-Galactonic-Acid-Gamma-Lactone_3 | M1: L-Arginine_3 | N1: Pyruvic-Acid-Methyl-Ester_1 | O1: D-Xylose_1 | P1: D-Galacturonic-Acid_1 | Q1: L-Asparagine_1 | R1: Pyruvic-Acid-Methyl-Ester_2 | S1: D-Xylose_2 | T1: D-Galacturonic-Acid_2 | U1: L-Asparagine_2 | V1: Pyruvic-Acid-Methyl-Ester_3 | W1: D-Xylose_3 | X1: D-Galacturonic-Acid_3 | Y1: L-Asparagine_3 | Z1: Tween-40_1 | AA1: I-Erythriol_1 | AB1: 2-Hydroxy-Benzoic-Acid_1 | AC1: Phenylalanine_1 | AD1: Tween-40_2 | AE1: I-Erythriol_2 | AF1: 2-Hydroxy-Benzoic-Acid_2 | AG1: Phenylalanine_2 | AH1: Tween-40_3 | AI1: I-Erythriol_3 | AJ1: 2-Hydroxy-Benzoic-Acid_3 | AK1: Phenylalanine_3 | AL1: Tween-80_1 | AM1: D-Mannitol_1 | AN1: 4-Hydroxy-Benzoic-Acid_1 | AO1: L-Serine_1 | AP1: Tween-80_2 | AQ1: D-Mannitol_2 | AR1: 4-Hydroxy-Benzoic-Acid_2 | AS1: L-Serine_2 | AT1: Tween-80_3 | AU1: D-Mannitol_3 | AV1: 4-Hydroxy-Benzoic-Acid_3 | AW1: L-Serine_3 | AX1: Cyclodextrin_1 | AY1: N-Acetyl-D-Glucosamine_1 | AZ1: Gamma-Amino-Butyric-Acid_1 | BA1: L-Threonine_1 | BB1: Cyclodextrin_2 | BC1: N-Acetyl-D-Glucosamine_2 | BD1: Gamma-Hydroxybutyric-Acid_2 | BE1: L-Threonine_2 | BF1: Cyclodextrin_3 | BG1: N-Acetyl-D-Glucosamine_3 | BH1: Gamma-Hydroxybutyric-Acid_3 | BI1: L-Threonine_3 | BJ1: Glycogen_1 | BK1: D-Glucosaminic-Acid_1 | BL1: Itaconic-Acid_1 | BM1: Glycyl-L-Glutamic-Acid_1 | BN1: Glycogen_2 | BO1: D-Glucosaminic-Acid_2 | BP1: Itaconic-Acid_2 | BQ1: Glycyl-L-Glutamic-Acid_2 | BR1: Glycogen_3 | BS1: D-Glucosaminic-Acid_3 | BT1: Itaconic-Acid_3 | BU1: Glycyl-L-Glutamic-Acid_3 | BV1: D-Cellobiose_1 | BW1: Glucose-1-Phosphate_1 | BX1: Alpha-Ketobutyric-Acid_1 | BY1: Phenylethyl-amine_1 | BZ1: D-Cellobiose_2 | CA1: Glucose-1-Phosphate_2 | CB1: Alpha-Ketobutyric-Acid_2 | CC1: Phenylethyl-amine_2 | CD1: D-Cellobiose_3 | CE1: Glucose-1-Phosphate_3 | CF1: Alpha-Ketobutyric-Acid_3 | CG1: Phenylethyl-amine_3 | CH1: Alpha-D-Lactose_1 | CI1: D,L-Alpha-Glycerol-Phosphate_1 | CJ1: D-Malic-Acid_1 | CK1: Putrescine_1 | CL1: Alpha-D-Lactose_2 | CM1: D,L-Alpha-Glycerol-Phosphate_2 | CN1: D-Malic-Acid_2 | CO1: Putrescine_2 | CP1: Alpha-D-Lactose_3 | CQ1: D,L-Alpha-Glycerol-Phosphate_3 | CR1: D-Malic-Acid_3 | CS1: Putrescine_3
A2: Chitinophaga | B2: =IF('Parameters from R'!B2<=2.5,'Parameters from R'!B2,NA()) -> 0.072878139 | C2: =IF('Parameters from R'!C2<=2.5,'Parameters from R'!C2,NA()) -> 2.4878832 | D2: =IF('Parameters from R'!D2<=2.5,'Parameters from R'!D2,NA()) -> 1.5972903 | E2: =IF('Parameters from R'!E2<=2.5,'Parameters from R'!E2,NA()) -> 0.048003763 | F2: =IF('Parameters from R'!F2<=2.5,'Parameters from R'!F2,NA()) -> 0.093083737 | G2: =IF('Parameters from R'!G2<=2.5,'Parameters from R'!G2,NA()) -> 0.11662153 | H2: =IF('Parameters from R'!H2<=2.5,'Parameters from R'!H2,NA()) -> 2.4956328 | I2: =IF('Parameters from R'!I2<=2.5,'Parameters from R'!I2,NA()) -> 1.014409 | ... CS2: =IF('Parameters from R'!CS2<=2.5,'Parameters from R'!CS2,NA()) -> 2.4928368
A3: Rahnella | B3: =IF('Parameters from R'!B3<=2.5,'Parameters from R'!B3,NA()) -> 0.018222558 | C3: =IF('Parameters from R'!C3<=2.5,'Parameters from R'!C3,NA()) -> 0.21859147 | D3: =IF('Parameters from R'!D3<=2.5,'Parameters from R'!D3,NA()) -> 0.051038576 | E3: =IF('Parameters from R'!E3<=2.5,'Parameters from R'!E3,NA()) -> 0.016843715 | F3: =IF('Parameters from R'!F3<=2.5,'Parameters from R'!F3,NA()) -> 0.054420003 | G3: =IF('Parameters from R'!G3<=2.5,'Parameters from R'!G3,NA()) -> 2.4915977 | H3: =IF('Parameters from R'!H3<=2.5,'Parameters from R'!H3,NA()) -> 0.053012783 | I3: =IF('Parameters from R'!I3<=2.5,'Parameters from R'!I3,NA()) -> 0.040922385 | ... CS3: =IF('Parameters from R'!CS3<=2.5,'Parameters from R'!CS3,NA()) -> 0.033086636
A4: Burkholderia | B4: =IF('Parameters from R'!B4<=2.5,'Parameters from R'!B4,NA()) -> 0.060061752 | C4: =IF('Parameters from R'!C4<=2.5,'Parameters from R'!C4,NA()) -> 0.032366839 | D4: =IF('Parameters from R'!D4<=2.5,'Parameters from R'!D4,NA()) -> 0.028587918 | E4: =IF('Parameters from R'!E4<=2.5,'Parameters from R'!E4,NA()) -> 0.067233944 | F4: =IF('Parameters from R'!F4<=2.5,'Parameters from R'!F4,NA()) -> 0.043524741 | G4: =IF('Parameters from R'!G4<=2.5,'Parameters from R'!G4,NA()) -> 0.025725649 | H4: =IF('Parameters from R'!H4<=2.5,'Parameters from R'!H4,NA()) -> 0.044126184 | I4: =IF('Parameters from R'!I4<=2.5,'Parameters from R'!I4,NA()) -> 0.09746585 | ... CS4: =IF('Parameters from R'!CS4<=2.5,'Parameters from R'!CS4,NA()) -> 0.049524304
A5: Tardiphaga | B5: =IF('Parameters from R'!B5<=2.5,'Parameters from R'!B5,NA()) -> 0.025810303 | C5: =IF('Parameters from R'!C5<=2.5,'Parameters from R'!C5,NA()) -> 0.029003494 | D5: =IF('Parameters from R'!D5<=2.5,'Parameters from R'!D5,NA()) -> 0.015842552 | E5: =IF('Parameters from R'!E5<=2.5,'Parameters from R'!E5,NA()) -> 0.0073730121 | F5: =IF('Parameters from R'!F5<=2.5,'Parameters from R'!F5,NA()) -> 0.0082243965 | G5: =IF('Parameters from R'!G5<=2.5,'Parameters from R'!G5,NA()) -> 0.0052597703 | H5: =IF('Parameters from R'!H5<=2.5,'Parameters from R'!H5,NA()) -> 0.089640323 | I5: =IF('Parameters from R'!I5<=2.5,'Parameters from R'!I5,NA()) -> 0.016979222 | ... CS5: =IF('Parameters from R'!CS5<=2.5,'Parameters from R'!CS5,NA()) -> 2.4427386
A6: Cohnella | B6: =IF('Parameters from R'!B6<=2.5,'Parameters from R'!B6,NA()) -> 0.052181979 | C6: =IF('Parameters from R'!C6<=2.5,'Parameters from R'!C6,NA()) -> 0.041835337 | D6: =IF('Parameters from R'!D6<=2.5,'Parameters from R'!D6,NA()) -> 0.034582917 | E6: =IF('Parameters from R'!E6<=2.5,'Parameters from R'!E6,NA()) -> 0.030944208 | F6: =IF('Parameters from R'!F6<=2.5,'Parameters from R'!F6,NA()) -> 0.023014281 | G6: =IF('Parameters from R'!G6<=2.5,'Parameters from R'!G6,NA()) -> 0.019015617 | H6: =IF('Parameters from R'!H6<=2.5,'Parameters from R'!H6,NA()) -> 0.027614979 | I6: =IF('Parameters from R'!I6<=2.5,'Parameters from R'!I6,NA()) -> 0.027399265 | ... CS6: =IF('Parameters from R'!CS6<=2.5,'Parameters from R'!CS6,NA()) -> 2.499315
A7: Devosia | B7: =IF('Parameters from R'!B7<=2.5,'Parameters from R'!B7,NA()) -> 0.068020118 | C7: =IF('Parameters from R'!C7<=2.5,'Parameters from R'!C7,NA()) -> 0.056902867 | D7: =IF('Parameters from R'!D7<=2.5,'Parameters from R'!D7,NA()) -> 0.084112097 | E7: =IF('Parameters from R'!E7<=2.5,'Parameters from R'!E7,NA()) -> 2.4761976 | F7: =IF('Parameters from R'!F7<=2.5,'Parameters from R'!F7,NA()) -> 0.08686168 | G7: =IF('Parameters from R'!G7<=2.5,'Parameters from R'!G7,NA()) -> 0.079208407 | H7: =IF('Parameters from R'!H7<=2.5,'Parameters from R'!H7,NA()) -> 2.4990023 | I7: =IF('Parameters from R'!I7<=2.5,'Parameters from R'!I7,NA()) -> 0.10172028 | ... CS7: =IF('Parameters from R'!CS7<=2.5,'Parameters from R'!CS7,NA()) -> 0.0822531
A8: Pseudomonas1 | B8: =IF('Parameters from R'!B8<=2.5,'Parameters from R'!B8,NA()) -> 0.014794927 | C8: =IF('Parameters from R'!C8<=2.5,'Parameters from R'!C8,NA()) -> 0.025030977 | D8: =IF('Parameters from R'!D8<=2.5,'Parameters from R'!D8,NA()) -> 2.4594829 | E8: =IF('Parameters from R'!E8<=2.5,'Parameters from R'!E8,NA()) -> 0.040090325 | F8: =IF('Parameters from R'!F8<=2.5,'Parameters from R'!F8,NA()) -> 0.014489638 | G8: =IF('Parameters from R'!G8<=2.5,'Parameters from R'!G8,NA()) -> 0.0067093798 | H8: =IF('Parameters from R'!H8<=2.5,'Parameters from R'!H8,NA()) -> 0.32569873 | I8: =IF('Parameters from R'!I8<=2.5,'Parameters from R'!I8,NA()) -> 0.069243035 | ... CS8: =IF('Parameters from R'!CS8<=2.5,'Parameters from R'!CS8,NA()) -> 0.068050274
A9: Caulobacter | B9: =IF('Parameters from R'!B9<=2.5,'Parameters from R'!B9,NA()) -> 0.034814425 | C9: =IF('Parameters from R'!C9<=2.5,'Parameters from R'!C9,NA()) -> 0.027146461 | D9: =IF('Parameters from R'!D9<=2.5,'Parameters from R'!D9,NA()) -> 0.043795452 | E9: =IF('Parameters from R'!E9<=2.5,'Parameters from R'!E9,NA()) -> 0.010009101 | F9: =IF('Parameters from R'!F9<=2.5,'Parameters from R'!F9,NA()) -> 0.009003026 | G9: =IF('Parameters from R'!G9<=2.5,'Parameters from R'!G9,NA()) -> 0.038150059 | H9: =IF('Parameters from R'!H9<=2.5,'Parameters from R'!H9,NA()) -> 1.7421215 | I9: =IF('Parameters from R'!I9<=2.5,'Parameters from R'!I9,NA()) -> 0.012866579 | ... CS9: =IF('Parameters from R'!CS9<=2.5,'Parameters from R'!CS9,NA()) -> 0.032483953
A10: Pseudomonas2 | B10: =IF('Parameters from R'!B10<=2.5,'Parameters from R'!B10,NA()) -> 0.015795385 | C10: =IF('Parameters from R'!C10<=2.5,'Parameters from R'!C10,NA()) -> 0.041164135 | D10: =IF('Parameters from R'!D10<=2.5,'Parameters from R'!D10,NA()) -> 0.17184863 | E10: =IF('Parameters from R'!E10<=2.5,'Parameters from R'!E10,NA()) -> 2.481999 | F10: =IF('Parameters from R'!F10<=2.5,'Parameters from R'!F10,NA()) -> 2.4999306 | G10: =IF('Parameters from R'!G10<=2.5,'Parameters from R'!G10,NA()) -> 2.4350809 | H10: =IF('Parameters from R'!H10<=2.5,'Parameters from R'!H10,NA()) -> 0.178648 | I10: =IF('Parameters from R'!I10<=2.5,'Parameters from R'!I10,NA()) -> 2.4426123 | ... CS10: =IF('Parameters from R'!CS10<=2.5,'Parameters from R'!CS10,NA()) -> 0.072696638
A11: Lysobacter | B11: =IF('Parameters from R'!B11<=2.5,'Parameters from R'!B11,NA()) -> 0.088622997 | C11: =IF('Parameters from R'!C11<=2.5,'Parameters from R'!C11,NA()) -> 0.034517601 | D11: =IF('Parameters from R'!D11<=2.5,'Parameters from R'!D11,NA()) -> 0.14016836 | E11: =IF('Parameters from R'!E11<=2.5,'Parameters from R'!E11,NA()) -> 0.048404549 | F11: =IF('Parameters from R'!F11<=2.5,'Parameters from R'!F11,NA()) -> 0.14019884 | G11: =IF('Parameters from R'!G11<=2.5,'Parameters from R'!G11,NA()) -> 0.2099349 | H11: =IF('Parameters from R'!H11<=2.5,'Parameters from R'!H11,NA()) -> 0.016230787 | I11: =IF('Parameters from R'!I11<=2.5,'Parameters from R'!I11,NA()) -> 0.044964606 | ... CS11: =IF('Parameters from R'!CS11<=2.5,'Parameters from R'!CS11,NA()) -> 0.050348565
A12: Mesorhizobium | B12: =IF('Parameters from R'!B12<=2.5,'Parameters from R'!B12,NA()) -> 0.14002947 | C12: =IF('Parameters from R'!C12<=2.5,'Parameters from R'!C12,NA()) -> 0.067273764 | D12: =IF('Parameters from R'!D12<=2.5,'Parameters from R'!D12,NA()) -> 0.067902213 | E12: =IF('Parameters from R'!E12<=2.5,'Parameters from R'!E12,NA()) -> 0.1061501 | F12: =IF('Parameters from R'!F12<=2.5,'Parameters from R'!F12,NA()) -> 0.046585492 | G12: =IF('Parameters from R'!G12<=2.5,'Parameters from R'!G12,NA()) -> 0.020922452 | H12: =IF('Parameters from R'!H12<=2.5,'Parameters from R'!H12,NA()) -> 0.023587987 | I12: =IF('Parameters from R'!I12<=2.5,'Parameters from R'!I12,NA()) -> 0.090634542 | ... CS12: =IF('Parameters from R'!CS12<=2.5,'Parameters from R'!CS12,NA()) -> 0.19855598
A13: Phenylobacterium | B13: =IF('Parameters from R'!B13<=2.5,'Parameters from R'!B13,NA()) -> 0.0075084586 | C13: =IF('Parameters from R'!C13<=2.5,'Parameters from R'!C13,NA()) -> 0.019689821 | D13: =IF('Parameters from R'!D13<=2.5,'Parameters from R'!D13,NA()) -> 0.014824364 | E13: =IF('Parameters from R'!E13<=2.5,'Parameters from R'!E13,NA()) -> 0.0072767763 | F13: =IF('Parameters from R'!F13<=2.5,'Parameters from R'!F13,NA()) -> 0.031391065 | G13: =IF('Parameters from R'!G13<=2.5,'Parameters from R'!G13,NA()) -> 0.054361902 | H13: =IF('Parameters from R'!H13<=2.5,'Parameters from R'!H13,NA()) -> 0.070893231 | I13: =IF('Parameters from R'!I13<=2.5,'Parameters from R'!I13,NA()) -> 0.0098547153 | ... CS13: =IF('Parameters from R'!CS13<=2.5,'Parameters from R'!CS13,NA()) -> 0.046205676
... A22: Variovorax | B22: =IF('Parameters from R'!B22<=2.5,'Parameters from R'!B22,NA()) -> 0.041569582 | C22: =IF('Parameters from R'!C22<=2.5,'Parameters from R'!C22,NA()) -> 0.014249982 | D22: =IF('Parameters from R'!D22<=2.5,'Parameters from R'!D22,NA()) -> 0.046849061 | E22: =IF('Parameters from R'!E22<=2.5,'Parameters from R'!E22,NA()) -> 0.12304303 | F22: =IF('Parameters from R'!F22<=2.5,'Parameters from R'!F22,NA()) -> 0.023103462 | G22: =IF('Parameters from R'!G22<=2.5,'Parameters from R'!G22,NA()) -> 0.011583128 | H22: =IF('Parameters from R'!H22<=2.5,'Parameters from R'!H22,NA()) -> 0.050561436 | I22: =IF('Parameters from R'!I22<=2.5,'Parameters from R'!I22,NA()) -> 0.033195254 | ... CS22: =IF('Parameters from R'!CS22<=2.5,'Parameters from R'!CS22,NA()) -> 0.027747281
A25: Sorted | B25: water_1 | C25: Beta-Methyl-D-Glucoside_1 | D25: D-Galactonic-Acid-Gamma-Lactone_1 | E25: L-Arginine_1 | F25: water_2 | G25: Beta-Methyl-D-Glucoside_2 | H25: D-Galactonic-Acid-Gamma-Lactone_2 | I25: L-Arginine_2 | J25: water_3 | K25: Beta-Methyl-D-Glucoside_3 | L25: D-Galactonic-Acid-Gamma-Lactone_3 | M25: L-Arginine_3 | N25: Pyruvic-Acid-Methyl-Ester_1 | O25: D-Xylose_1 | P25: D-Galacturonic-Acid_1 | Q25: L-Asparagine_1 | R25: Pyruvic-Acid-Methyl-Ester_2 | S25: D-Xylose_2 | T25: D-Galacturonic-Acid_2 | U25: L-Asparagine_2 | V25: Pyruvic-Acid-Methyl-Ester_3 | W25: D-Xylose_3 | X25: D-Galacturonic-Acid_3 | Y25: L-Asparagine_3 | Z25: Tween-40_1 | AA25: I-Erythriol_1 | AB25: 2-Hydroxy-Benzoic-Acid_1 | AC25: Phenylalanine_1 | AD25: Tween-40_2 | AE25: I-Erythriol_2 | AF25: 2-Hydroxy-Benzoic-Acid_2 | AG25: Phenylalanine_2 | AH25: Tween-40_3 | AI25: I-Erythriol_3 | AJ25: 2-Hydroxy-Benzoic-Acid_3 | AK25: Phenylalanine_3 | AL25: Tween-80_1 | AM25: D-Mannitol_1 | AN25: 4-Hydroxy-Benzoic-Acid_1 | AO25: L-Serine_1 | AP25: Tween-80_2 | AQ25: D-Mannitol_2 | AR25: 4-Hydroxy-Benzoic-Acid_2 | AS25: L-Serine_2 | AT25: Tween-80_3 | AU25: D-Mannitol_3 | AV25: 4-Hydroxy-Benzoic-Acid_3 | AW25: L-Serine_3 | AX25: Cyclodextrin_1 | AY25: N-Acetyl-D-Glucosamine_1 | AZ25: Gamma-Amino-Butyric-Acid_1 | BA25: L-Threonine_1 | BB25: Cyclodextrin_2 | BC25: N-Acetyl-D-Glucosamine_2 | BD25: Gamma-Hydroxybutyric-Acid_2 | BE25: L-Threonine_2 | BF25: Cyclodextrin_3 | BG25: N-Acetyl-D-Glucosamine_3 | BH25: Gamma-Hydroxybutyric-Acid_3 | BI25: L-Threonine_3 | BJ25: Glycogen_1 | BK25: D-Glucosaminic-Acid_1 | BL25: Itaconic-Acid_1 | BM25: Glycyl-L-Glutamic-Acid_1 | BN25: Glycogen_2 | BO25: D-Glucosaminic-Acid_2 | BP25: Itaconic-Acid_2 | BQ25: Glycyl-L-Glutamic-Acid_2 | BR25: Glycogen_3 | BS25: D-Glucosaminic-Acid_3 | BT25: Itaconic-Acid_3 | BU25: Glycyl-L-Glutamic-Acid_3 | BV25: D-Cellobiose_1 | BW25: Glucose-1-Phosphate_1 | BX25: Alpha-Ketobutyric-Acid_1 | BY25: Phenylethyl-amine_1 | BZ25: D-Cellobiose_2 | CA25: Glucose-1-Phosphate_2 | CB25: Alpha-Ketobutyric-Acid_2 | CC25: Phenylethyl-amine_2 | CD25: D-Cellobiose_3 | CE25: Glucose-1-Phosphate_3 | CF25: Alpha-Ketobutyric-Acid_3 | CG25: Phenylethyl-amine_3 | CH25: Alpha-D-Lactose_1 | CI25: D,L-Alpha-Glycerol-Phosphate_1 | CJ25: D-Malic-Acid_1 | CK25: Putrescine_1 | CL25: Alpha-D-Lactose_2 | CM25: D,L-Alpha-Glycerol-Phosphate_2 | CN25: D-Malic-Acid_2 | CO25: Putrescine_2 | CP25: Alpha-D-Lactose_3 | CQ25: D,L-Alpha-Glycerol-Phosphate_3 | CR25: D-Malic-Acid_3 | CS25: Putrescine_3
A26: Cellulomonas | B26: =INDEX(B$1:B$22,$D47,1) -> 0.0952374 | C26: =INDEX(C$1:C$22,$D47,1) -> 0.032441033 | D26: =INDEX(D$1:D$22,$D47,1) -> 2.494271 | E26: =INDEX(E$1:E$22,$D47,1) -> 0.14769859 | F26: =INDEX(F$1:F$22,$D47,1) -> 2.180946 | G26: =INDEX(G$1:G$22,$D47,1) -> 2.4821612 | H26: =INDEX(H$1:H$22,$D47,1) -> 2.4961768 | I26: =INDEX(I$1:I$22,$D47,1) -> 0.029797926 | ... CS26: =INDEX(CS$1:CS$22,$D47,1) -> 0.093927735
A27: Bradyrhizobium | B27: =INDEX(B$1:B$22,$D48,1) -> 0.011150162 | C27: =INDEX(C$1:C$22,$D48,1) -> 0.018460858 | D27: =INDEX(D$1:D$22,$D48,1) -> 0.02462024 | E27: =INDEX(E$1:E$22,$D48,1) -> 0.018298504 | F27: =INDEX(F$1:F$22,$D48,1) -> 0.014406772 | G27: =INDEX(G$1:G$22,$D48,1) -> 0.029181536 | H27: =INDEX(H$1:H$22,$D48,1) -> 0.026732412 | I27: =INDEX(I$1:I$22,$D48,1) -> 0.011389901 | ... CS27: =INDEX(CS$1:CS$22,$D48,1) -> 0.10409291
A28: Luteibacter | B28: =INDEX(B$1:B$22,$D49,1) -> 0.022087272 | C28: =INDEX(C$1:C$22,$D49,1) -> 0.038194809 | D28: =INDEX(D$1:D$22,$D49,1) -> 0.011633117 | E28: =INDEX(E$1:E$22,$D49,1) -> 0.0040332884 | F28: =INDEX(F$1:F$22,$D49,1) -> 0.024581647 | G28: =INDEX(G$1:G$22,$D49,1) -> 0.044470072 | H28: =INDEX(H$1:H$22,$D49,1) -> 2.4994444 | I28: =INDEX(I$1:I$22,$D49,1) -> 2.4998268 | ... CS28: =INDEX(CS$1:CS$22,$D49,1) -> 2.32024
A29: Phenylobacterium | B29: =INDEX(B$1:B$22,$D50,1) -> 0.0075084586 | C29: =INDEX(C$1:C$22,$D50,1) -> 0.019689821 | D29: =INDEX(D$1:D$22,$D50,1) -> 0.014824364 | E29: =INDEX(E$1:E$22,$D50,1) -> 0.0072767763 | F29: =INDEX(F$1:F$22,$D50,1) -> 0.031391065 | G29: =INDEX(G$1:G$22,$D50,1) -> 0.054361902 | H29: =INDEX(H$1:H$22,$D50,1) -> 0.070893231 | I29: =INDEX(I$1:I$22,$D50,1) -> 0.0098547153 | ... CS29: =INDEX(CS$1:CS$22,$D50,1) -> 0.046205676
A30: Mesorhizobium | B30: =INDEX(B$1:B$22,$D51,1) -> 0.14002947 | C30: =INDEX(C$1:C$22,$D51,1) -> 0.067273764 | D30: =INDEX(D$1:D$22,$D51,1) -> 0.067902213 | E30: =INDEX(E$1:E$22,$D51,1) -> 0.1061501 | F30: =INDEX(F$1:F$22,$D51,1) -> 0.046585492 | G30: =INDEX(G$1:G$22,$D51,1) -> 0.020922452 | H30: =INDEX(H$1:H$22,$D51,1) -> 0.023587987 | I30: =INDEX(I$1:I$22,$D51,1) -> 0.090634542 | ... CS30: =INDEX(CS$1:CS$22,$D51,1) -> 0.19855598
A31: Caulobacter | B31: =INDEX(B$1:B$22,$D52,1) -> 0.034814425 | C31: =INDEX(C$1:C$22,$D52,1) -> 0.027146461 | D31: =INDEX(D$1:D$22,$D52,1) -> 0.043795452 | E31: =INDEX(E$1:E$22,$D52,1) -> 0.010009101 | F31: =INDEX(F$1:F$22,$D52,1) -> 0.009003026 | G31: =INDEX(G$1:G$22,$D52,1) -> 0.038150059 | H31: =INDEX(H$1:H$22,$D52,1) -> 1.7421215 | I31: =INDEX(I$1:I$22,$D52,1) -> 0.012866579 | ... CS31: =INDEX(CS$1:CS$22,$D52,1) -> 0.032483953
A32: Devosia | B32: =INDEX(B$1:B$22,$D53,1) -> 0.068020118 | C32: =INDEX(C$1:C$22,$D53,1) -> 0.056902867 | D32: =INDEX(D$1:D$22,$D53,1) -> 0.084112097 | E32: =INDEX(E$1:E$22,$D53,1) -> 2.4761976 | F32: =INDEX(F$1:F$22,$D53,1) -> 0.08686168 | G32: =INDEX(G$1:G$22,$D53,1) -> 0.079208407 | H32: =INDEX(H$1:H$22,$D53,1) -> 2.4990023 | I32: =INDEX(I$1:I$22,$D53,1) -> 0.10172028 | ... CS32: =INDEX(CS$1:CS$22,$D53,1) -> 0.0822531
A33: Cohnella | B33: =INDEX(B$1:B$22,$D54,1) -> 0.052181979 | C33: =INDEX(C$1:C$22,$D54,1) -> 0.041835337 | D33: =INDEX(D$1:D$22,$D54,1) -> 0.034582917 | E33: =INDEX(E$1:E$22,$D54,1) -> 0.030944208 | F33: =INDEX(F$1:F$22,$D54,1) -> 0.023014281 | G33: =INDEX(G$1:G$22,$D54,1) -> 0.019015617 | H33: =INDEX(H$1:H$22,$D54,1) -> 0.027614979 | I33: =INDEX(I$1:I$22,$D54,1) -> 0.027399265 | ... CS33: =INDEX(CS$1:CS$22,$D54,1) -> 2.499315
A34: Tardiphaga | B34: =INDEX(B$1:B$22,$D55,1) -> 0.025810303 | C34: =INDEX(C$1:C$22,$D55,1) -> 0.029003494 | D34: =INDEX(D$1:D$22,$D55,1) -> 0.015842552 | E34: =INDEX(E$1:E$22,$D55,1) -> 0.0073730121 | F34: =INDEX(F$1:F$22,$D55,1) -> 0.0082243965 | G34: =INDEX(G$1:G$22,$D55,1) -> 0.0052597703 | H34: =INDEX(H$1:H$22,$D55,1) -> 0.089640323 | I34: =INDEX(I$1:I$22,$D55,1) -> 0.016979222 | ... CS34: =INDEX(CS$1:CS$22,$D55,1) -> 2.4427386
A35: Rahnella | B35: =INDEX(B$1:B$22,$D56,1) -> 0.018222558 | C35: =INDEX(C$1:C$22,$D56,1) -> 0.21859147 | D35: =INDEX(D$1:D$22,$D56,1) -> 0.051038576 | E35: =INDEX(E$1:E$22,$D56,1) -> 0.016843715 | F35: =INDEX(F$1:F$22,$D56,1) -> 0.054420003 | G35: =INDEX(G$1:G$22,$D56,1) -> 2.4915977 | H35: =INDEX(H$1:H$22,$D56,1) -> 0.053012783 | I35: =INDEX(I$1:I$22,$D56,1) -> 0.040922385 | ... CS35: =INDEX(CS$1:CS$22,$D56,1) -> 0.033086636
A36: Rhodococcus | B36: =INDEX(B$1:B$22,$D57,1) -> 0.042548864 | C36: =INDEX(C$1:C$22,$D57,1) -> 2.4735475 | D36: =INDEX(D$1:D$22,$D57,1) -> 0.16515362 | E36: =INDEX(E$1:E$22,$D57,1) -> 2.4704485 | F36: =INDEX(F$1:F$22,$D57,1) -> 1.0021946 | G36: =INDEX(G$1:G$22,$D57,1) -> 0.088008654 | H36: =INDEX(H$1:H$22,$D57,1) -> 2.497579 | I36: =INDEX(I$1:I$22,$D57,1) -> 0.10450151 | ... CS36: =INDEX(CS$1:CS$22,$D57,1) -> 0.052288025
A37: Burkholderia | B37: =INDEX(B$1:B$22,$D58,1) -> 0.060061752 | C37: =INDEX(C$1:C$22,$D58,1) -> 0.032366839 | D37: =INDEX(D$1:D$22,$D58,1) -> 0.028587918 | E37: =INDEX(E$1:E$22,$D58,1) -> 0.067233944 | F37: =INDEX(F$1:F$22,$D58,1) -> 0.043524741 | G37: =INDEX(G$1:G$22,$D58,1) -> 0.025725649 | H37: =INDEX(H$1:H$22,$D58,1) -> 0.044126184 | I37: =INDEX(I$1:I$22,$D58,1) -> 0.09746585 | ... CS37: =INDEX(CS$1:CS$22,$D58,1) -> 0.049524304
... A45: Pseudomonas2 | B45: =INDEX(B$1:B$22,$D66,1) -> 0.015795385 | C45: =INDEX(C$1:C$22,$D66,1) -> 0.041164135 | D45: =INDEX(D$1:D$22,$D66,1) -> 0.17184863 | E45: =INDEX(E$1:E$22,$D66,1) -> 2.481999 | F45: =INDEX(F$1:F$22,$D66,1) -> 2.4999306 | G45: =INDEX(G$1:G$22,$D66,1) -> 2.4350809 | H45: =INDEX(H$1:H$22,$D66,1) -> 0.178648 | I45: =INDEX(I$1:I$22,$D66,1) -> 2.4426123 | ... CS45: =INDEX(CS$1:CS$22,$D66,1) -> 0.072696638
A47: Chitinophaga | B47: 2 | C47: Cellulomonas | D47: =VLOOKUP(C47,$A$47:$B$67,2,0) -> 15 | E47: Cellulomonas | F47: =VLOOKUP(E47,$A$47:$B$67,2,0) -> 15
A48: Rahnella | B48: 3 | C48: Bradyrhizobium | D48: =VLOOKUP(C48,$A$47:$B$67,2,0) -> 16 | E48: Bradyrhizobium | F48: =VLOOKUP(E48,$A$47:$B$67,2,0) -> 16
A49: Burkholderia | B49: 4 | C49: Luteibacter | D49: =VLOOKUP(C49,$A$47:$B$67,2,0) -> 14 | E49: Luteibacter | F49: =VLOOKUP(E49,$A$47:$B$67,2,0) -> 14
A50: Tardiphaga | B50: 5 | C50: Phenylobacterium | D50: =VLOOKUP(C50,$A$47:$B$67,2,0) -> 13 | E50: Phenylobacterium | F50: =VLOOKUP(E50,$A$47:$B$67,2,0) -> 13
A51: Cohnella | B51: 6 | C51: Mesorhizobium | D51: =VLOOKUP(C51,$A$47:$B$67,2,0) -> 12 | E51: Mesorhizobium | F51: =VLOOKUP(E51,$A$47:$B$67,2,0) -> 12
A52: Devosia | B52: 7 | C52: Caulobacter | D52: =VLOOKUP(C52,$A$47:$B$67,2,0) -> 9 | E52: Lysobacter | F52: =VLOOKUP(E52,$A$47:$B$67,2,0) -> 11
A53: Pseudomonas1 | B53: 8 | C53: Devosia | D53: =VLOOKUP(C53,$A$47:$B$67,2,0) -> 7 | E53: Caulobacter | F53: =VLOOKUP(E53,$A$47:$B$67,2,0) -> 9
A54: Caulobacter | B54: 9 | C54: Cohnella | D54: =VLOOKUP(C54,$A$47:$B$67,2,0) -> 6 | E54: Devosia | F54: =VLOOKUP(E54,$A$47:$B$67,2,0) -> 7
A55: Pseudomonas2 | B55: 10 | C55: Tardiphaga | D55: =VLOOKUP(C55,$A$47:$B$67,2,0) -> 5 | E55: Cohnella | F55: =VLOOKUP(E55,$A$47:$B$67,2,0) -> 6
A56: Lysobacter | B56: 11 | C56: Rahnella | D56: =VLOOKUP(C56,$A$47:$B$67,2,0) -> 3 | E56: Tardiphaga | F56: =VLOOKUP(E56,$A$47:$B$67,2,0) -> 5
A57: Mesorhizobium | B57: 12 | C57: Rhodococcus | D57: =VLOOKUP(C57,$A$47:$B$67,2,0) -> 17 | E57: Rahnella | F57: =VLOOKUP(E57,$A$47:$B$67,2,0) -> 3
A58: Phenylobacterium | B58: 13 | C58: Burkholderia | D58: =VLOOKUP(C58,$A$47:$B$67,2,0) -> 4 | E58: Rhodococcus | F58: =VLOOKUP(E58,$A$47:$B$67,2,0) -> 17
... A66: Flavobacterium | B66: 21 | C66: Pseudomonas2 | D66: =VLOOKUP(C66,$A$47:$B$67,2,0) -> 10 | E66: Pseudomonas1 | F66: =VLOOKUP(E66,$A$47:$B$67,2,0) -> 8
A67: Variovorax | B67: 22 | D67: =VLOOKUP(C67,$A$47:$B$67,2,0) -> #N/A | E67: Pseudomonas2 | F67: =VLOOKUP(E67,$A$47:$B$67,2,0) -> 10
A69: Mu_max
A70: Resources/Species
A71: Chitinophaga | B71: =IF('Parameters from R'!B26<=2.5,'Parameters from R'!B26,NA()) -> 0 | C71: =IF('Parameters from R'!C26<=2.5,'Parameters from R'!C26,NA()) -> 0 | D71: =IF('Parameters from R'!D26<=2.5,'Parameters from R'!D26,NA()) -> 0 | E71: =IF('Parameters from R'!E26<=2.5,'Parameters from R'!E26,NA()) -> 0 | F71: =IF('Parameters from R'!F26<=2.5,'Parameters from R'!F26,NA()) -> 0 | G71: =IF('Parameters from R'!G26<=2.5,'Parameters from R'!G26,NA()) -> 0 | H71: =IF('Parameters from R'!H26<=2.5,'Parameters from R'!H26,NA()) -> 0 | I71: =IF('Parameters from R'!I26<=2.5,'Parameters from R'!I26,NA()) -> 0 | ... CS71: =IF('Parameters from R'!CS26<=2.5,'Parameters from R'!CS26,NA()) -> 0
A72: Rahnella | B72: =IF('Parameters from R'!B27<=2.5,'Parameters from R'!B27,NA()) -> 0 | C72: =IF('Parameters from R'!C27<=2.5,'Parameters from R'!C27,NA()) -> 0.34239395 | D72: =IF('Parameters from R'!D27<=2.5,'Parameters from R'!D27,NA()) -> 0 | E72: =IF('Parameters from R'!E27<=2.5,'Parameters from R'!E27,NA()) -> 0 | F72: =IF('Parameters from R'!F27<=2.5,'Parameters from R'!F27,NA()) -> 0 | G72: =IF('Parameters from R'!G27<=2.5,'Parameters from R'!G27,NA()) -> 2.4998788 | H72: =IF('Parameters from R'!H27<=2.5,'Parameters from R'!H27,NA()) -> 0 | I72: =IF('Parameters from R'!I27<=2.5,'Parameters from R'!I27,NA()) -> 0 | ... CS72: =IF('Parameters from R'!CS27<=2.5,'Parameters from R'!CS27,NA()) -> 0
A73: Burkholderia | B73: =IF('Parameters from R'!B28<=2.5,'Parameters from R'!B28,NA()) -> 0 | C73: =IF('Parameters from R'!C28<=2.5,'Parameters from R'!C28,NA()) -> 0.10041575 | D73: =IF('Parameters from R'!D28<=2.5,'Parameters from R'!D28,NA()) -> 0.14778592 | E73: =IF('Parameters from R'!E28<=2.5,'Parameters from R'!E28,NA()) -> 0.085575845 | F73: =IF('Parameters from R'!F28<=2.5,'Parameters from R'!F28,NA()) -> 0 | G73: =IF('Parameters from R'!G28<=2.5,'Parameters from R'!G28,NA()) -> 0.085405597 | H73: =IF('Parameters from R'!H28<=2.5,'Parameters from R'!H28,NA()) -> 0.12009366 | I73: =IF('Parameters from R'!I28<=2.5,'Parameters from R'!I28,NA()) -> 0.097527354 | ... CS73: =IF('Parameters from R'!CS28<=2.5,'Parameters from R'!CS28,NA()) -> 0
A74: Tardiphaga | B74: =IF('Parameters from R'!B29<=2.5,'Parameters from R'!B29,NA()) -> 0 | C74: =IF('Parameters from R'!C29<=2.5,'Parameters from R'!C29,NA()) -> 0 | D74: =IF('Parameters from R'!D29<=2.5,'Parameters from R'!D29,NA()) -> 0 | E74: =IF('Parameters from R'!E29<=2.5,'Parameters from R'!E29,NA()) -> 0 | F74: =IF('Parameters from R'!F29<=2.5,'Parameters from R'!F29,NA()) -> 0 | G74: =IF('Parameters from R'!G29<=2.5,'Parameters from R'!G29,NA()) -> 0 | H74: =IF('Parameters from R'!H29<=2.5,'Parameters from R'!H29,NA()) -> 0 | I74: =IF('Parameters from R'!I29<=2.5,'Parameters from R'!I29,NA()) -> 0 | ... CS74: =IF('Parameters from R'!CS29<=2.5,'Parameters from R'!CS29,NA()) -> 0
A75: Cohnella | B75: =IF('Parameters from R'!B30<=2.5,'Parameters from R'!B30,NA()) -> 0 | C75: =IF('Parameters from R'!C30<=2.5,'Parameters from R'!C30,NA()) -> 0 | D75: =IF('Parameters from R'!D30<=2.5,'Parameters from R'!D30,NA()) -> 0 | E75: =IF('Parameters from R'!E30<=2.5,'Parameters from R'!E30,NA()) -> 0 | F75: =IF('Parameters from R'!F30<=2.5,'Parameters from R'!F30,NA()) -> 0 | G75: =IF('Parameters from R'!G30<=2.5,'Parameters from R'!G30,NA()) -> 0 | H75: =IF('Parameters from R'!H30<=2.5,'Parameters from R'!H30,NA()) -> 0 | I75: =IF('Parameters from R'!I30<=2.5,'Parameters from R'!I30,NA()) -> 0 | ... CS75: =IF('Parameters from R'!CS30<=2.5,'Parameters from R'!CS30,NA()) -> 0
A76: Devosia | B76: =IF('Parameters from R'!B31<=2.5,'Parameters from R'!B31,NA()) -> 0 | C76: =IF('Parameters from R'!C31<=2.5,'Parameters from R'!C31,NA()) -> 0 | D76: =IF('Parameters from R'!D31<=2.5,'Parameters from R'!D31,NA()) -> 0 | E76: =IF('Parameters from R'!E31<=2.5,'Parameters from R'!E31,NA()) -> 0 | F76: =IF('Parameters from R'!F31<=2.5,'Parameters from R'!F31,NA()) -> 0 | G76: =IF('Parameters from R'!G31<=2.5,'Parameters from R'!G31,NA()) -> 0 | H76: =IF('Parameters from R'!H31<=2.5,'Parameters from R'!H31,NA()) -> 0 | I76: =IF('Parameters from R'!I31<=2.5,'Parameters from R'!I31,NA()) -> 0 | ... CS76: =IF('Parameters from R'!CS31<=2.5,'Parameters from R'!CS31,NA()) -> 0
A77: Pseudomonas1 | B77: =IF('Parameters from R'!B32<=2.5,'Parameters from R'!B32,NA()) -> 0 | C77: =IF('Parameters from R'!C32<=2.5,'Parameters from R'!C32,NA()) -> 0 | D77: =IF('Parameters from R'!D32<=2.5,'Parameters from R'!D32,NA()) -> 2.2317654 | E77: =IF('Parameters from R'!E32<=2.5,'Parameters from R'!E32,NA()) -> 0.070559217 | F77: =IF('Parameters from R'!F32<=2.5,'Parameters from R'!F32,NA()) -> 0 | G77: =IF('Parameters from R'!G32<=2.5,'Parameters from R'!G32,NA()) -> 0 | H77: =IF('Parameters from R'!H32<=2.5,'Parameters from R'!H32,NA()) -> 2.1368982 | I77: =IF('Parameters from R'!I32<=2.5,'Parameters from R'!I32,NA()) -> 0.085779095 | ... CS77: =IF('Parameters from R'!CS32<=2.5,'Parameters from R'!CS32,NA()) -> 2.4858132
A78: Caulobacter | B78: =IF('Parameters from R'!B33<=2.5,'Parameters from R'!B33,NA()) -> 0 | C78: =IF('Parameters from R'!C33<=2.5,'Parameters from R'!C33,NA()) -> 0 | D78: =IF('Parameters from R'!D33<=2.5,'Parameters from R'!D33,NA()) -> 0 | E78: =IF('Parameters from R'!E33<=2.5,'Parameters from R'!E33,NA()) -> 0 | F78: =IF('Parameters from R'!F33<=2.5,'Parameters from R'!F33,NA()) -> 0 | G78: =IF('Parameters from R'!G33<=2.5,'Parameters from R'!G33,NA()) -> 0 | H78: =IF('Parameters from R'!H33<=2.5,'Parameters from R'!H33,NA()) -> 0 | I78: =IF('Parameters from R'!I33<=2.5,'Parameters from R'!I33,NA()) -> 0 | ... CS78: =IF('Parameters from R'!CS33<=2.5,'Parameters from R'!CS33,NA()) -> 0
A79: Pseudomonas2 | B79: =IF('Parameters from R'!B34<=2.5,'Parameters from R'!B34,NA()) -> 0 | C79: =IF('Parameters from R'!C34<=2.5,'Parameters from R'!C34,NA()) -> 0 | D79: =IF('Parameters from R'!D34<=2.5,'Parameters from R'!D34,NA()) -> 0.17183619 | E79: =IF('Parameters from R'!E34<=2.5,'Parameters from R'!E34,NA()) -> 0.24227811 | F79: =IF('Parameters from R'!F34<=2.5,'Parameters from R'!F34,NA()) -> 0 | G79: =IF('Parameters from R'!G34<=2.5,'Parameters from R'!G34,NA()) -> 0 | H79: =IF('Parameters from R'!H34<=2.5,'Parameters from R'!H34,NA()) -> 0.23524244 | I79: =IF('Parameters from R'!I34<=2.5,'Parameters from R'!I34,NA()) -> 0.22177497 | ... CS79: =IF('Parameters from R'!CS34<=2.5,'Parameters from R'!CS34,NA()) -> 0.10893454
A80: Lysobacter | B80: =IF('Parameters from R'!B35<=2.5,'Parameters from R'!B35,NA()) -> 0 | C80: =IF('Parameters from R'!C35<=2.5,'Parameters from R'!C35,NA()) -> 0 | D80: =IF('Parameters from R'!D35<=2.5,'Parameters from R'!D35,NA()) -> 0 | E80: =IF('Parameters from R'!E35<=2.5,'Parameters from R'!E35,NA()) -> 0 | F80: =IF('Parameters from R'!F35<=2.5,'Parameters from R'!F35,NA()) -> 0 | G80: =IF('Parameters from R'!G35<=2.5,'Parameters from R'!G35,NA()) -> 0 | H80: =IF('Parameters from R'!H35<=2.5,'Parameters from R'!H35,NA()) -> 0 | I80: =IF('Parameters from R'!I35<=2.5,'Parameters from R'!I35,NA()) -> 0 | ... CS80: =IF('Parameters from R'!CS35<=2.5,'Parameters from R'!CS35,NA()) -> 0
A81: Mesorhizobium | B81: =IF('Parameters from R'!B36<=2.5,'Parameters from R'!B36,NA()) -> 0 | C81: =IF('Parameters from R'!C36<=2.5,'Parameters from R'!C36,NA()) -> 0 | D81: =IF('Parameters from R'!D36<=2.5,'Parameters from R'!D36,NA()) -> 0 | E81: =IF('Parameters from R'!E36<=2.5,'Parameters from R'!E36,NA()) -> 0 | F81: =IF('Parameters from R'!F36<=2.5,'Parameters from R'!F36,NA()) -> 0 | G81: =IF('Parameters from R'!G36<=2.5,'Parameters from R'!G36,NA()) -> 0 | H81: =IF('Parameters from R'!H36<=2.5,'Parameters from R'!H36,NA()) -> 0 | I81: =IF('Parameters from R'!I36<=2.5,'Parameters from R'!I36,NA()) -> 0 | ... CS81: =IF('Parameters from R'!CS36<=2.5,'Parameters from R'!CS36,NA()) -> 0
A82: Phenylobacterium | B82: =IF('Parameters from R'!B37<=2.5,'Parameters from R'!B37,NA()) -> 0 | C82: =IF('Parameters from R'!C37<=2.5,'Parameters from R'!C37,NA()) -> 0 | D82: =IF('Parameters from R'!D37<=2.5,'Parameters from R'!D37,NA()) -> 0 | E82: =IF('Parameters from R'!E37<=2.5,'Parameters from R'!E37,NA()) -> 0 | F82: =IF('Parameters from R'!F37<=2.5,'Parameters from R'!F37,NA()) -> 0 | G82: =IF('Parameters from R'!G37<=2.5,'Parameters from R'!G37,NA()) -> 0 | H82: =IF('Parameters from R'!H37<=2.5,'Parameters from R'!H37,NA()) -> 0 | I82: =IF('Parameters from R'!I37<=2.5,'Parameters from R'!I37,NA()) -> 0 | ... CS82: =IF('Parameters from R'!CS37<=2.5,'Parameters from R'!CS37,NA()) -> 0
... A91: Variovorax | B91: =IF('Parameters from R'!B46<=2.5,'Parameters from R'!B46,NA()) -> 0 | C91: =IF('Parameters from R'!C46<=2.5,'Parameters from R'!C46,NA()) -> 0 | D91: =IF('Parameters from R'!D46<=2.5,'Parameters from R'!D46,NA()) -> 0.049720487 | E91: =IF('Parameters from R'!E46<=2.5,'Parameters from R'!E46,NA()) -> 0 | F91: =IF('Parameters from R'!F46<=2.5,'Parameters from R'!F46,NA()) -> 0 | G91: =IF('Parameters from R'!G46<=2.5,'Parameters from R'!G46,NA()) -> 0 | H91: =IF('Parameters from R'!H46<=2.5,'Parameters from R'!H46,NA()) -> 0.066314437 | I91: =IF('Parameters from R'!I46<=2.5,'Parameters from R'!I46,NA()) -> 0 | ... CS91: =IF('Parameters from R'!CS46<=2.5,'Parameters from R'!CS46,NA()) -> 0
A93: Sorted
A94: Cellulomonas | B94: =INDEX(B$70:B$91,$D47,1) -> 0 | C94: =INDEX(C$70:C$91,$D47,1) -> 0 | D94: =INDEX(D$70:D$91,$D47,1) -> 0 | E94: =INDEX(E$70:E$91,$D47,1) -> 0 | F94: =INDEX(F$70:F$91,$D47,1) -> 0 | G94: =INDEX(G$70:G$91,$D47,1) -> 0 | H94: =INDEX(H$70:H$91,$D47,1) -> 0 | I94: =INDEX(I$70:I$91,$D47,1) -> 0 | ... CS94: =INDEX(CS$70:CS$91,$D47,1) -> 0
